Entry	GO ID	GO Term	GO Link	Source
A0A075FBG7	GO:0009686	gibberellin biosynthetic process	https://www.ebi.ac.uk/QuickGO/term/GO:0009686	swiss_prot
A0A075FBG7	GO:1901946	miltiradiene biosynthetic process	https://www.ebi.ac.uk/QuickGO/term/GO:1901946	swiss_prot
A0A0A6ZFY4	GO:0002238	response to molecule of fungal origin	https://www.ebi.ac.uk/QuickGO/term/GO:0002238	swiss_prot
A0A0A6ZFY4	GO:0016135	saponin biosynthetic process	https://www.ebi.ac.uk/QuickGO/term/GO:0016135	swiss_prot
A0A0A6ZFY4	GO:0046246	terpene biosynthetic process	https://www.ebi.ac.uk/QuickGO/term/GO:0046246	swiss_prot
A0A0A6ZFY4	GO:0016114	terpenoid biosynthetic process	https://www.ebi.ac.uk/QuickGO/term/GO:0016114	swiss_prot
A0A0M3Q1Q3	GO:0016102	diterpenoid biosynthetic process	https://www.ebi.ac.uk/QuickGO/term/GO:0016102	swiss_prot
A0A0M3Q1Q3	GO:0009753	response to jasmonic acid	https://www.ebi.ac.uk/QuickGO/term/GO:0009753	swiss_prot
A0A0M3Q1Q3	GO:0009751	response to salicylic acid	https://www.ebi.ac.uk/QuickGO/term/GO:0009751	swiss_prot
A0A0M3Q1Q3	GO:0010225	response to UV-C	https://www.ebi.ac.uk/QuickGO/term/GO:0010225	swiss_prot
A0A0P0ZD79	GO:0043386	mycotoxin biosynthetic process	https://www.ebi.ac.uk/QuickGO/term/GO:0043386	swiss_prot
A0A0P0ZD79	GO:0016114	terpenoid biosynthetic process	https://www.ebi.ac.uk/QuickGO/term/GO:0016114	swiss_prot
A0A1D6EFT8	GO:0050832	defense response to fungus	https://www.ebi.ac.uk/QuickGO/term/GO:0050832	swiss_prot
A0A1D6EFT8	GO:0016102	diterpenoid biosynthetic process	https://www.ebi.ac.uk/QuickGO/term/GO:0016102	swiss_prot
A0A1D6EFT8	GO:0051762	sesquiterpene biosynthetic process	https://www.ebi.ac.uk/QuickGO/term/GO:0051762	swiss_prot
A0A1D6EFT8	GO:0046246	terpene biosynthetic process	https://www.ebi.ac.uk/QuickGO/term/GO:0046246	swiss_prot
A0A1D6HSP4	GO:0080027	response to herbivore	https://www.ebi.ac.uk/QuickGO/term/GO:0080027	swiss_prot
A0A1D6HSP4	GO:0016114	terpenoid biosynthetic process	https://www.ebi.ac.uk/QuickGO/term/GO:0016114	swiss_prot
A0A1D6K6U5	GO:0051502	diterpene phytoalexin biosynthetic process	https://www.ebi.ac.uk/QuickGO/term/GO:0051502	swiss_prot
A0A1D6K6U5	GO:0016102	diterpenoid biosynthetic process	https://www.ebi.ac.uk/QuickGO/term/GO:0016102	swiss_prot
A0A1D6K6U5	GO:0009686	gibberellin biosynthetic process	https://www.ebi.ac.uk/QuickGO/term/GO:0009686	swiss_prot
A0A1D6LTV0	GO:0016102	diterpenoid biosynthetic process	https://www.ebi.ac.uk/QuickGO/term/GO:0016102	swiss_prot
A0A1D6LTV0	GO:0009611	response to wounding	https://www.ebi.ac.uk/QuickGO/term/GO:0009611	swiss_prot
A0A1D6LTV0	GO:0016114	terpenoid biosynthetic process	https://www.ebi.ac.uk/QuickGO/term/GO:0016114	swiss_prot
A0A1E1FFL0	GO:0140874	paraherquonin biosynthetic process	https://www.ebi.ac.uk/QuickGO/term/GO:0140874	swiss_prot
A0A1L6Z3A0	GO:0016102	diterpenoid biosynthetic process	https://www.ebi.ac.uk/QuickGO/term/GO:0016102	swiss_prot
A0A1S5RW73	GO:0016102	diterpenoid biosynthetic process	https://www.ebi.ac.uk/QuickGO/term/GO:0016102	swiss_prot
A0A1S5RW73	GO:0009686	gibberellin biosynthetic process	https://www.ebi.ac.uk/QuickGO/term/GO:0009686	swiss_prot
A0A1V0E492	GO:1901937	beta-caryophyllene biosynthetic process	https://www.ebi.ac.uk/QuickGO/term/GO:1901937	swiss_prot
A0A1V0E492	GO:0016102	diterpenoid biosynthetic process	https://www.ebi.ac.uk/QuickGO/term/GO:0016102	swiss_prot
A0A1V0E492	GO:0010597	green leaf volatile biosynthetic process	https://www.ebi.ac.uk/QuickGO/term/GO:0010597	swiss_prot
A0A1V0E492	GO:0051762	sesquiterpene biosynthetic process	https://www.ebi.ac.uk/QuickGO/term/GO:0051762	swiss_prot
A0A1V0E4A6	GO:1901928	cadinene biosynthetic process	https://www.ebi.ac.uk/QuickGO/term/GO:1901928	swiss_prot
A0A1V0E4A6	GO:0016102	diterpenoid biosynthetic process	https://www.ebi.ac.uk/QuickGO/term/GO:0016102	swiss_prot
A0A1V0E4A6	GO:0010597	green leaf volatile biosynthetic process	https://www.ebi.ac.uk/QuickGO/term/GO:0010597	swiss_prot
A0A1V0E4A6	GO:0051762	sesquiterpene biosynthetic process	https://www.ebi.ac.uk/QuickGO/term/GO:0051762	swiss_prot
A0A1V0QSF9	GO:0016102	diterpenoid biosynthetic process	https://www.ebi.ac.uk/QuickGO/term/GO:0016102	swiss_prot
A0A1V0QSG0	GO:0016102	diterpenoid biosynthetic process	https://www.ebi.ac.uk/QuickGO/term/GO:0016102	swiss_prot
A0A1V0QSG6	GO:0016102	diterpenoid biosynthetic process	https://www.ebi.ac.uk/QuickGO/term/GO:0016102	swiss_prot
A0A1V0QSH2	GO:0046248	alpha-pinene biosynthetic process	https://www.ebi.ac.uk/QuickGO/term/GO:0046248	swiss_prot
A0A1V0QSH2	GO:0016102	diterpenoid biosynthetic process	https://www.ebi.ac.uk/QuickGO/term/GO:0016102	swiss_prot
A0A1W6QDI7	GO:0009686	gibberellin biosynthetic process	https://www.ebi.ac.uk/QuickGO/term/GO:0009686	swiss_prot
A0A1W6QDI7	GO:1901946	miltiradiene biosynthetic process	https://www.ebi.ac.uk/QuickGO/term/GO:1901946	swiss_prot
A0A1W6QDI7	GO:0016114	terpenoid biosynthetic process	https://www.ebi.ac.uk/QuickGO/term/GO:0016114	swiss_prot
A0A2K9RFZ2	GO:0009686	gibberellin biosynthetic process	https://www.ebi.ac.uk/QuickGO/term/GO:0009686	swiss_prot
A0A2P2GK84				swiss_prot
A0A2R4QKX7	GO:1901931	alpha-copaene biosynthetic process	https://www.ebi.ac.uk/QuickGO/term/GO:1901931	swiss_prot
A0A2R4QKX7	GO:0016102	diterpenoid biosynthetic process	https://www.ebi.ac.uk/QuickGO/term/GO:0016102	swiss_prot
A0A2R4QKX7	GO:0010597	green leaf volatile biosynthetic process	https://www.ebi.ac.uk/QuickGO/term/GO:0010597	swiss_prot
A0A2R4QKX7	GO:0051762	sesquiterpene biosynthetic process	https://www.ebi.ac.uk/QuickGO/term/GO:0051762	swiss_prot
A0A348FUE1	GO:0008299	isoprenoid biosynthetic process	https://www.ebi.ac.uk/QuickGO/term/GO:0008299	swiss_prot
A0A348FUE1	GO:0043386	mycotoxin biosynthetic process	https://www.ebi.ac.uk/QuickGO/term/GO:0043386	swiss_prot
A0A386KZ50	GO:0071244	cellular response to carbon dioxide	https://www.ebi.ac.uk/QuickGO/term/GO:0071244	swiss_prot
A0A386KZ50	GO:0016036	cellular response to phosphate starvation	https://www.ebi.ac.uk/QuickGO/term/GO:0016036	swiss_prot
A0A3S5XFG0	GO:0043386	mycotoxin biosynthetic process	https://www.ebi.ac.uk/QuickGO/term/GO:0043386	swiss_prot
A0A3S5XFG0	GO:0016114	terpenoid biosynthetic process	https://www.ebi.ac.uk/QuickGO/term/GO:0016114	swiss_prot
A0A5M3MXY8				swiss_prot
A0A5S9I252				swiss_prot
A0A6P6W6H5	GO:0046248	alpha-pinene biosynthetic process	https://www.ebi.ac.uk/QuickGO/term/GO:0046248	swiss_prot
A0A6P6W6H5	GO:0016102	diterpenoid biosynthetic process	https://www.ebi.ac.uk/QuickGO/term/GO:0016102	swiss_prot
A0A6P6W6H5	GO:0046250	limonene biosynthetic process	https://www.ebi.ac.uk/QuickGO/term/GO:0046250	swiss_prot
A0A6P6W6H5	GO:0016098	monoterpenoid metabolic process	https://www.ebi.ac.uk/QuickGO/term/GO:0016098	swiss_prot
A0A858E6N7	GO:0008299	isoprenoid biosynthetic process	https://www.ebi.ac.uk/QuickGO/term/GO:0008299	swiss_prot
A0A858E7G0	GO:0008299	isoprenoid biosynthetic process	https://www.ebi.ac.uk/QuickGO/term/GO:0008299	swiss_prot
A0A8H7XP09				swiss_prot
A0A8H8CMW1				swiss_prot
A2PZA5	GO:0008299	isoprenoid biosynthetic process	https://www.ebi.ac.uk/QuickGO/term/GO:0008299	swiss_prot
A2PZA5	GO:0043386	mycotoxin biosynthetic process	https://www.ebi.ac.uk/QuickGO/term/GO:0043386	swiss_prot
A4FVP2	GO:0016102	diterpenoid biosynthetic process	https://www.ebi.ac.uk/QuickGO/term/GO:0016102	swiss_prot
A4FVP2	GO:0080027	response to herbivore	https://www.ebi.ac.uk/QuickGO/term/GO:0080027	swiss_prot
A4FVP2	GO:0009625	response to insect	https://www.ebi.ac.uk/QuickGO/term/GO:0009625	swiss_prot
A4FVP2	GO:0009753	response to jasmonic acid	https://www.ebi.ac.uk/QuickGO/term/GO:0009753	swiss_prot
A4FVP2	GO:0009611	response to wounding	https://www.ebi.ac.uk/QuickGO/term/GO:0009611	swiss_prot
A4FVP2	GO:0016106	sesquiterpenoid biosynthetic process	https://www.ebi.ac.uk/QuickGO/term/GO:0016106	swiss_prot
A5A8G0	GO:0016102	diterpenoid biosynthetic process	https://www.ebi.ac.uk/QuickGO/term/GO:0016102	swiss_prot
A5A8G0	GO:0033332	ent-kaurene biosynthetic process	https://www.ebi.ac.uk/QuickGO/term/GO:0033332	swiss_prot
A5Y5L5	GO:0046248	alpha-pinene biosynthetic process	https://www.ebi.ac.uk/QuickGO/term/GO:0046248	swiss_prot
A5Y5L5	GO:0007623	circadian rhythm	https://www.ebi.ac.uk/QuickGO/term/GO:0007623	swiss_prot
A5Y5L5	GO:0016102	diterpenoid biosynthetic process	https://www.ebi.ac.uk/QuickGO/term/GO:0016102	swiss_prot
A5Y5L5	GO:0010597	green leaf volatile biosynthetic process	https://www.ebi.ac.uk/QuickGO/term/GO:0010597	swiss_prot
A5Y5L5	GO:0046250	limonene biosynthetic process	https://www.ebi.ac.uk/QuickGO/term/GO:0046250	swiss_prot
A5Y5L5	GO:0043693	monoterpene biosynthetic process	https://www.ebi.ac.uk/QuickGO/term/GO:0043693	swiss_prot
A6XH05	GO:0046248	alpha-pinene biosynthetic process	https://www.ebi.ac.uk/QuickGO/term/GO:0046248	swiss_prot
A6XH05	GO:0016102	diterpenoid biosynthetic process	https://www.ebi.ac.uk/QuickGO/term/GO:0016102	swiss_prot
A6XH05	GO:0010597	green leaf volatile biosynthetic process	https://www.ebi.ac.uk/QuickGO/term/GO:0010597	swiss_prot
A6XH05	GO:0016099	monoterpenoid biosynthetic process	https://www.ebi.ac.uk/QuickGO/term/GO:0016099	swiss_prot
A6XH06	GO:0016102	diterpenoid biosynthetic process	https://www.ebi.ac.uk/QuickGO/term/GO:0016102	swiss_prot
A6XH06	GO:0010597	green leaf volatile biosynthetic process	https://www.ebi.ac.uk/QuickGO/term/GO:0010597	swiss_prot
A6XH06	GO:0016099	monoterpenoid biosynthetic process	https://www.ebi.ac.uk/QuickGO/term/GO:0016099	swiss_prot
A7IZZ1	GO:0016102	diterpenoid biosynthetic process	https://www.ebi.ac.uk/QuickGO/term/GO:0016102	swiss_prot
A7IZZ2	GO:0046248	alpha-pinene biosynthetic process	https://www.ebi.ac.uk/QuickGO/term/GO:0046248	swiss_prot
A7IZZ2	GO:0016102	diterpenoid biosynthetic process	https://www.ebi.ac.uk/QuickGO/term/GO:0016102	swiss_prot
B1W019	GO:0051762	sesquiterpene biosynthetic process	https://www.ebi.ac.uk/QuickGO/term/GO:0051762	swiss_prot
B1W019	GO:0016106	sesquiterpenoid biosynthetic process	https://www.ebi.ac.uk/QuickGO/term/GO:0016106	swiss_prot
B2C4D0	GO:1901937	beta-caryophyllene biosynthetic process	https://www.ebi.ac.uk/QuickGO/term/GO:1901937	swiss_prot
B2C4D0	GO:0002213	defense response to insect	https://www.ebi.ac.uk/QuickGO/term/GO:0002213	swiss_prot
B2C4D0	GO:0016102	diterpenoid biosynthetic process	https://www.ebi.ac.uk/QuickGO/term/GO:0016102	swiss_prot
B2C4D0	GO:0045339	farnesyl diphosphate catabolic process	https://www.ebi.ac.uk/QuickGO/term/GO:0045339	swiss_prot
B2C4D0	GO:0080027	response to herbivore	https://www.ebi.ac.uk/QuickGO/term/GO:0080027	swiss_prot
B2C4D0	GO:0009625	response to insect	https://www.ebi.ac.uk/QuickGO/term/GO:0009625	swiss_prot
B2C4D0	GO:0051762	sesquiterpene biosynthetic process	https://www.ebi.ac.uk/QuickGO/term/GO:0051762	swiss_prot
B2C4D0	GO:0016114	terpenoid biosynthetic process	https://www.ebi.ac.uk/QuickGO/term/GO:0016114	swiss_prot
B5HDJ6	GO:0016114	terpenoid biosynthetic process	https://www.ebi.ac.uk/QuickGO/term/GO:0016114	swiss_prot
B7FXW1	GO:0016126	sterol biosynthetic process	https://www.ebi.ac.uk/QuickGO/term/GO:0016126	swiss_prot
C5H429	GO:0009695	jasmonic acid biosynthetic process	https://www.ebi.ac.uk/QuickGO/term/GO:0009695	swiss_prot
C5H429	GO:0031408	oxylipin biosynthetic process	https://www.ebi.ac.uk/QuickGO/term/GO:0031408	swiss_prot
C5I9X1				swiss_prot
D5KXD2	GO:0016102	diterpenoid biosynthetic process	https://www.ebi.ac.uk/QuickGO/term/GO:0016102	swiss_prot
D5KXD2	GO:0016114	terpenoid biosynthetic process	https://www.ebi.ac.uk/QuickGO/term/GO:0016114	swiss_prot
E1XUJ2	GO:0043694	monoterpene catabolic process	https://www.ebi.ac.uk/QuickGO/term/GO:0043694	swiss_prot
E1XUJ2	GO:0016098	monoterpenoid metabolic process	https://www.ebi.ac.uk/QuickGO/term/GO:0016098	swiss_prot
E2E2N7	GO:0016102	diterpenoid biosynthetic process	https://www.ebi.ac.uk/QuickGO/term/GO:0016102	swiss_prot
E2E2P0	GO:0002213	defense response to insect	https://www.ebi.ac.uk/QuickGO/term/GO:0002213	swiss_prot
E2E2P0	GO:0016102	diterpenoid biosynthetic process	https://www.ebi.ac.uk/QuickGO/term/GO:0016102	swiss_prot
E2E2P0	GO:0033383	geranyl diphosphate metabolic process	https://www.ebi.ac.uk/QuickGO/term/GO:0033383	swiss_prot
E2E2P0	GO:0009625	response to insect	https://www.ebi.ac.uk/QuickGO/term/GO:0009625	swiss_prot
E2E2P0	GO:0009414	response to water deprivation	https://www.ebi.ac.uk/QuickGO/term/GO:0009414	swiss_prot
E4MYY0	GO:0016114	terpenoid biosynthetic process	https://www.ebi.ac.uk/QuickGO/term/GO:0016114	swiss_prot
E9F5E9	GO:0043386	mycotoxin biosynthetic process	https://www.ebi.ac.uk/QuickGO/term/GO:0043386	swiss_prot
E9F5E9	GO:0016114	terpenoid biosynthetic process	https://www.ebi.ac.uk/QuickGO/term/GO:0016114	swiss_prot
F1CKI6	GO:0016102	diterpenoid biosynthetic process	https://www.ebi.ac.uk/QuickGO/term/GO:0016102	swiss_prot
F1CKI6	GO:0010597	green leaf volatile biosynthetic process	https://www.ebi.ac.uk/QuickGO/term/GO:0010597	swiss_prot
F1CKI6	GO:0043693	monoterpene biosynthetic process	https://www.ebi.ac.uk/QuickGO/term/GO:0043693	swiss_prot
F1CKI6	GO:0016099	monoterpenoid biosynthetic process	https://www.ebi.ac.uk/QuickGO/term/GO:0016099	swiss_prot
F1CKI6	GO:0009753	response to jasmonic acid	https://www.ebi.ac.uk/QuickGO/term/GO:0009753	swiss_prot
F2XF95	GO:0046248	alpha-pinene biosynthetic process	https://www.ebi.ac.uk/QuickGO/term/GO:0046248	swiss_prot
F2XF95	GO:0016102	diterpenoid biosynthetic process	https://www.ebi.ac.uk/QuickGO/term/GO:0016102	swiss_prot
F2XF95	GO:0010597	green leaf volatile biosynthetic process	https://www.ebi.ac.uk/QuickGO/term/GO:0010597	swiss_prot
F2XF95	GO:0016099	monoterpenoid biosynthetic process	https://www.ebi.ac.uk/QuickGO/term/GO:0016099	swiss_prot
F2XF96	GO:0046248	alpha-pinene biosynthetic process	https://www.ebi.ac.uk/QuickGO/term/GO:0046248	swiss_prot
F2XF96	GO:0016102	diterpenoid biosynthetic process	https://www.ebi.ac.uk/QuickGO/term/GO:0016102	swiss_prot
F2XF96	GO:0010597	green leaf volatile biosynthetic process	https://www.ebi.ac.uk/QuickGO/term/GO:0010597	swiss_prot
F2XF96	GO:0016099	monoterpenoid biosynthetic process	https://www.ebi.ac.uk/QuickGO/term/GO:0016099	swiss_prot
F2XF99	GO:0016102	diterpenoid biosynthetic process	https://www.ebi.ac.uk/QuickGO/term/GO:0016102	swiss_prot
F2XF99	GO:0010597	green leaf volatile biosynthetic process	https://www.ebi.ac.uk/QuickGO/term/GO:0010597	swiss_prot
F2XF99	GO:0016099	monoterpenoid biosynthetic process	https://www.ebi.ac.uk/QuickGO/term/GO:0016099	swiss_prot
F2XF99	GO:0016106	sesquiterpenoid biosynthetic process	https://www.ebi.ac.uk/QuickGO/term/GO:0016106	swiss_prot
F2XFA8	GO:0046248	alpha-pinene biosynthetic process	https://www.ebi.ac.uk/QuickGO/term/GO:0046248	swiss_prot
F2XFA8	GO:0016102	diterpenoid biosynthetic process	https://www.ebi.ac.uk/QuickGO/term/GO:0016102	swiss_prot
F2XFA8	GO:0010597	green leaf volatile biosynthetic process	https://www.ebi.ac.uk/QuickGO/term/GO:0010597	swiss_prot
F2XFA8	GO:0016099	monoterpenoid biosynthetic process	https://www.ebi.ac.uk/QuickGO/term/GO:0016099	swiss_prot
F2XFB2	GO:0016102	diterpenoid biosynthetic process	https://www.ebi.ac.uk/QuickGO/term/GO:0016102	swiss_prot
F2XFB2	GO:0010597	green leaf volatile biosynthetic process	https://www.ebi.ac.uk/QuickGO/term/GO:0010597	swiss_prot
F2XFB2	GO:0009611	response to wounding	https://www.ebi.ac.uk/QuickGO/term/GO:0009611	swiss_prot
F8JK18	GO:0016114	terpenoid biosynthetic process	https://www.ebi.ac.uk/QuickGO/term/GO:0016114	swiss_prot
G0Y7D3	GO:0016102	diterpenoid biosynthetic process	https://www.ebi.ac.uk/QuickGO/term/GO:0016102	swiss_prot
G0Y7D3	GO:0010597	green leaf volatile biosynthetic process	https://www.ebi.ac.uk/QuickGO/term/GO:0010597	swiss_prot
G0Y7D3	GO:0043693	monoterpene biosynthetic process	https://www.ebi.ac.uk/QuickGO/term/GO:0043693	swiss_prot
G1JUH1	GO:0016102	diterpenoid biosynthetic process	https://www.ebi.ac.uk/QuickGO/term/GO:0016102	swiss_prot
G5CV52	GO:0016102	diterpenoid biosynthetic process	https://www.ebi.ac.uk/QuickGO/term/GO:0016102	swiss_prot
G5CV52	GO:0009753	response to jasmonic acid	https://www.ebi.ac.uk/QuickGO/term/GO:0009753	swiss_prot
G5CV52	GO:0016114	terpenoid biosynthetic process	https://www.ebi.ac.uk/QuickGO/term/GO:0016114	swiss_prot
G5CV54	GO:0016102	diterpenoid biosynthetic process	https://www.ebi.ac.uk/QuickGO/term/GO:0016102	swiss_prot
G5CV54	GO:0016114	terpenoid biosynthetic process	https://www.ebi.ac.uk/QuickGO/term/GO:0016114	swiss_prot
G8H5M7	GO:0016102	diterpenoid biosynthetic process	https://www.ebi.ac.uk/QuickGO/term/GO:0016102	swiss_prot
G8H5M7	GO:0016114	terpenoid biosynthetic process	https://www.ebi.ac.uk/QuickGO/term/GO:0016114	swiss_prot
G8H5M8	GO:0016102	diterpenoid biosynthetic process	https://www.ebi.ac.uk/QuickGO/term/GO:0016102	swiss_prot
G8H5M8	GO:0016114	terpenoid biosynthetic process	https://www.ebi.ac.uk/QuickGO/term/GO:0016114	swiss_prot
G8H5M9	GO:0016102	diterpenoid biosynthetic process	https://www.ebi.ac.uk/QuickGO/term/GO:0016102	swiss_prot
G8H5M9	GO:0016114	terpenoid biosynthetic process	https://www.ebi.ac.uk/QuickGO/term/GO:0016114	swiss_prot
G8H5N0	GO:0016102	diterpenoid biosynthetic process	https://www.ebi.ac.uk/QuickGO/term/GO:0016102	swiss_prot
G8H5N0	GO:0016114	terpenoid biosynthetic process	https://www.ebi.ac.uk/QuickGO/term/GO:0016114	swiss_prot
G8H5N1	GO:0016102	diterpenoid biosynthetic process	https://www.ebi.ac.uk/QuickGO/term/GO:0016102	swiss_prot
G8H5N1	GO:0016114	terpenoid biosynthetic process	https://www.ebi.ac.uk/QuickGO/term/GO:0016114	swiss_prot
G9MAN7	GO:1901949	5alpha,9alpha,10beta-labda-8(20),13-dien-15-yl diphosphate biosynthetic process	https://www.ebi.ac.uk/QuickGO/term/GO:1901949	swiss_prot
G9MAN7	GO:1901948	5alpha,9alpha,10beta-labda-8(20),13-dien-15-yl diphosphate catabolic process	https://www.ebi.ac.uk/QuickGO/term/GO:1901948	swiss_prot
G9MAN7	GO:1901946	miltiradiene biosynthetic process	https://www.ebi.ac.uk/QuickGO/term/GO:1901946	swiss_prot
H1ZV37	GO:0043694	monoterpene catabolic process	https://www.ebi.ac.uk/QuickGO/term/GO:0043694	swiss_prot
H1ZV37	GO:0016098	monoterpenoid metabolic process	https://www.ebi.ac.uk/QuickGO/term/GO:0016098	swiss_prot
H1ZV38	GO:0043694	monoterpene catabolic process	https://www.ebi.ac.uk/QuickGO/term/GO:0043694	swiss_prot
H1ZV38	GO:0016098	monoterpenoid metabolic process	https://www.ebi.ac.uk/QuickGO/term/GO:0016098	swiss_prot
H2ELN1	GO:0046248	alpha-pinene biosynthetic process	https://www.ebi.ac.uk/QuickGO/term/GO:0046248	swiss_prot
H2ELN1	GO:0007623	circadian rhythm	https://www.ebi.ac.uk/QuickGO/term/GO:0007623	swiss_prot
H2ELN1	GO:0016102	diterpenoid biosynthetic process	https://www.ebi.ac.uk/QuickGO/term/GO:0016102	swiss_prot
H2ELN1	GO:0010597	green leaf volatile biosynthetic process	https://www.ebi.ac.uk/QuickGO/term/GO:0010597	swiss_prot
H2ELN1	GO:0046250	limonene biosynthetic process	https://www.ebi.ac.uk/QuickGO/term/GO:0046250	swiss_prot
H2ELN1	GO:0016114	terpenoid biosynthetic process	https://www.ebi.ac.uk/QuickGO/term/GO:0016114	swiss_prot
H3JQW0	GO:0019383	(+)-camphor catabolic process	https://www.ebi.ac.uk/QuickGO/term/GO:0019383	swiss_prot
H6U1I8	GO:0008299	isoprenoid biosynthetic process	https://www.ebi.ac.uk/QuickGO/term/GO:0008299	swiss_prot
H6U1I8	GO:0009611	response to wounding	https://www.ebi.ac.uk/QuickGO/term/GO:0009611	swiss_prot
H6WZF2	GO:0007623	circadian rhythm	https://www.ebi.ac.uk/QuickGO/term/GO:0007623	swiss_prot
H6WZF2	GO:0016102	diterpenoid biosynthetic process	https://www.ebi.ac.uk/QuickGO/term/GO:0016102	swiss_prot
H6WZF2	GO:0010597	green leaf volatile biosynthetic process	https://www.ebi.ac.uk/QuickGO/term/GO:0010597	swiss_prot
H6WZF2	GO:0046250	limonene biosynthetic process	https://www.ebi.ac.uk/QuickGO/term/GO:0046250	swiss_prot
H6WZF2	GO:0016114	terpenoid biosynthetic process	https://www.ebi.ac.uk/QuickGO/term/GO:0016114	swiss_prot
H8ZM70	GO:0016102	diterpenoid biosynthetic process	https://www.ebi.ac.uk/QuickGO/term/GO:0016102	swiss_prot
I1RL14	GO:0043386	mycotoxin biosynthetic process	https://www.ebi.ac.uk/QuickGO/term/GO:0043386	swiss_prot
I1RL14	GO:0016114	terpenoid biosynthetic process	https://www.ebi.ac.uk/QuickGO/term/GO:0016114	swiss_prot
I7H727	GO:0016102	diterpenoid biosynthetic process	https://www.ebi.ac.uk/QuickGO/term/GO:0016102	swiss_prot
I7H727	GO:0051762	sesquiterpene biosynthetic process	https://www.ebi.ac.uk/QuickGO/term/GO:0051762	swiss_prot
J7FIX8	GO:0008299	isoprenoid biosynthetic process	https://www.ebi.ac.uk/QuickGO/term/GO:0008299	swiss_prot
J7FIX8	GO:0043386	mycotoxin biosynthetic process	https://www.ebi.ac.uk/QuickGO/term/GO:0043386	swiss_prot
K7WDL7	GO:0016099	monoterpenoid biosynthetic process	https://www.ebi.ac.uk/QuickGO/term/GO:0016099	swiss_prot
K7WQ45	GO:0016094	polyprenol biosynthetic process	https://www.ebi.ac.uk/QuickGO/term/GO:0016094	swiss_prot
O48651	GO:0009723	response to ethylene	https://www.ebi.ac.uk/QuickGO/term/GO:0009723	swiss_prot
O48651	GO:0042542	response to hydrogen peroxide	https://www.ebi.ac.uk/QuickGO/term/GO:0042542	swiss_prot
O48651	GO:0009753	response to jasmonic acid	https://www.ebi.ac.uk/QuickGO/term/GO:0009753	swiss_prot
O48651	GO:0010038	response to metal ion	https://www.ebi.ac.uk/QuickGO/term/GO:0010038	swiss_prot
O48651	GO:0002238	response to molecule of fungal origin	https://www.ebi.ac.uk/QuickGO/term/GO:0002238	swiss_prot
O48651	GO:0071731	response to nitric oxide	https://www.ebi.ac.uk/QuickGO/term/GO:0071731	swiss_prot
O48651	GO:0009751	response to salicylic acid	https://www.ebi.ac.uk/QuickGO/term/GO:0009751	swiss_prot
O48651	GO:1902438	response to vanadate(3-)	https://www.ebi.ac.uk/QuickGO/term/GO:1902438	swiss_prot
O48651	GO:0016126	sterol biosynthetic process	https://www.ebi.ac.uk/QuickGO/term/GO:0016126	swiss_prot
O48651	GO:0046246	terpene biosynthetic process	https://www.ebi.ac.uk/QuickGO/term/GO:0046246	swiss_prot
O48666	GO:0045338	farnesyl diphosphate metabolic process	https://www.ebi.ac.uk/QuickGO/term/GO:0045338	swiss_prot
O48666	GO:0009723	response to ethylene	https://www.ebi.ac.uk/QuickGO/term/GO:0009723	swiss_prot
O48666	GO:0042542	response to hydrogen peroxide	https://www.ebi.ac.uk/QuickGO/term/GO:0042542	swiss_prot
O48666	GO:0009753	response to jasmonic acid	https://www.ebi.ac.uk/QuickGO/term/GO:0009753	swiss_prot
O48666	GO:0002238	response to molecule of fungal origin	https://www.ebi.ac.uk/QuickGO/term/GO:0002238	swiss_prot
O48666	GO:0071731	response to nitric oxide	https://www.ebi.ac.uk/QuickGO/term/GO:0071731	swiss_prot
O48666	GO:0009751	response to salicylic acid	https://www.ebi.ac.uk/QuickGO/term/GO:0009751	swiss_prot
O48666	GO:1902438	response to vanadate(3-)	https://www.ebi.ac.uk/QuickGO/term/GO:1902438	swiss_prot
O48666	GO:0016135	saponin biosynthetic process	https://www.ebi.ac.uk/QuickGO/term/GO:0016135	swiss_prot
O48666	GO:0016104	triterpenoid biosynthetic process	https://www.ebi.ac.uk/QuickGO/term/GO:0016104	swiss_prot
O50406	GO:0010350	cellular response to magnesium starvation	https://www.ebi.ac.uk/QuickGO/term/GO:0010350	swiss_prot
O50406	GO:0033385	geranylgeranyl diphosphate metabolic process	https://www.ebi.ac.uk/QuickGO/term/GO:0033385	swiss_prot
O50406	GO:0035440	tuberculosinol biosynthetic process	https://www.ebi.ac.uk/QuickGO/term/GO:0035440	swiss_prot
O64961	GO:0016102	diterpenoid biosynthetic process	https://www.ebi.ac.uk/QuickGO/term/GO:0016102	swiss_prot
O64961	GO:0016114	terpenoid biosynthetic process	https://www.ebi.ac.uk/QuickGO/term/GO:0016114	swiss_prot
O81192	GO:0046211	(+)-camphor biosynthetic process	https://www.ebi.ac.uk/QuickGO/term/GO:0046211	swiss_prot
O81192	GO:0016102	diterpenoid biosynthetic process	https://www.ebi.ac.uk/QuickGO/term/GO:0016102	swiss_prot
O82140	GO:0009723	response to ethylene	https://www.ebi.ac.uk/QuickGO/term/GO:0009723	swiss_prot
O82140	GO:0042542	response to hydrogen peroxide	https://www.ebi.ac.uk/QuickGO/term/GO:0042542	swiss_prot
O82140	GO:0009753	response to jasmonic acid	https://www.ebi.ac.uk/QuickGO/term/GO:0009753	swiss_prot
O82140	GO:0010038	response to metal ion	https://www.ebi.ac.uk/QuickGO/term/GO:0010038	swiss_prot
O82140	GO:0002238	response to molecule of fungal origin	https://www.ebi.ac.uk/QuickGO/term/GO:0002238	swiss_prot
O82140	GO:0071731	response to nitric oxide	https://www.ebi.ac.uk/QuickGO/term/GO:0071731	swiss_prot
O82140	GO:0016104	triterpenoid biosynthetic process	https://www.ebi.ac.uk/QuickGO/term/GO:0016104	swiss_prot
P0C565	GO:0045337	farnesyl diphosphate biosynthetic process	https://www.ebi.ac.uk/QuickGO/term/GO:0045337	swiss_prot
P0C565	GO:0008299	isoprenoid biosynthetic process	https://www.ebi.ac.uk/QuickGO/term/GO:0008299	swiss_prot
P0DI76	GO:0050832	defense response to fungus	https://www.ebi.ac.uk/QuickGO/term/GO:0050832	swiss_prot
P0DI76	GO:0016102	diterpenoid biosynthetic process	https://www.ebi.ac.uk/QuickGO/term/GO:0016102	swiss_prot
P0DI76	GO:0016099	monoterpenoid biosynthetic process	https://www.ebi.ac.uk/QuickGO/term/GO:0016099	swiss_prot
P0DI76	GO:0048364	root development	https://www.ebi.ac.uk/QuickGO/term/GO:0048364	swiss_prot
P0DI77	GO:0050832	defense response to fungus	https://www.ebi.ac.uk/QuickGO/term/GO:0050832	swiss_prot
P0DI77	GO:0016102	diterpenoid biosynthetic process	https://www.ebi.ac.uk/QuickGO/term/GO:0016102	swiss_prot
P0DI77	GO:0016099	monoterpenoid biosynthetic process	https://www.ebi.ac.uk/QuickGO/term/GO:0016099	swiss_prot
P0DI77	GO:0048364	root development	https://www.ebi.ac.uk/QuickGO/term/GO:0048364	swiss_prot
P0DO35	GO:0002213	defense response to insect	https://www.ebi.ac.uk/QuickGO/term/GO:0002213	swiss_prot
P0DO35	GO:0009625	response to insect	https://www.ebi.ac.uk/QuickGO/term/GO:0009625	swiss_prot
P0DO35	GO:0009753	response to jasmonic acid	https://www.ebi.ac.uk/QuickGO/term/GO:0009753	swiss_prot
P0DO35	GO:0009751	response to salicylic acid	https://www.ebi.ac.uk/QuickGO/term/GO:0009751	swiss_prot
P0DO35	GO:0010225	response to UV-C	https://www.ebi.ac.uk/QuickGO/term/GO:0010225	swiss_prot
P0DO35	GO:0016114	terpenoid biosynthetic process	https://www.ebi.ac.uk/QuickGO/term/GO:0016114	swiss_prot
P0DO38	GO:0009753	response to jasmonic acid	https://www.ebi.ac.uk/QuickGO/term/GO:0009753	swiss_prot
P0DO38	GO:0009751	response to salicylic acid	https://www.ebi.ac.uk/QuickGO/term/GO:0009751	swiss_prot
P0DO38	GO:0010225	response to UV-C	https://www.ebi.ac.uk/QuickGO/term/GO:0010225	swiss_prot
P0DO38	GO:0016114	terpenoid biosynthetic process	https://www.ebi.ac.uk/QuickGO/term/GO:0016114	swiss_prot
P0DO39	GO:0002213	defense response to insect	https://www.ebi.ac.uk/QuickGO/term/GO:0002213	swiss_prot
P0DO39	GO:0009625	response to insect	https://www.ebi.ac.uk/QuickGO/term/GO:0009625	swiss_prot
P0DO39	GO:0009414	response to water deprivation	https://www.ebi.ac.uk/QuickGO/term/GO:0009414	swiss_prot
P0DO39	GO:0016114	terpenoid biosynthetic process	https://www.ebi.ac.uk/QuickGO/term/GO:0016114	swiss_prot
P0DO41	GO:0009625	response to insect	https://www.ebi.ac.uk/QuickGO/term/GO:0009625	swiss_prot
P0DO41	GO:0016114	terpenoid biosynthetic process	https://www.ebi.ac.uk/QuickGO/term/GO:0016114	swiss_prot
P0DO42	GO:0016114	terpenoid biosynthetic process	https://www.ebi.ac.uk/QuickGO/term/GO:0016114	swiss_prot
P11712	GO:0008203	cholesterol metabolic process	https://www.ebi.ac.uk/QuickGO/term/GO:0008203	swiss_prot
P11712	GO:0019373	epoxygenase P450 pathway	https://www.ebi.ac.uk/QuickGO/term/GO:0019373	swiss_prot
P11712	GO:0008210	estrogen metabolic process	https://www.ebi.ac.uk/QuickGO/term/GO:0008210	swiss_prot
P11712	GO:0046456	icosanoid biosynthetic process	https://www.ebi.ac.uk/QuickGO/term/GO:0046456	swiss_prot
P11712	GO:0042759	long-chain fatty acid biosynthetic process	https://www.ebi.ac.uk/QuickGO/term/GO:0042759	swiss_prot
P11712	GO:0032787	monocarboxylic acid metabolic process	https://www.ebi.ac.uk/QuickGO/term/GO:0032787	swiss_prot
P11712	GO:0016098	monoterpenoid metabolic process	https://www.ebi.ac.uk/QuickGO/term/GO:0016098	swiss_prot
P11712	GO:0097267	omega-hydroxylase P450 pathway	https://www.ebi.ac.uk/QuickGO/term/GO:0097267	swiss_prot
P11712	GO:0090346	organofluorine metabolic process	https://www.ebi.ac.uk/QuickGO/term/GO:0090346	swiss_prot
P11712	GO:0070989	oxidative demethylation	https://www.ebi.ac.uk/QuickGO/term/GO:0070989	swiss_prot
P11712	GO:0008202	steroid metabolic process	https://www.ebi.ac.uk/QuickGO/term/GO:0008202	swiss_prot
P11712	GO:0019627	urea metabolic process	https://www.ebi.ac.uk/QuickGO/term/GO:0019627	swiss_prot
P11712	GO:0042178	xenobiotic catabolic process	https://www.ebi.ac.uk/QuickGO/term/GO:0042178	swiss_prot
P11712	GO:0006805	xenobiotic metabolic process	https://www.ebi.ac.uk/QuickGO/term/GO:0006805	swiss_prot
P13513	GO:0016106	sesquiterpenoid biosynthetic process	https://www.ebi.ac.uk/QuickGO/term/GO:0016106	swiss_prot
P29704	GO:0006696	ergosterol biosynthetic process	https://www.ebi.ac.uk/QuickGO/term/GO:0006696	swiss_prot
P29704	GO:0045338	farnesyl diphosphate metabolic process	https://www.ebi.ac.uk/QuickGO/term/GO:0045338	swiss_prot
P32476	GO:0006696	ergosterol biosynthetic process	https://www.ebi.ac.uk/QuickGO/term/GO:0006696	swiss_prot
P33247	GO:0019746	hopanoid biosynthetic process	https://www.ebi.ac.uk/QuickGO/term/GO:0019746	swiss_prot
P33261	GO:0019373	epoxygenase P450 pathway	https://www.ebi.ac.uk/QuickGO/term/GO:0019373	swiss_prot
P33261	GO:0001676	long-chain fatty acid metabolic process	https://www.ebi.ac.uk/QuickGO/term/GO:0001676	swiss_prot
P33261	GO:0016098	monoterpenoid metabolic process	https://www.ebi.ac.uk/QuickGO/term/GO:0016098	swiss_prot
P33261	GO:0097267	omega-hydroxylase P450 pathway	https://www.ebi.ac.uk/QuickGO/term/GO:0097267	swiss_prot
P33261	GO:0008202	steroid metabolic process	https://www.ebi.ac.uk/QuickGO/term/GO:0008202	swiss_prot
P33261	GO:0042178	xenobiotic catabolic process	https://www.ebi.ac.uk/QuickGO/term/GO:0042178	swiss_prot
P33261	GO:0006805	xenobiotic metabolic process	https://www.ebi.ac.uk/QuickGO/term/GO:0006805	swiss_prot
P36596	GO:0006696	ergosterol biosynthetic process	https://www.ebi.ac.uk/QuickGO/term/GO:0006696	swiss_prot
P36596	GO:0045338	farnesyl diphosphate metabolic process	https://www.ebi.ac.uk/QuickGO/term/GO:0045338	swiss_prot
P36596	GO:1902767	isoprenoid biosynthetic process via mevalonate	https://www.ebi.ac.uk/QuickGO/term/GO:1902767	swiss_prot
P37268	GO:0006695	cholesterol biosynthetic process	https://www.ebi.ac.uk/QuickGO/term/GO:0006695	swiss_prot
P37268	GO:0033489	cholesterol biosynthetic process via desmosterol	https://www.ebi.ac.uk/QuickGO/term/GO:0033489	swiss_prot
P37268	GO:0033490	cholesterol biosynthetic process via lathosterol	https://www.ebi.ac.uk/QuickGO/term/GO:0033490	swiss_prot
P37268	GO:0045338	farnesyl diphosphate metabolic process	https://www.ebi.ac.uk/QuickGO/term/GO:0045338	swiss_prot
P37268	GO:0006694	steroid biosynthetic process	https://www.ebi.ac.uk/QuickGO/term/GO:0006694	swiss_prot
P37268	GO:0036197	zymosterol biosynthetic process	https://www.ebi.ac.uk/QuickGO/term/GO:0036197	swiss_prot
P38604	GO:0006696	ergosterol biosynthetic process	https://www.ebi.ac.uk/QuickGO/term/GO:0006696	swiss_prot
P38604	GO:0016104	triterpenoid biosynthetic process	https://www.ebi.ac.uk/QuickGO/term/GO:0016104	swiss_prot
P38605	GO:0019745	pentacyclic triterpenoid biosynthetic process	https://www.ebi.ac.uk/QuickGO/term/GO:0019745	swiss_prot
P38605	GO:0009555	pollen development	https://www.ebi.ac.uk/QuickGO/term/GO:0009555	swiss_prot
P38605	GO:0010027	thylakoid membrane organization	https://www.ebi.ac.uk/QuickGO/term/GO:0010027	swiss_prot
P48449	GO:0006695	cholesterol biosynthetic process	https://www.ebi.ac.uk/QuickGO/term/GO:0006695	swiss_prot
P48449	GO:0033489	cholesterol biosynthetic process via desmosterol	https://www.ebi.ac.uk/QuickGO/term/GO:0033489	swiss_prot
P48449	GO:0033490	cholesterol biosynthetic process via lathosterol	https://www.ebi.ac.uk/QuickGO/term/GO:0033490	swiss_prot
P48449	GO:0031647	regulation of protein stability	https://www.ebi.ac.uk/QuickGO/term/GO:0031647	swiss_prot
P48449	GO:0006694	steroid biosynthetic process	https://www.ebi.ac.uk/QuickGO/term/GO:0006694	swiss_prot
P48449	GO:0016104	triterpenoid biosynthetic process	https://www.ebi.ac.uk/QuickGO/term/GO:0016104	swiss_prot
P48449	GO:0036197	zymosterol biosynthetic process	https://www.ebi.ac.uk/QuickGO/term/GO:0036197	swiss_prot
P48450	GO:0006695	cholesterol biosynthetic process	https://www.ebi.ac.uk/QuickGO/term/GO:0006695	swiss_prot
P48450	GO:0033489	cholesterol biosynthetic process via desmosterol	https://www.ebi.ac.uk/QuickGO/term/GO:0033489	swiss_prot
P48450	GO:0033490	cholesterol biosynthetic process via lathosterol	https://www.ebi.ac.uk/QuickGO/term/GO:0033490	swiss_prot
P48450	GO:0031647	regulation of protein stability	https://www.ebi.ac.uk/QuickGO/term/GO:0031647	swiss_prot
P48450	GO:0006694	steroid biosynthetic process	https://www.ebi.ac.uk/QuickGO/term/GO:0006694	swiss_prot
P48450	GO:0016125	sterol metabolic process	https://www.ebi.ac.uk/QuickGO/term/GO:0016125	swiss_prot
P48450	GO:0016104	triterpenoid biosynthetic process	https://www.ebi.ac.uk/QuickGO/term/GO:0016104	swiss_prot
P48450	GO:0036197	zymosterol biosynthetic process	https://www.ebi.ac.uk/QuickGO/term/GO:0036197	swiss_prot
P49350	GO:0045337	farnesyl diphosphate biosynthetic process	https://www.ebi.ac.uk/QuickGO/term/GO:0045337	swiss_prot
P49350	GO:0033384	geranyl diphosphate biosynthetic process	https://www.ebi.ac.uk/QuickGO/term/GO:0033384	swiss_prot
P49350	GO:0009739	response to gibberellin	https://www.ebi.ac.uk/QuickGO/term/GO:0009739	swiss_prot
P52019	GO:0006695	cholesterol biosynthetic process	https://www.ebi.ac.uk/QuickGO/term/GO:0006695	swiss_prot
P52019	GO:0033489	cholesterol biosynthetic process via desmosterol	https://www.ebi.ac.uk/QuickGO/term/GO:0033489	swiss_prot
P52019	GO:0033490	cholesterol biosynthetic process via lathosterol	https://www.ebi.ac.uk/QuickGO/term/GO:0033490	swiss_prot
P52019	GO:0008203	cholesterol metabolic process	https://www.ebi.ac.uk/QuickGO/term/GO:0008203	swiss_prot
P52019	GO:0140042	lipid droplet formation	https://www.ebi.ac.uk/QuickGO/term/GO:0140042	swiss_prot
P52019	GO:0042127	regulation of cell population proliferation	https://www.ebi.ac.uk/QuickGO/term/GO:0042127	swiss_prot
P52019	GO:1904614	response to biphenyl	https://www.ebi.ac.uk/QuickGO/term/GO:1904614	swiss_prot
P52019	GO:0016126	sterol biosynthetic process	https://www.ebi.ac.uk/QuickGO/term/GO:0016126	swiss_prot
P52019	GO:0036197	zymosterol biosynthetic process	https://www.ebi.ac.uk/QuickGO/term/GO:0036197	swiss_prot
P52020	GO:0006695	cholesterol biosynthetic process	https://www.ebi.ac.uk/QuickGO/term/GO:0006695	swiss_prot
P52020	GO:0033489	cholesterol biosynthetic process via desmosterol	https://www.ebi.ac.uk/QuickGO/term/GO:0033489	swiss_prot
P52020	GO:0033490	cholesterol biosynthetic process via lathosterol	https://www.ebi.ac.uk/QuickGO/term/GO:0033490	swiss_prot
P52020	GO:0008203	cholesterol metabolic process	https://www.ebi.ac.uk/QuickGO/term/GO:0008203	swiss_prot
P52020	GO:0140042	lipid droplet formation	https://www.ebi.ac.uk/QuickGO/term/GO:0140042	swiss_prot
P52020	GO:0042127	regulation of cell population proliferation	https://www.ebi.ac.uk/QuickGO/term/GO:0042127	swiss_prot
P52020	GO:1904614	response to biphenyl	https://www.ebi.ac.uk/QuickGO/term/GO:1904614	swiss_prot
P52020	GO:0016126	sterol biosynthetic process	https://www.ebi.ac.uk/QuickGO/term/GO:0016126	swiss_prot
P52020	GO:0036197	zymosterol biosynthetic process	https://www.ebi.ac.uk/QuickGO/term/GO:0036197	swiss_prot
P53798	GO:0006695	cholesterol biosynthetic process	https://www.ebi.ac.uk/QuickGO/term/GO:0006695	swiss_prot
P53798	GO:0033489	cholesterol biosynthetic process via desmosterol	https://www.ebi.ac.uk/QuickGO/term/GO:0033489	swiss_prot
P53798	GO:0033490	cholesterol biosynthetic process via lathosterol	https://www.ebi.ac.uk/QuickGO/term/GO:0033490	swiss_prot
P53798	GO:0045338	farnesyl diphosphate metabolic process	https://www.ebi.ac.uk/QuickGO/term/GO:0045338	swiss_prot
P53798	GO:0036197	zymosterol biosynthetic process	https://www.ebi.ac.uk/QuickGO/term/GO:0036197	swiss_prot
P62623	GO:0050992	dimethylallyl diphosphate biosynthetic process	https://www.ebi.ac.uk/QuickGO/term/GO:0050992	swiss_prot
P62623	GO:0019288	isopentenyl diphosphate biosynthetic process, methylerythritol 4-phosphate pathway	https://www.ebi.ac.uk/QuickGO/term/GO:0019288	swiss_prot
P62623	GO:0016114	terpenoid biosynthetic process	https://www.ebi.ac.uk/QuickGO/term/GO:0016114	swiss_prot
P82679				swiss_prot
P84466	GO:0006695	cholesterol biosynthetic process	https://www.ebi.ac.uk/QuickGO/term/GO:0006695	swiss_prot
P84466	GO:0006694	steroid biosynthetic process	https://www.ebi.ac.uk/QuickGO/term/GO:0006694	swiss_prot
P84466	GO:0016104	triterpenoid biosynthetic process	https://www.ebi.ac.uk/QuickGO/term/GO:0016104	swiss_prot
P9WEQ2	GO:0043386	mycotoxin biosynthetic process	https://www.ebi.ac.uk/QuickGO/term/GO:0043386	swiss_prot
P9WEQ2	GO:0016114	terpenoid biosynthetic process	https://www.ebi.ac.uk/QuickGO/term/GO:0016114	swiss_prot
P9WEW0				swiss_prot
P9WEW1				swiss_prot
P9WEW2				swiss_prot
Q02769	GO:0006695	cholesterol biosynthetic process	https://www.ebi.ac.uk/QuickGO/term/GO:0006695	swiss_prot
Q02769	GO:0033489	cholesterol biosynthetic process via desmosterol	https://www.ebi.ac.uk/QuickGO/term/GO:0033489	swiss_prot
Q02769	GO:0033490	cholesterol biosynthetic process via lathosterol	https://www.ebi.ac.uk/QuickGO/term/GO:0033490	swiss_prot
Q02769	GO:0045338	farnesyl diphosphate metabolic process	https://www.ebi.ac.uk/QuickGO/term/GO:0045338	swiss_prot
Q02769	GO:0036197	zymosterol biosynthetic process	https://www.ebi.ac.uk/QuickGO/term/GO:0036197	swiss_prot
Q03471				swiss_prot
Q08IT1	GO:0010038	response to metal ion	https://www.ebi.ac.uk/QuickGO/term/GO:0010038	swiss_prot
Q08IT1	GO:0002238	response to molecule of fungal origin	https://www.ebi.ac.uk/QuickGO/term/GO:0002238	swiss_prot
Q08IT1	GO:1902438	response to vanadate(3-)	https://www.ebi.ac.uk/QuickGO/term/GO:1902438	swiss_prot
Q08IT1	GO:0016135	saponin biosynthetic process	https://www.ebi.ac.uk/QuickGO/term/GO:0016135	swiss_prot
Q08IT1	GO:0016104	triterpenoid biosynthetic process	https://www.ebi.ac.uk/QuickGO/term/GO:0016104	swiss_prot
Q0JA81	GO:0016102	diterpenoid biosynthetic process	https://www.ebi.ac.uk/QuickGO/term/GO:0016102	swiss_prot
Q0JA81	GO:0033332	ent-kaurene biosynthetic process	https://www.ebi.ac.uk/QuickGO/term/GO:0033332	swiss_prot
Q0JA81	GO:0009686	gibberellin biosynthetic process	https://www.ebi.ac.uk/QuickGO/term/GO:0009686	swiss_prot
Q0JA81	GO:0009753	response to jasmonic acid	https://www.ebi.ac.uk/QuickGO/term/GO:0009753	swiss_prot
Q0JF02	GO:0016114	terpenoid biosynthetic process	https://www.ebi.ac.uk/QuickGO/term/GO:0016114	swiss_prot
Q14534	GO:0006695	cholesterol biosynthetic process	https://www.ebi.ac.uk/QuickGO/term/GO:0006695	swiss_prot
Q14534	GO:0033489	cholesterol biosynthetic process via desmosterol	https://www.ebi.ac.uk/QuickGO/term/GO:0033489	swiss_prot
Q14534	GO:0033490	cholesterol biosynthetic process via lathosterol	https://www.ebi.ac.uk/QuickGO/term/GO:0033490	swiss_prot
Q14534	GO:0140042	lipid droplet formation	https://www.ebi.ac.uk/QuickGO/term/GO:0140042	swiss_prot
Q14534	GO:0042127	regulation of cell population proliferation	https://www.ebi.ac.uk/QuickGO/term/GO:0042127	swiss_prot
Q14534	GO:1904614	response to biphenyl	https://www.ebi.ac.uk/QuickGO/term/GO:1904614	swiss_prot
Q14534	GO:0016126	sterol biosynthetic process	https://www.ebi.ac.uk/QuickGO/term/GO:0016126	swiss_prot
Q14534	GO:0036197	zymosterol biosynthetic process	https://www.ebi.ac.uk/QuickGO/term/GO:0036197	swiss_prot
Q1EG72	GO:0050832	defense response to fungus	https://www.ebi.ac.uk/QuickGO/term/GO:0050832	swiss_prot
Q1EG72	GO:0016102	diterpenoid biosynthetic process	https://www.ebi.ac.uk/QuickGO/term/GO:0016102	swiss_prot
Q1EG72	GO:0016114	terpenoid biosynthetic process	https://www.ebi.ac.uk/QuickGO/term/GO:0016114	swiss_prot
Q1PS23	GO:0051762	sesquiterpene biosynthetic process	https://www.ebi.ac.uk/QuickGO/term/GO:0051762	swiss_prot
Q29VN2	GO:0016102	diterpenoid biosynthetic process	https://www.ebi.ac.uk/QuickGO/term/GO:0016102	swiss_prot
Q29VN2	GO:0043693	monoterpene biosynthetic process	https://www.ebi.ac.uk/QuickGO/term/GO:0043693	swiss_prot
Q29VN2	GO:0031347	regulation of defense response	https://www.ebi.ac.uk/QuickGO/term/GO:0031347	swiss_prot
Q29VN2	GO:0009611	response to wounding	https://www.ebi.ac.uk/QuickGO/term/GO:0009611	swiss_prot
Q29VN2	GO:0051762	sesquiterpene biosynthetic process	https://www.ebi.ac.uk/QuickGO/term/GO:0051762	swiss_prot
Q29VN3	GO:0016102	diterpenoid biosynthetic process	https://www.ebi.ac.uk/QuickGO/term/GO:0016102	swiss_prot
Q2NM15	GO:0016102	diterpenoid biosynthetic process	https://www.ebi.ac.uk/QuickGO/term/GO:0016102	swiss_prot
Q38710	GO:0016102	diterpenoid biosynthetic process	https://www.ebi.ac.uk/QuickGO/term/GO:0016102	swiss_prot
Q38802	GO:0009740	gibberellic acid mediated signaling pathway	https://www.ebi.ac.uk/QuickGO/term/GO:0009740	swiss_prot
Q38802	GO:0009686	gibberellin biosynthetic process	https://www.ebi.ac.uk/QuickGO/term/GO:0009686	swiss_prot
Q40577	GO:0016102	diterpenoid biosynthetic process	https://www.ebi.ac.uk/QuickGO/term/GO:0016102	swiss_prot
Q40577	GO:0051762	sesquiterpene biosynthetic process	https://www.ebi.ac.uk/QuickGO/term/GO:0051762	swiss_prot
Q41771	GO:0016102	diterpenoid biosynthetic process	https://www.ebi.ac.uk/QuickGO/term/GO:0016102	swiss_prot
Q41771	GO:0009686	gibberellin biosynthetic process	https://www.ebi.ac.uk/QuickGO/term/GO:0009686	swiss_prot
Q49SP3	GO:0016102	diterpenoid biosynthetic process	https://www.ebi.ac.uk/QuickGO/term/GO:0016102	swiss_prot
Q49SP3	GO:0051762	sesquiterpene biosynthetic process	https://www.ebi.ac.uk/QuickGO/term/GO:0051762	swiss_prot
Q4KSH9	GO:0016102	diterpenoid biosynthetic process	https://www.ebi.ac.uk/QuickGO/term/GO:0016102	swiss_prot
Q4KSH9	GO:0051762	sesquiterpene biosynthetic process	https://www.ebi.ac.uk/QuickGO/term/GO:0051762	swiss_prot
Q4KSH9	GO:0016106	sesquiterpenoid biosynthetic process	https://www.ebi.ac.uk/QuickGO/term/GO:0016106	swiss_prot
Q4U3F6	GO:0016102	diterpenoid biosynthetic process	https://www.ebi.ac.uk/QuickGO/term/GO:0016102	swiss_prot
Q4U3F6	GO:0051762	sesquiterpene biosynthetic process	https://www.ebi.ac.uk/QuickGO/term/GO:0051762	swiss_prot
Q4WAZ6	GO:1902086	fumagillin biosynthetic process	https://www.ebi.ac.uk/QuickGO/term/GO:1902086	swiss_prot
Q4WAZ6	GO:0044550	secondary metabolite biosynthetic process	https://www.ebi.ac.uk/QuickGO/term/GO:0044550	swiss_prot
Q4WAZ6	GO:0016114	terpenoid biosynthetic process	https://www.ebi.ac.uk/QuickGO/term/GO:0016114	swiss_prot
Q4WBI4	GO:0008299	isoprenoid biosynthetic process	https://www.ebi.ac.uk/QuickGO/term/GO:0008299	swiss_prot
Q4WBI4	GO:0043386	mycotoxin biosynthetic process	https://www.ebi.ac.uk/QuickGO/term/GO:0043386	swiss_prot
Q4WBI4	GO:0016114	terpenoid biosynthetic process	https://www.ebi.ac.uk/QuickGO/term/GO:0016114	swiss_prot
Q4WR16	GO:1900581	(17Z)-protosta-17(20),24-dien-3beta-ol biosynthetic process	https://www.ebi.ac.uk/QuickGO/term/GO:1900581	swiss_prot
Q4WR16	GO:0006696	ergosterol biosynthetic process	https://www.ebi.ac.uk/QuickGO/term/GO:0006696	swiss_prot
Q4WR16	GO:1900812	helvolic acid biosynthetic process	https://www.ebi.ac.uk/QuickGO/term/GO:1900812	swiss_prot
Q4WR16	GO:0019748	secondary metabolic process	https://www.ebi.ac.uk/QuickGO/term/GO:0019748	swiss_prot
Q50L36	GO:0071485	cellular response to absence of light	https://www.ebi.ac.uk/QuickGO/term/GO:0071485	swiss_prot
Q50L36	GO:0071482	cellular response to light stimulus	https://www.ebi.ac.uk/QuickGO/term/GO:0071482	swiss_prot
Q50L36	GO:0050993	dimethylallyl diphosphate metabolic process	https://www.ebi.ac.uk/QuickGO/term/GO:0050993	swiss_prot
Q50L36	GO:0016102	diterpenoid biosynthetic process	https://www.ebi.ac.uk/QuickGO/term/GO:0016102	swiss_prot
Q50L36	GO:0043612	isoprene biosynthetic process	https://www.ebi.ac.uk/QuickGO/term/GO:0043612	swiss_prot
Q50L36	GO:0009409	response to cold	https://www.ebi.ac.uk/QuickGO/term/GO:0009409	swiss_prot
Q50L36	GO:0009408	response to heat	https://www.ebi.ac.uk/QuickGO/term/GO:0009408	swiss_prot
Q55012				swiss_prot
Q5AR34	GO:1900560	austinol biosynthetic process	https://www.ebi.ac.uk/QuickGO/term/GO:1900560	swiss_prot
Q5AR34	GO:1900563	dehydroaustinol biosynthetic process	https://www.ebi.ac.uk/QuickGO/term/GO:1900563	swiss_prot
Q5AR34	GO:0016114	terpenoid biosynthetic process	https://www.ebi.ac.uk/QuickGO/term/GO:0016114	swiss_prot
Q5ATJ7	GO:1900563	dehydroaustinol biosynthetic process	https://www.ebi.ac.uk/QuickGO/term/GO:1900563	swiss_prot
Q5ATJ7	GO:0006633	fatty acid biosynthetic process	https://www.ebi.ac.uk/QuickGO/term/GO:0006633	swiss_prot
Q5ATJ7	GO:0044550	secondary metabolite biosynthetic process	https://www.ebi.ac.uk/QuickGO/term/GO:0044550	swiss_prot
Q5ATJ7	GO:0016114	terpenoid biosynthetic process	https://www.ebi.ac.uk/QuickGO/term/GO:0016114	swiss_prot
Q5GJ59	GO:0016102	diterpenoid biosynthetic process	https://www.ebi.ac.uk/QuickGO/term/GO:0016102	swiss_prot
Q5GJ59	GO:0009737	response to abscisic acid	https://www.ebi.ac.uk/QuickGO/term/GO:0009737	swiss_prot
Q5GJ59	GO:0009620	response to fungus	https://www.ebi.ac.uk/QuickGO/term/GO:0009620	swiss_prot
Q5GJ59	GO:0009753	response to jasmonic acid	https://www.ebi.ac.uk/QuickGO/term/GO:0009753	swiss_prot
Q5GJ59	GO:0016114	terpenoid biosynthetic process	https://www.ebi.ac.uk/QuickGO/term/GO:0016114	swiss_prot
Q5GJ60	GO:0050832	defense response to fungus	https://www.ebi.ac.uk/QuickGO/term/GO:0050832	swiss_prot
Q5GJ60	GO:0016102	diterpenoid biosynthetic process	https://www.ebi.ac.uk/QuickGO/term/GO:0016102	swiss_prot
Q5GJ60	GO:0016114	terpenoid biosynthetic process	https://www.ebi.ac.uk/QuickGO/term/GO:0016114	swiss_prot
Q5UB07	GO:0016102	diterpenoid biosynthetic process	https://www.ebi.ac.uk/QuickGO/term/GO:0016102	swiss_prot
Q5UB07	GO:0080027	response to herbivore	https://www.ebi.ac.uk/QuickGO/term/GO:0080027	swiss_prot
Q5UB07	GO:0009753	response to jasmonic acid	https://www.ebi.ac.uk/QuickGO/term/GO:0009753	swiss_prot
Q5UB07	GO:0009611	response to wounding	https://www.ebi.ac.uk/QuickGO/term/GO:0009611	swiss_prot
Q672V6	GO:0008299	isoprenoid biosynthetic process	https://www.ebi.ac.uk/QuickGO/term/GO:0008299	swiss_prot
Q672V6	GO:0043386	mycotoxin biosynthetic process	https://www.ebi.ac.uk/QuickGO/term/GO:0043386	swiss_prot
Q6JD70	GO:0016102	diterpenoid biosynthetic process	https://www.ebi.ac.uk/QuickGO/term/GO:0016102	swiss_prot
Q6JD73	GO:0016102	diterpenoid biosynthetic process	https://www.ebi.ac.uk/QuickGO/term/GO:0016102	swiss_prot
Q6USK1	GO:0016102	diterpenoid biosynthetic process	https://www.ebi.ac.uk/QuickGO/term/GO:0016102	swiss_prot
Q6USK1	GO:0033383	geranyl diphosphate metabolic process	https://www.ebi.ac.uk/QuickGO/term/GO:0033383	swiss_prot
Q6XDB5	GO:0046248	alpha-pinene biosynthetic process	https://www.ebi.ac.uk/QuickGO/term/GO:0046248	swiss_prot
Q6XDB5	GO:0016102	diterpenoid biosynthetic process	https://www.ebi.ac.uk/QuickGO/term/GO:0016102	swiss_prot
Q6XDB5	GO:0010597	green leaf volatile biosynthetic process	https://www.ebi.ac.uk/QuickGO/term/GO:0010597	swiss_prot
Q6XDB5	GO:0016099	monoterpenoid biosynthetic process	https://www.ebi.ac.uk/QuickGO/term/GO:0016099	swiss_prot
Q84KL3	GO:0046248	alpha-pinene biosynthetic process	https://www.ebi.ac.uk/QuickGO/term/GO:0046248	swiss_prot
Q84KL3	GO:0016102	diterpenoid biosynthetic process	https://www.ebi.ac.uk/QuickGO/term/GO:0016102	swiss_prot
Q84KL3	GO:0033383	geranyl diphosphate metabolic process	https://www.ebi.ac.uk/QuickGO/term/GO:0033383	swiss_prot
Q84KL6	GO:0046248	alpha-pinene biosynthetic process	https://www.ebi.ac.uk/QuickGO/term/GO:0046248	swiss_prot
Q84KL6	GO:0016102	diterpenoid biosynthetic process	https://www.ebi.ac.uk/QuickGO/term/GO:0016102	swiss_prot
Q84KL6	GO:0033383	geranyl diphosphate metabolic process	https://www.ebi.ac.uk/QuickGO/term/GO:0033383	swiss_prot
Q84LB2	GO:0016102	diterpenoid biosynthetic process	https://www.ebi.ac.uk/QuickGO/term/GO:0016102	swiss_prot
Q84ND0	GO:0007623	circadian rhythm	https://www.ebi.ac.uk/QuickGO/term/GO:0007623	swiss_prot
Q84ND0	GO:0016114	terpenoid biosynthetic process	https://www.ebi.ac.uk/QuickGO/term/GO:0016114	swiss_prot
Q84UU4	GO:0016102	diterpenoid biosynthetic process	https://www.ebi.ac.uk/QuickGO/term/GO:0016102	swiss_prot
Q84UU4	GO:0080027	response to herbivore	https://www.ebi.ac.uk/QuickGO/term/GO:0080027	swiss_prot
Q84UU4	GO:0051762	sesquiterpene biosynthetic process	https://www.ebi.ac.uk/QuickGO/term/GO:0051762	swiss_prot
Q84UU4	GO:0016106	sesquiterpenoid biosynthetic process	https://www.ebi.ac.uk/QuickGO/term/GO:0016106	swiss_prot
Q84ZW8	GO:0050832	defense response to fungus	https://www.ebi.ac.uk/QuickGO/term/GO:0050832	swiss_prot
Q84ZW8	GO:0016102	diterpenoid biosynthetic process	https://www.ebi.ac.uk/QuickGO/term/GO:0016102	swiss_prot
Q84ZW8	GO:0033332	ent-kaurene biosynthetic process	https://www.ebi.ac.uk/QuickGO/term/GO:0033332	swiss_prot
Q84ZW8	GO:0006715	farnesol biosynthetic process	https://www.ebi.ac.uk/QuickGO/term/GO:0006715	swiss_prot
Q84ZW8	GO:1903448	geraniol biosynthetic process	https://www.ebi.ac.uk/QuickGO/term/GO:1903448	swiss_prot
Q84ZW8	GO:0009686	gibberellin biosynthetic process	https://www.ebi.ac.uk/QuickGO/term/GO:0009686	swiss_prot
Q84ZW8	GO:0009723	response to ethylene	https://www.ebi.ac.uk/QuickGO/term/GO:0009723	swiss_prot
Q84ZW8	GO:0009753	response to jasmonic acid	https://www.ebi.ac.uk/QuickGO/term/GO:0009753	swiss_prot
Q84ZW8	GO:0016106	sesquiterpenoid biosynthetic process	https://www.ebi.ac.uk/QuickGO/term/GO:0016106	swiss_prot
Q8BLN5	GO:0006695	cholesterol biosynthetic process	https://www.ebi.ac.uk/QuickGO/term/GO:0006695	swiss_prot
Q8BLN5	GO:0033489	cholesterol biosynthetic process via desmosterol	https://www.ebi.ac.uk/QuickGO/term/GO:0033489	swiss_prot
Q8BLN5	GO:0033490	cholesterol biosynthetic process via lathosterol	https://www.ebi.ac.uk/QuickGO/term/GO:0033490	swiss_prot
Q8BLN5	GO:0031647	regulation of protein stability	https://www.ebi.ac.uk/QuickGO/term/GO:0031647	swiss_prot
Q8BLN5	GO:0006694	steroid biosynthetic process	https://www.ebi.ac.uk/QuickGO/term/GO:0006694	swiss_prot
Q8BLN5	GO:0016125	sterol metabolic process	https://www.ebi.ac.uk/QuickGO/term/GO:0016125	swiss_prot
Q8BLN5	GO:0016104	triterpenoid biosynthetic process	https://www.ebi.ac.uk/QuickGO/term/GO:0016104	swiss_prot
Q8BLN5	GO:0036197	zymosterol biosynthetic process	https://www.ebi.ac.uk/QuickGO/term/GO:0036197	swiss_prot
Q8GUE4	GO:0016102	diterpenoid biosynthetic process	https://www.ebi.ac.uk/QuickGO/term/GO:0016102	swiss_prot
Q8GUE4	GO:0033383	geranyl diphosphate metabolic process	https://www.ebi.ac.uk/QuickGO/term/GO:0033383	swiss_prot
Q8VQF6	GO:0046232	carbazole catabolic process	https://www.ebi.ac.uk/QuickGO/term/GO:0046232	swiss_prot
Q8VZQ2	GO:0010087	phloem or xylem histogenesis	https://www.ebi.ac.uk/QuickGO/term/GO:0010087	swiss_prot
Q8VZQ2	GO:0010119	regulation of stomatal movement	https://www.ebi.ac.uk/QuickGO/term/GO:0010119	swiss_prot
Q8VZQ2	GO:0048364	root development	https://www.ebi.ac.uk/QuickGO/term/GO:0048364	swiss_prot
Q8VZQ2	GO:0010214	seed coat development	https://www.ebi.ac.uk/QuickGO/term/GO:0010214	swiss_prot
Q8VZQ2	GO:0010089	xylem development	https://www.ebi.ac.uk/QuickGO/term/GO:0010089	swiss_prot
Q92206	GO:0036187	cell growth mode switching, budding to filamentous	https://www.ebi.ac.uk/QuickGO/term/GO:0036187	swiss_prot
Q92206	GO:0009267	cellular response to starvation	https://www.ebi.ac.uk/QuickGO/term/GO:0009267	swiss_prot
Q92206	GO:0071466	cellular response to xenobiotic stimulus	https://www.ebi.ac.uk/QuickGO/term/GO:0071466	swiss_prot
Q92206	GO:0006696	ergosterol biosynthetic process	https://www.ebi.ac.uk/QuickGO/term/GO:0006696	swiss_prot
Q92206	GO:0030447	filamentous growth	https://www.ebi.ac.uk/QuickGO/term/GO:0030447	swiss_prot
Q92206	GO:0036180	filamentous growth of a population of unicellular organisms in response to biotic stimulus	https://www.ebi.ac.uk/QuickGO/term/GO:0036180	swiss_prot
Q92206	GO:0036171	filamentous growth of a population of unicellular organisms in response to chemical stimulus	https://www.ebi.ac.uk/QuickGO/term/GO:0036171	swiss_prot
Q92206	GO:0036170	filamentous growth of a population of unicellular organisms in response to starvation	https://www.ebi.ac.uk/QuickGO/term/GO:0036170	swiss_prot
Q92206	GO:0051668	localization within membrane	https://www.ebi.ac.uk/QuickGO/term/GO:0051668	swiss_prot
Q93YV0	GO:0016102	diterpenoid biosynthetic process	https://www.ebi.ac.uk/QuickGO/term/GO:0016102	swiss_prot
Q93YV0	GO:0009617	response to bacterium	https://www.ebi.ac.uk/QuickGO/term/GO:0009617	swiss_prot
Q93YV0	GO:0080027	response to herbivore	https://www.ebi.ac.uk/QuickGO/term/GO:0080027	swiss_prot
Q93YV0	GO:0009753	response to jasmonic acid	https://www.ebi.ac.uk/QuickGO/term/GO:0009753	swiss_prot
Q93YV0	GO:0000304	response to singlet oxygen	https://www.ebi.ac.uk/QuickGO/term/GO:0000304	swiss_prot
Q93YV0	GO:0009611	response to wounding	https://www.ebi.ac.uk/QuickGO/term/GO:0009611	swiss_prot
Q94FM7				swiss_prot
Q9AR04	GO:0016102	diterpenoid biosynthetic process	https://www.ebi.ac.uk/QuickGO/term/GO:0016102	swiss_prot
Q9AR04	GO:0009739	response to gibberellin	https://www.ebi.ac.uk/QuickGO/term/GO:0009739	swiss_prot
Q9AR04	GO:0000302	response to reactive oxygen species	https://www.ebi.ac.uk/QuickGO/term/GO:0000302	swiss_prot
Q9AR04	GO:0051761	sesquiterpene metabolic process	https://www.ebi.ac.uk/QuickGO/term/GO:0051761	swiss_prot
Q9C1W3	GO:0006696	ergosterol biosynthetic process	https://www.ebi.ac.uk/QuickGO/term/GO:0006696	swiss_prot
Q9C446	GO:0140873	paxilline biosynthetic process	https://www.ebi.ac.uk/QuickGO/term/GO:0140873	swiss_prot
Q9C5M3	GO:0016104	triterpenoid biosynthetic process	https://www.ebi.ac.uk/QuickGO/term/GO:0016104	swiss_prot
Q9FI37	GO:0009629	response to gravity	https://www.ebi.ac.uk/QuickGO/term/GO:0009629	swiss_prot
Q9FI37	GO:0009416	response to light stimulus	https://www.ebi.ac.uk/QuickGO/term/GO:0009416	swiss_prot
Q9FI37	GO:0048364	root development	https://www.ebi.ac.uk/QuickGO/term/GO:0048364	swiss_prot
Q9FI37	GO:0080003	thalianol metabolic process	https://www.ebi.ac.uk/QuickGO/term/GO:0080003	swiss_prot
Q9FI37	GO:0010263	tricyclic triterpenoid biosynthetic process	https://www.ebi.ac.uk/QuickGO/term/GO:0010263	swiss_prot
Q9FT37	GO:0010597	green leaf volatile biosynthetic process	https://www.ebi.ac.uk/QuickGO/term/GO:0010597	swiss_prot
Q9FT37	GO:0042617	paclitaxel biosynthetic process	https://www.ebi.ac.uk/QuickGO/term/GO:0042617	swiss_prot
Q9FT37	GO:0009753	response to jasmonic acid	https://www.ebi.ac.uk/QuickGO/term/GO:0009753	swiss_prot
Q9I2A0	GO:0008300	isoprenoid catabolic process	https://www.ebi.ac.uk/QuickGO/term/GO:0008300	swiss_prot
Q9I2A0	GO:0046951	ketone body biosynthetic process	https://www.ebi.ac.uk/QuickGO/term/GO:0046951	swiss_prot
Q9I2A0	GO:0006552	L-leucine catabolic process	https://www.ebi.ac.uk/QuickGO/term/GO:0006552	swiss_prot
Q9I2A0	GO:0046247	terpene catabolic process	https://www.ebi.ac.uk/QuickGO/term/GO:0046247	swiss_prot
Q9K498	GO:0017000	antibiotic biosynthetic process	https://www.ebi.ac.uk/QuickGO/term/GO:0017000	swiss_prot
Q9K498	GO:0042181	ketone biosynthetic process	https://www.ebi.ac.uk/QuickGO/term/GO:0042181	swiss_prot
Q9K498	GO:0051762	sesquiterpene biosynthetic process	https://www.ebi.ac.uk/QuickGO/term/GO:0051762	swiss_prot
Q9LRZ6	GO:0016102	diterpenoid biosynthetic process	https://www.ebi.ac.uk/QuickGO/term/GO:0016102	swiss_prot
Q9LRZ6	GO:0043693	monoterpene biosynthetic process	https://www.ebi.ac.uk/QuickGO/term/GO:0043693	swiss_prot
Q9LSF8	GO:0050832	defense response to fungus	https://www.ebi.ac.uk/QuickGO/term/GO:0050832	swiss_prot
Q9LSF8	GO:0002213	defense response to insect	https://www.ebi.ac.uk/QuickGO/term/GO:0002213	swiss_prot
Q9LSF8	GO:1901045	negative regulation of egg-laying behavior	https://www.ebi.ac.uk/QuickGO/term/GO:1901045	swiss_prot
Q9LSF8	GO:0009617	response to bacterium	https://www.ebi.ac.uk/QuickGO/term/GO:0009617	swiss_prot
Q9LSF8	GO:0046246	terpene biosynthetic process	https://www.ebi.ac.uk/QuickGO/term/GO:0046246	swiss_prot
Q9LSF8	GO:0016114	terpenoid biosynthetic process	https://www.ebi.ac.uk/QuickGO/term/GO:0016114	swiss_prot
Q9M9E1	GO:0080168	abscisic acid transport	https://www.ebi.ac.uk/QuickGO/term/GO:0080168	swiss_prot
Q9M9E1	GO:0009738	abscisic acid-activated signaling pathway	https://www.ebi.ac.uk/QuickGO/term/GO:0009738	swiss_prot
Q9M9E1	GO:0042631	cellular response to water deprivation	https://www.ebi.ac.uk/QuickGO/term/GO:0042631	swiss_prot
Q9M9E1	GO:0002229	defense response to oomycetes	https://www.ebi.ac.uk/QuickGO/term/GO:0002229	swiss_prot
Q9M9E1	GO:0098739	import across plasma membrane	https://www.ebi.ac.uk/QuickGO/term/GO:0098739	swiss_prot
Q9M9E1	GO:0098657	import into cell	https://www.ebi.ac.uk/QuickGO/term/GO:0098657	swiss_prot
Q9M9E1	GO:0010496	intercellular transport	https://www.ebi.ac.uk/QuickGO/term/GO:0010496	swiss_prot
Q9M9E1	GO:0015692	lead ion transport	https://www.ebi.ac.uk/QuickGO/term/GO:0015692	swiss_prot
Q9M9E1	GO:0048581	negative regulation of post-embryonic development	https://www.ebi.ac.uk/QuickGO/term/GO:0048581	swiss_prot
Q9M9E1	GO:0009737	response to abscisic acid	https://www.ebi.ac.uk/QuickGO/term/GO:0009737	swiss_prot
Q9M9E1	GO:0009409	response to cold	https://www.ebi.ac.uk/QuickGO/term/GO:0009409	swiss_prot
Q9M9E1	GO:0009723	response to ethylene	https://www.ebi.ac.uk/QuickGO/term/GO:0009723	swiss_prot
Q9M9E1	GO:0009408	response to heat	https://www.ebi.ac.uk/QuickGO/term/GO:0009408	swiss_prot
Q9M9E1	GO:0009753	response to jasmonic acid	https://www.ebi.ac.uk/QuickGO/term/GO:0009753	swiss_prot
Q9M9E1	GO:0010193	response to ozone	https://www.ebi.ac.uk/QuickGO/term/GO:0010193	swiss_prot
Q9M9E1	GO:0009751	response to salicylic acid	https://www.ebi.ac.uk/QuickGO/term/GO:0009751	swiss_prot
Q9M9E1	GO:0009414	response to water deprivation	https://www.ebi.ac.uk/QuickGO/term/GO:0009414	swiss_prot
Q9M9E1	GO:0090332	stomatal closure	https://www.ebi.ac.uk/QuickGO/term/GO:0090332	swiss_prot
Q9M9E1	GO:0046865	terpenoid transport	https://www.ebi.ac.uk/QuickGO/term/GO:0046865	swiss_prot
Q9M9E1	GO:0055085	transmembrane transport	https://www.ebi.ac.uk/QuickGO/term/GO:0055085	swiss_prot
Q9RA05	GO:0046251	limonene catabolic process	https://www.ebi.ac.uk/QuickGO/term/GO:0046251	swiss_prot
Q9SAK2	GO:0009740	gibberellic acid mediated signaling pathway	https://www.ebi.ac.uk/QuickGO/term/GO:0009740	swiss_prot
Q9SAK2	GO:0009686	gibberellin biosynthetic process	https://www.ebi.ac.uk/QuickGO/term/GO:0009686	swiss_prot
Q9SM02	GO:0009723	response to ethylene	https://www.ebi.ac.uk/QuickGO/term/GO:0009723	swiss_prot
Q9SM02	GO:0009414	response to water deprivation	https://www.ebi.ac.uk/QuickGO/term/GO:0009414	swiss_prot
Q9SM02	GO:0016126	sterol biosynthetic process	https://www.ebi.ac.uk/QuickGO/term/GO:0016126	swiss_prot
Q9T0J9	GO:0016102	diterpenoid biosynthetic process	https://www.ebi.ac.uk/QuickGO/term/GO:0016102	swiss_prot
Q9T0J9	GO:0045338	farnesyl diphosphate metabolic process	https://www.ebi.ac.uk/QuickGO/term/GO:0045338	swiss_prot
Q9T0J9	GO:0009611	response to wounding	https://www.ebi.ac.uk/QuickGO/term/GO:0009611	swiss_prot
Q9T0J9	GO:0016106	sesquiterpenoid biosynthetic process	https://www.ebi.ac.uk/QuickGO/term/GO:0016106	swiss_prot
Q9X839				swiss_prot
Q9ZUH4	GO:0016102	diterpenoid biosynthetic process	https://www.ebi.ac.uk/QuickGO/term/GO:0016102	swiss_prot
Q9ZUH4	GO:0016099	monoterpenoid biosynthetic process	https://www.ebi.ac.uk/QuickGO/term/GO:0016099	swiss_prot
Q9ZUH4	GO:0080027	response to herbivore	https://www.ebi.ac.uk/QuickGO/term/GO:0080027	swiss_prot
Q9ZUH4	GO:0009753	response to jasmonic acid	https://www.ebi.ac.uk/QuickGO/term/GO:0009753	swiss_prot
Q9ZUH4	GO:0009611	response to wounding	https://www.ebi.ac.uk/QuickGO/term/GO:0009611	swiss_prot
R4YXW8	GO:0016102	diterpenoid biosynthetic process	https://www.ebi.ac.uk/QuickGO/term/GO:0016102	swiss_prot
R4YXW8	GO:0016098	monoterpenoid metabolic process	https://www.ebi.ac.uk/QuickGO/term/GO:0016098	swiss_prot
R4YZC3	GO:0016102	diterpenoid biosynthetic process	https://www.ebi.ac.uk/QuickGO/term/GO:0016102	swiss_prot
R4YZC3	GO:0016098	monoterpenoid metabolic process	https://www.ebi.ac.uk/QuickGO/term/GO:0016098	swiss_prot
R9QMQ9	GO:0018867	alpha-pinene metabolic process	https://www.ebi.ac.uk/QuickGO/term/GO:0018867	swiss_prot
R9QMQ9	GO:0016102	diterpenoid biosynthetic process	https://www.ebi.ac.uk/QuickGO/term/GO:0016102	swiss_prot
R9QMQ9	GO:0010597	green leaf volatile biosynthetic process	https://www.ebi.ac.uk/QuickGO/term/GO:0010597	swiss_prot
R9QMQ9	GO:0016114	terpenoid biosynthetic process	https://www.ebi.ac.uk/QuickGO/term/GO:0016114	swiss_prot
R9QMR0	GO:0018867	alpha-pinene metabolic process	https://www.ebi.ac.uk/QuickGO/term/GO:0018867	swiss_prot
R9QMR0	GO:0016102	diterpenoid biosynthetic process	https://www.ebi.ac.uk/QuickGO/term/GO:0016102	swiss_prot
R9QMR0	GO:0010597	green leaf volatile biosynthetic process	https://www.ebi.ac.uk/QuickGO/term/GO:0010597	swiss_prot
R9QMR0	GO:0016114	terpenoid biosynthetic process	https://www.ebi.ac.uk/QuickGO/term/GO:0016114	swiss_prot
R9QMR3	GO:0018867	alpha-pinene metabolic process	https://www.ebi.ac.uk/QuickGO/term/GO:0018867	swiss_prot
R9QMR3	GO:0016102	diterpenoid biosynthetic process	https://www.ebi.ac.uk/QuickGO/term/GO:0016102	swiss_prot
R9QMR3	GO:0010597	green leaf volatile biosynthetic process	https://www.ebi.ac.uk/QuickGO/term/GO:0010597	swiss_prot
R9QMR3	GO:0016114	terpenoid biosynthetic process	https://www.ebi.ac.uk/QuickGO/term/GO:0016114	swiss_prot
R9QMR5	GO:0016102	diterpenoid biosynthetic process	https://www.ebi.ac.uk/QuickGO/term/GO:0016102	swiss_prot
R9QMR5	GO:1903448	geraniol biosynthetic process	https://www.ebi.ac.uk/QuickGO/term/GO:1903448	swiss_prot
R9QMR5	GO:0010597	green leaf volatile biosynthetic process	https://www.ebi.ac.uk/QuickGO/term/GO:0010597	swiss_prot
R9QMR5	GO:0016114	terpenoid biosynthetic process	https://www.ebi.ac.uk/QuickGO/term/GO:0016114	swiss_prot
R9QMW1	GO:0018867	alpha-pinene metabolic process	https://www.ebi.ac.uk/QuickGO/term/GO:0018867	swiss_prot
R9QMW1	GO:0016102	diterpenoid biosynthetic process	https://www.ebi.ac.uk/QuickGO/term/GO:0016102	swiss_prot
R9QMW1	GO:0010597	green leaf volatile biosynthetic process	https://www.ebi.ac.uk/QuickGO/term/GO:0010597	swiss_prot
R9QMW1	GO:0016114	terpenoid biosynthetic process	https://www.ebi.ac.uk/QuickGO/term/GO:0016114	swiss_prot
R9QMW5	GO:0018867	alpha-pinene metabolic process	https://www.ebi.ac.uk/QuickGO/term/GO:0018867	swiss_prot
R9QMW5	GO:0016102	diterpenoid biosynthetic process	https://www.ebi.ac.uk/QuickGO/term/GO:0016102	swiss_prot
R9QMW5	GO:0010597	green leaf volatile biosynthetic process	https://www.ebi.ac.uk/QuickGO/term/GO:0010597	swiss_prot
R9QMW5	GO:0016114	terpenoid biosynthetic process	https://www.ebi.ac.uk/QuickGO/term/GO:0016114	swiss_prot
R9QMY8	GO:0018867	alpha-pinene metabolic process	https://www.ebi.ac.uk/QuickGO/term/GO:0018867	swiss_prot
R9QMY8	GO:0016102	diterpenoid biosynthetic process	https://www.ebi.ac.uk/QuickGO/term/GO:0016102	swiss_prot
R9QMY8	GO:0010597	green leaf volatile biosynthetic process	https://www.ebi.ac.uk/QuickGO/term/GO:0010597	swiss_prot
R9QMY8	GO:0016114	terpenoid biosynthetic process	https://www.ebi.ac.uk/QuickGO/term/GO:0016114	swiss_prot
R9QMY9	GO:0018867	alpha-pinene metabolic process	https://www.ebi.ac.uk/QuickGO/term/GO:0018867	swiss_prot
R9QMY9	GO:0016102	diterpenoid biosynthetic process	https://www.ebi.ac.uk/QuickGO/term/GO:0016102	swiss_prot
R9QMY9	GO:0010597	green leaf volatile biosynthetic process	https://www.ebi.ac.uk/QuickGO/term/GO:0010597	swiss_prot
R9QMY9	GO:0016114	terpenoid biosynthetic process	https://www.ebi.ac.uk/QuickGO/term/GO:0016114	swiss_prot
R9QMZ0	GO:0016102	diterpenoid biosynthetic process	https://www.ebi.ac.uk/QuickGO/term/GO:0016102	swiss_prot
R9QMZ0	GO:0010597	green leaf volatile biosynthetic process	https://www.ebi.ac.uk/QuickGO/term/GO:0010597	swiss_prot
R9QMZ0	GO:0016114	terpenoid biosynthetic process	https://www.ebi.ac.uk/QuickGO/term/GO:0016114	swiss_prot
T1RR71	GO:0046248	alpha-pinene biosynthetic process	https://www.ebi.ac.uk/QuickGO/term/GO:0046248	swiss_prot
T1RR71	GO:0016102	diterpenoid biosynthetic process	https://www.ebi.ac.uk/QuickGO/term/GO:0016102	swiss_prot
T1RR71	GO:0010597	green leaf volatile biosynthetic process	https://www.ebi.ac.uk/QuickGO/term/GO:0010597	swiss_prot
T1RR71	GO:0016099	monoterpenoid biosynthetic process	https://www.ebi.ac.uk/QuickGO/term/GO:0016099	swiss_prot
T1RR72	GO:0046248	alpha-pinene biosynthetic process	https://www.ebi.ac.uk/QuickGO/term/GO:0046248	swiss_prot
T1RR72	GO:0016102	diterpenoid biosynthetic process	https://www.ebi.ac.uk/QuickGO/term/GO:0016102	swiss_prot
T1RR72	GO:0010597	green leaf volatile biosynthetic process	https://www.ebi.ac.uk/QuickGO/term/GO:0010597	swiss_prot
T1RR72	GO:0046250	limonene biosynthetic process	https://www.ebi.ac.uk/QuickGO/term/GO:0046250	swiss_prot
T1RR72	GO:0016099	monoterpenoid biosynthetic process	https://www.ebi.ac.uk/QuickGO/term/GO:0016099	swiss_prot
T1RRI5	GO:0016102	diterpenoid biosynthetic process	https://www.ebi.ac.uk/QuickGO/term/GO:0016102	swiss_prot
T1RRI5	GO:0010597	green leaf volatile biosynthetic process	https://www.ebi.ac.uk/QuickGO/term/GO:0010597	swiss_prot
T1RRI5	GO:0051762	sesquiterpene biosynthetic process	https://www.ebi.ac.uk/QuickGO/term/GO:0051762	swiss_prot
T1RRI8	GO:0046248	alpha-pinene biosynthetic process	https://www.ebi.ac.uk/QuickGO/term/GO:0046248	swiss_prot
T1RRI8	GO:0016102	diterpenoid biosynthetic process	https://www.ebi.ac.uk/QuickGO/term/GO:0016102	swiss_prot
T1RRI8	GO:0010597	green leaf volatile biosynthetic process	https://www.ebi.ac.uk/QuickGO/term/GO:0010597	swiss_prot
T1RRI8	GO:0016099	monoterpenoid biosynthetic process	https://www.ebi.ac.uk/QuickGO/term/GO:0016099	swiss_prot
T1RRJ4	GO:0046248	alpha-pinene biosynthetic process	https://www.ebi.ac.uk/QuickGO/term/GO:0046248	swiss_prot
T1RRJ4	GO:0016102	diterpenoid biosynthetic process	https://www.ebi.ac.uk/QuickGO/term/GO:0016102	swiss_prot
T1RRJ4	GO:0010597	green leaf volatile biosynthetic process	https://www.ebi.ac.uk/QuickGO/term/GO:0010597	swiss_prot
T1RRJ4	GO:0046250	limonene biosynthetic process	https://www.ebi.ac.uk/QuickGO/term/GO:0046250	swiss_prot
T1RRJ4	GO:0016099	monoterpenoid biosynthetic process	https://www.ebi.ac.uk/QuickGO/term/GO:0016099	swiss_prot
T1RRJ6	GO:0016102	diterpenoid biosynthetic process	https://www.ebi.ac.uk/QuickGO/term/GO:0016102	swiss_prot
T1RRJ6	GO:0010597	green leaf volatile biosynthetic process	https://www.ebi.ac.uk/QuickGO/term/GO:0010597	swiss_prot
T1RRJ6	GO:0051762	sesquiterpene biosynthetic process	https://www.ebi.ac.uk/QuickGO/term/GO:0051762	swiss_prot
T1RRL8	GO:0046248	alpha-pinene biosynthetic process	https://www.ebi.ac.uk/QuickGO/term/GO:0046248	swiss_prot
T1RRL8	GO:0016102	diterpenoid biosynthetic process	https://www.ebi.ac.uk/QuickGO/term/GO:0016102	swiss_prot
T1RRL8	GO:0010597	green leaf volatile biosynthetic process	https://www.ebi.ac.uk/QuickGO/term/GO:0010597	swiss_prot
T1RRL8	GO:0016099	monoterpenoid biosynthetic process	https://www.ebi.ac.uk/QuickGO/term/GO:0016099	swiss_prot
T1RRR9	GO:0046248	alpha-pinene biosynthetic process	https://www.ebi.ac.uk/QuickGO/term/GO:0046248	swiss_prot
T1RRR9	GO:0016102	diterpenoid biosynthetic process	https://www.ebi.ac.uk/QuickGO/term/GO:0016102	swiss_prot
T1RRR9	GO:0010597	green leaf volatile biosynthetic process	https://www.ebi.ac.uk/QuickGO/term/GO:0010597	swiss_prot
T1RRR9	GO:0046250	limonene biosynthetic process	https://www.ebi.ac.uk/QuickGO/term/GO:0046250	swiss_prot
T1RRR9	GO:0016099	monoterpenoid biosynthetic process	https://www.ebi.ac.uk/QuickGO/term/GO:0016099	swiss_prot
T1RRS0	GO:0016102	diterpenoid biosynthetic process	https://www.ebi.ac.uk/QuickGO/term/GO:0016102	swiss_prot
T1RRS0	GO:0010597	green leaf volatile biosynthetic process	https://www.ebi.ac.uk/QuickGO/term/GO:0010597	swiss_prot
T1RRS0	GO:0051762	sesquiterpene biosynthetic process	https://www.ebi.ac.uk/QuickGO/term/GO:0051762	swiss_prot
U5PZT6	GO:0016102	diterpenoid biosynthetic process	https://www.ebi.ac.uk/QuickGO/term/GO:0016102	swiss_prot
U5PZT6	GO:0010597	green leaf volatile biosynthetic process	https://www.ebi.ac.uk/QuickGO/term/GO:0010597	swiss_prot
U5PZT6	GO:0016099	monoterpenoid biosynthetic process	https://www.ebi.ac.uk/QuickGO/term/GO:0016099	swiss_prot
U5PZT6	GO:0051762	sesquiterpene biosynthetic process	https://www.ebi.ac.uk/QuickGO/term/GO:0051762	swiss_prot
W6HUT3	GO:0016102	diterpenoid biosynthetic process	https://www.ebi.ac.uk/QuickGO/term/GO:0016102	swiss_prot
W6HUT3	GO:0010597	green leaf volatile biosynthetic process	https://www.ebi.ac.uk/QuickGO/term/GO:0010597	swiss_prot
W6HUT3	GO:0016099	monoterpenoid biosynthetic process	https://www.ebi.ac.uk/QuickGO/term/GO:0016099	swiss_prot
W8X092				swiss_prot
W8X9R6				swiss_prot
A0A060KY90	GO:0045893	positive regulation of DNA-templated transcription	https://www.ebi.ac.uk/QuickGO/term/GO:0045893	swiss_prot
A0A060KY90	GO:0010090	trichome morphogenesis	https://www.ebi.ac.uk/QuickGO/term/GO:0010090	swiss_prot
A0A067Z9B6	GO:0044550	secondary metabolite biosynthetic process	https://www.ebi.ac.uk/QuickGO/term/GO:0044550	swiss_prot
A0A067Z9B6	GO:0016114	terpenoid biosynthetic process	https://www.ebi.ac.uk/QuickGO/term/GO:0016114	swiss_prot
A0A098D1J7	GO:0043386	mycotoxin biosynthetic process	https://www.ebi.ac.uk/QuickGO/term/GO:0043386	swiss_prot
A0A0A6ZFR4	GO:0002238	response to molecule of fungal origin	https://www.ebi.ac.uk/QuickGO/term/GO:0002238	swiss_prot
A0A0A6ZFR4	GO:0016135	saponin biosynthetic process	https://www.ebi.ac.uk/QuickGO/term/GO:0016135	swiss_prot
A0A0A6ZFR4	GO:0046246	terpene biosynthetic process	https://www.ebi.ac.uk/QuickGO/term/GO:0046246	swiss_prot
A0A0A6ZFR4	GO:0016114	terpenoid biosynthetic process	https://www.ebi.ac.uk/QuickGO/term/GO:0016114	swiss_prot
A0A0D4D912	GO:0016102	diterpenoid biosynthetic process	https://www.ebi.ac.uk/QuickGO/term/GO:0016102	swiss_prot
A0A0D4D912	GO:0046246	terpene biosynthetic process	https://www.ebi.ac.uk/QuickGO/term/GO:0046246	swiss_prot
A0A0D5ZDC8	GO:0016135	saponin biosynthetic process	https://www.ebi.ac.uk/QuickGO/term/GO:0016135	swiss_prot
A0A0D5ZDC8	GO:0046246	terpene biosynthetic process	https://www.ebi.ac.uk/QuickGO/term/GO:0046246	swiss_prot
A0A0D5ZDC8	GO:0016114	terpenoid biosynthetic process	https://www.ebi.ac.uk/QuickGO/term/GO:0016114	swiss_prot
A0A0E0SP71	GO:0006696	ergosterol biosynthetic process	https://www.ebi.ac.uk/QuickGO/term/GO:0006696	swiss_prot
A0A0E0SP71	GO:0016104	triterpenoid biosynthetic process	https://www.ebi.ac.uk/QuickGO/term/GO:0016104	swiss_prot
A0A0E3D8K9	GO:0043386	mycotoxin biosynthetic process	https://www.ebi.ac.uk/QuickGO/term/GO:0043386	swiss_prot
A0A0E3D8M9	GO:0008299	isoprenoid biosynthetic process	https://www.ebi.ac.uk/QuickGO/term/GO:0008299	swiss_prot
A0A0E3D8M9	GO:0043386	mycotoxin biosynthetic process	https://www.ebi.ac.uk/QuickGO/term/GO:0043386	swiss_prot
A0A0E3D8P0	GO:0043386	mycotoxin biosynthetic process	https://www.ebi.ac.uk/QuickGO/term/GO:0043386	swiss_prot
A0A0E3D8P4	GO:0008299	isoprenoid biosynthetic process	https://www.ebi.ac.uk/QuickGO/term/GO:0008299	swiss_prot
A0A0E3D8P4	GO:0043386	mycotoxin biosynthetic process	https://www.ebi.ac.uk/QuickGO/term/GO:0043386	swiss_prot
A0A0F7U103	GO:0017000	antibiotic biosynthetic process	https://www.ebi.ac.uk/QuickGO/term/GO:0017000	swiss_prot
A0A0F7U103	GO:0006633	fatty acid biosynthetic process	https://www.ebi.ac.uk/QuickGO/term/GO:0006633	swiss_prot
A0A0F7U103	GO:0006508	proteolysis	https://www.ebi.ac.uk/QuickGO/term/GO:0006508	swiss_prot
A0A0F7U103	GO:0044550	secondary metabolite biosynthetic process	https://www.ebi.ac.uk/QuickGO/term/GO:0044550	swiss_prot
A0A0F7U103	GO:0016114	terpenoid biosynthetic process	https://www.ebi.ac.uk/QuickGO/term/GO:0016114	swiss_prot
A0A0P0ZEM1	GO:0043386	mycotoxin biosynthetic process	https://www.ebi.ac.uk/QuickGO/term/GO:0043386	swiss_prot
A0A0P0ZEM1	GO:0016114	terpenoid biosynthetic process	https://www.ebi.ac.uk/QuickGO/term/GO:0016114	swiss_prot
A0A0U4ZX08	GO:0006633	fatty acid biosynthetic process	https://www.ebi.ac.uk/QuickGO/term/GO:0006633	swiss_prot
A0A0U4ZX08	GO:0030639	polyketide biosynthetic process	https://www.ebi.ac.uk/QuickGO/term/GO:0030639	swiss_prot
A0A0U4ZX08	GO:0016114	terpenoid biosynthetic process	https://www.ebi.ac.uk/QuickGO/term/GO:0016114	swiss_prot
A0A0U5CJT8	GO:0019748	secondary metabolic process	https://www.ebi.ac.uk/QuickGO/term/GO:0019748	swiss_prot
A0A0U5CJT8	GO:0016114	terpenoid biosynthetic process	https://www.ebi.ac.uk/QuickGO/term/GO:0016114	swiss_prot
A0A0U5G0B1	GO:0043386	mycotoxin biosynthetic process	https://www.ebi.ac.uk/QuickGO/term/GO:0043386	swiss_prot
A0A0U5G0B1	GO:0016114	terpenoid biosynthetic process	https://www.ebi.ac.uk/QuickGO/term/GO:0016114	swiss_prot
A0A0U5GFS8	GO:0006633	fatty acid biosynthetic process	https://www.ebi.ac.uk/QuickGO/term/GO:0006633	swiss_prot
A0A0U5GFS8	GO:0044550	secondary metabolite biosynthetic process	https://www.ebi.ac.uk/QuickGO/term/GO:0044550	swiss_prot
A0A0U5GFS8	GO:0016114	terpenoid biosynthetic process	https://www.ebi.ac.uk/QuickGO/term/GO:0016114	swiss_prot
A0A0U5GRB4	GO:0016114	terpenoid biosynthetic process	https://www.ebi.ac.uk/QuickGO/term/GO:0016114	swiss_prot
A0A140JWS2	GO:0008299	isoprenoid biosynthetic process	https://www.ebi.ac.uk/QuickGO/term/GO:0008299	swiss_prot
A0A140JWS2	GO:0043386	mycotoxin biosynthetic process	https://www.ebi.ac.uk/QuickGO/term/GO:0043386	swiss_prot
A0A142BX70	GO:0016102	diterpenoid biosynthetic process	https://www.ebi.ac.uk/QuickGO/term/GO:0016102	swiss_prot
A0A142BX70	GO:0046246	terpene biosynthetic process	https://www.ebi.ac.uk/QuickGO/term/GO:0046246	swiss_prot
A0A169T193	GO:0043386	mycotoxin biosynthetic process	https://www.ebi.ac.uk/QuickGO/term/GO:0043386	swiss_prot
A0A169T193	GO:0016114	terpenoid biosynthetic process	https://www.ebi.ac.uk/QuickGO/term/GO:0016114	swiss_prot
A0A178U9Y5	GO:0016102	diterpenoid biosynthetic process	https://www.ebi.ac.uk/QuickGO/term/GO:0016102	swiss_prot
A0A178U9Y5	GO:0016114	terpenoid biosynthetic process	https://www.ebi.ac.uk/QuickGO/term/GO:0016114	swiss_prot
A0A1C9J6A7	GO:0016102	diterpenoid biosynthetic process	https://www.ebi.ac.uk/QuickGO/term/GO:0016102	swiss_prot
A0A1D6F9Y9	GO:0080027	response to herbivore	https://www.ebi.ac.uk/QuickGO/term/GO:0080027	swiss_prot
A0A1D6F9Y9	GO:0016114	terpenoid biosynthetic process	https://www.ebi.ac.uk/QuickGO/term/GO:0016114	swiss_prot
A0A1D6GQ67	GO:0051502	diterpene phytoalexin biosynthetic process	https://www.ebi.ac.uk/QuickGO/term/GO:0051502	swiss_prot
A0A1D6GQ67	GO:0016102	diterpenoid biosynthetic process	https://www.ebi.ac.uk/QuickGO/term/GO:0016102	swiss_prot
A0A1D6KUI6	GO:0051502	diterpene phytoalexin biosynthetic process	https://www.ebi.ac.uk/QuickGO/term/GO:0051502	swiss_prot
A0A1E1FFN4	GO:0140874	paraherquonin biosynthetic process	https://www.ebi.ac.uk/QuickGO/term/GO:0140874	swiss_prot
A0A1L2D3T3	GO:0016102	diterpenoid biosynthetic process	https://www.ebi.ac.uk/QuickGO/term/GO:0016102	swiss_prot
A0A1L2D3T3	GO:0051762	sesquiterpene biosynthetic process	https://www.ebi.ac.uk/QuickGO/term/GO:0051762	swiss_prot
A0A1L7VEQ6	GO:0016114	terpenoid biosynthetic process	https://www.ebi.ac.uk/QuickGO/term/GO:0016114	swiss_prot
A0A1L7VFX3	GO:0043386	mycotoxin biosynthetic process	https://www.ebi.ac.uk/QuickGO/term/GO:0043386	swiss_prot
A0A1L7VFX3	GO:0016114	terpenoid biosynthetic process	https://www.ebi.ac.uk/QuickGO/term/GO:0016114	swiss_prot
A0A1L9UKS1	GO:0043386	mycotoxin biosynthetic process	https://www.ebi.ac.uk/QuickGO/term/GO:0043386	swiss_prot
A0A1L9UKS1	GO:0016114	terpenoid biosynthetic process	https://www.ebi.ac.uk/QuickGO/term/GO:0016114	swiss_prot
A0A1L9WQI2	GO:0043386	mycotoxin biosynthetic process	https://www.ebi.ac.uk/QuickGO/term/GO:0043386	swiss_prot
A0A1L9WQI2	GO:0016114	terpenoid biosynthetic process	https://www.ebi.ac.uk/QuickGO/term/GO:0016114	swiss_prot
A0A1L9WUS5				swiss_prot
A0A1L9WUV2				swiss_prot
A0A1L9WVI3				swiss_prot
A0A1P7Y0A8	GO:0045338	farnesyl diphosphate metabolic process	https://www.ebi.ac.uk/QuickGO/term/GO:0045338	swiss_prot
A0A1P7Y0A8	GO:0008610	lipid biosynthetic process	https://www.ebi.ac.uk/QuickGO/term/GO:0008610	swiss_prot
A0A1P7Y0A8	GO:0009753	response to jasmonic acid	https://www.ebi.ac.uk/QuickGO/term/GO:0009753	swiss_prot
A0A1P7Y0A8	GO:0002238	response to molecule of fungal origin	https://www.ebi.ac.uk/QuickGO/term/GO:0002238	swiss_prot
A0A1P7Y0D0	GO:0045338	farnesyl diphosphate metabolic process	https://www.ebi.ac.uk/QuickGO/term/GO:0045338	swiss_prot
A0A1P7Y0D0	GO:0008610	lipid biosynthetic process	https://www.ebi.ac.uk/QuickGO/term/GO:0008610	swiss_prot
A0A1P7Y0D0	GO:0009753	response to jasmonic acid	https://www.ebi.ac.uk/QuickGO/term/GO:0009753	swiss_prot
A0A1P7Y0D0	GO:0002238	response to molecule of fungal origin	https://www.ebi.ac.uk/QuickGO/term/GO:0002238	swiss_prot
A0A1U8QHE3	GO:0016114	terpenoid biosynthetic process	https://www.ebi.ac.uk/QuickGO/term/GO:0016114	swiss_prot
A0A1V0QSF3	GO:0016102	diterpenoid biosynthetic process	https://www.ebi.ac.uk/QuickGO/term/GO:0016102	swiss_prot
A0A1V0QSF4	GO:0016102	diterpenoid biosynthetic process	https://www.ebi.ac.uk/QuickGO/term/GO:0016102	swiss_prot
A0A1V0QSF6	GO:0016102	diterpenoid biosynthetic process	https://www.ebi.ac.uk/QuickGO/term/GO:0016102	swiss_prot
A0A1V0QSH7	GO:0045337	farnesyl diphosphate biosynthetic process	https://www.ebi.ac.uk/QuickGO/term/GO:0045337	swiss_prot
A0A1V0QSH7	GO:0033384	geranyl diphosphate biosynthetic process	https://www.ebi.ac.uk/QuickGO/term/GO:0033384	swiss_prot
A0A1V1FVQ6	GO:0043386	mycotoxin biosynthetic process	https://www.ebi.ac.uk/QuickGO/term/GO:0043386	swiss_prot
A0A1V1FVQ6	GO:0016114	terpenoid biosynthetic process	https://www.ebi.ac.uk/QuickGO/term/GO:0016114	swiss_prot
A0A1W6GW06	GO:0016102	diterpenoid biosynthetic process	https://www.ebi.ac.uk/QuickGO/term/GO:0016102	swiss_prot
A0A1W6GW06	GO:0016106	sesquiterpenoid biosynthetic process	https://www.ebi.ac.uk/QuickGO/term/GO:0016106	swiss_prot
A0A1W6GW18	GO:0016102	diterpenoid biosynthetic process	https://www.ebi.ac.uk/QuickGO/term/GO:0016102	swiss_prot
A0A1W6GW18	GO:0016106	sesquiterpenoid biosynthetic process	https://www.ebi.ac.uk/QuickGO/term/GO:0016106	swiss_prot
A0A1W6GW32	GO:0016102	diterpenoid biosynthetic process	https://www.ebi.ac.uk/QuickGO/term/GO:0016102	swiss_prot
A0A1W6GW32	GO:0016106	sesquiterpenoid biosynthetic process	https://www.ebi.ac.uk/QuickGO/term/GO:0016106	swiss_prot
A0A1W6QDJ1	GO:0009686	gibberellin biosynthetic process	https://www.ebi.ac.uk/QuickGO/term/GO:0009686	swiss_prot
A0A1W6QDJ1	GO:1901946	miltiradiene biosynthetic process	https://www.ebi.ac.uk/QuickGO/term/GO:1901946	swiss_prot
A0A1W6QDJ1	GO:0016114	terpenoid biosynthetic process	https://www.ebi.ac.uk/QuickGO/term/GO:0016114	swiss_prot
A0A1X9IRP7	GO:0009686	gibberellin biosynthetic process	https://www.ebi.ac.uk/QuickGO/term/GO:0009686	swiss_prot
A0A1X9IRP7	GO:1901946	miltiradiene biosynthetic process	https://www.ebi.ac.uk/QuickGO/term/GO:1901946	swiss_prot
A0A1X9IRP7	GO:0016114	terpenoid biosynthetic process	https://www.ebi.ac.uk/QuickGO/term/GO:0016114	swiss_prot
A0A1X9IRQ7	GO:0009686	gibberellin biosynthetic process	https://www.ebi.ac.uk/QuickGO/term/GO:0009686	swiss_prot
A0A1X9IRQ7	GO:1901946	miltiradiene biosynthetic process	https://www.ebi.ac.uk/QuickGO/term/GO:1901946	swiss_prot
A0A1X9IRQ7	GO:0016114	terpenoid biosynthetic process	https://www.ebi.ac.uk/QuickGO/term/GO:0016114	swiss_prot
A0A1X9ISH5	GO:0009686	gibberellin biosynthetic process	https://www.ebi.ac.uk/QuickGO/term/GO:0009686	swiss_prot
A0A1X9ISH5	GO:1901946	miltiradiene biosynthetic process	https://www.ebi.ac.uk/QuickGO/term/GO:1901946	swiss_prot
A0A1X9ISH5	GO:0016114	terpenoid biosynthetic process	https://www.ebi.ac.uk/QuickGO/term/GO:0016114	swiss_prot
A0A1X9ISN9	GO:0009686	gibberellin biosynthetic process	https://www.ebi.ac.uk/QuickGO/term/GO:0009686	swiss_prot
A0A1X9ISN9	GO:1901946	miltiradiene biosynthetic process	https://www.ebi.ac.uk/QuickGO/term/GO:1901946	swiss_prot
A0A1X9ISN9	GO:0016114	terpenoid biosynthetic process	https://www.ebi.ac.uk/QuickGO/term/GO:0016114	swiss_prot
A0A1X9ISP7	GO:0033331	ent-kaurene metabolic process	https://www.ebi.ac.uk/QuickGO/term/GO:0033331	swiss_prot
A0A1X9ISP7	GO:0009686	gibberellin biosynthetic process	https://www.ebi.ac.uk/QuickGO/term/GO:0009686	swiss_prot
A0A1X9ISP7	GO:0016114	terpenoid biosynthetic process	https://www.ebi.ac.uk/QuickGO/term/GO:0016114	swiss_prot
A0A1Y0BRF1	GO:0017000	antibiotic biosynthetic process	https://www.ebi.ac.uk/QuickGO/term/GO:0017000	swiss_prot
A0A1Y0BRF1	GO:0006633	fatty acid biosynthetic process	https://www.ebi.ac.uk/QuickGO/term/GO:0006633	swiss_prot
A0A1Y0BRF1	GO:0006508	proteolysis	https://www.ebi.ac.uk/QuickGO/term/GO:0006508	swiss_prot
A0A1Y0BRF1	GO:0044550	secondary metabolite biosynthetic process	https://www.ebi.ac.uk/QuickGO/term/GO:0044550	swiss_prot
A0A1Y0BRF1	GO:0016114	terpenoid biosynthetic process	https://www.ebi.ac.uk/QuickGO/term/GO:0016114	swiss_prot
A0A1Y0BRF2	GO:0043386	mycotoxin biosynthetic process	https://www.ebi.ac.uk/QuickGO/term/GO:0043386	swiss_prot
A0A1Y0BRF2	GO:0016114	terpenoid biosynthetic process	https://www.ebi.ac.uk/QuickGO/term/GO:0016114	swiss_prot
A0A1Y0BRF9	GO:0016114	terpenoid biosynthetic process	https://www.ebi.ac.uk/QuickGO/term/GO:0016114	swiss_prot
A0A1Z3GBK8	GO:0009686	gibberellin biosynthetic process	https://www.ebi.ac.uk/QuickGO/term/GO:0009686	swiss_prot
A0A1Z3GBK8	GO:1901946	miltiradiene biosynthetic process	https://www.ebi.ac.uk/QuickGO/term/GO:1901946	swiss_prot
A0A1Z3GBK8	GO:0016114	terpenoid biosynthetic process	https://www.ebi.ac.uk/QuickGO/term/GO:0016114	swiss_prot
A0A1Z3GC64	GO:0033331	ent-kaurene metabolic process	https://www.ebi.ac.uk/QuickGO/term/GO:0033331	swiss_prot
A0A1Z3GC64	GO:0009686	gibberellin biosynthetic process	https://www.ebi.ac.uk/QuickGO/term/GO:0009686	swiss_prot
A0A1Z3GC64	GO:0016114	terpenoid biosynthetic process	https://www.ebi.ac.uk/QuickGO/term/GO:0016114	swiss_prot
A0A1Z3GCD1	GO:0009686	gibberellin biosynthetic process	https://www.ebi.ac.uk/QuickGO/term/GO:0009686	swiss_prot
A0A1Z3GCD1	GO:1901946	miltiradiene biosynthetic process	https://www.ebi.ac.uk/QuickGO/term/GO:1901946	swiss_prot
A0A1Z3GCD1	GO:0016114	terpenoid biosynthetic process	https://www.ebi.ac.uk/QuickGO/term/GO:0016114	swiss_prot
A0A291LSD6	GO:0050832	defense response to fungus	https://www.ebi.ac.uk/QuickGO/term/GO:0050832	swiss_prot
A0A291LSD6	GO:0016102	diterpenoid biosynthetic process	https://www.ebi.ac.uk/QuickGO/term/GO:0016102	swiss_prot
A0A291LSD6	GO:0080027	response to herbivore	https://www.ebi.ac.uk/QuickGO/term/GO:0080027	swiss_prot
A0A291LSD6	GO:0016114	terpenoid biosynthetic process	https://www.ebi.ac.uk/QuickGO/term/GO:0016114	swiss_prot
A0A2I1BSU0	GO:0140782	novofumigatonin biosynthetic process	https://www.ebi.ac.uk/QuickGO/term/GO:0140782	swiss_prot
A0A2I1BSV1	GO:0140782	novofumigatonin biosynthetic process	https://www.ebi.ac.uk/QuickGO/term/GO:0140782	swiss_prot
A0A2I1BSV7	GO:0140782	novofumigatonin biosynthetic process	https://www.ebi.ac.uk/QuickGO/term/GO:0140782	swiss_prot
A0A2I1BSV9	GO:0006633	fatty acid biosynthetic process	https://www.ebi.ac.uk/QuickGO/term/GO:0006633	swiss_prot
A0A2I1BSV9	GO:0140782	novofumigatonin biosynthetic process	https://www.ebi.ac.uk/QuickGO/term/GO:0140782	swiss_prot
A0A2I1BSW0	GO:0140782	novofumigatonin biosynthetic process	https://www.ebi.ac.uk/QuickGO/term/GO:0140782	swiss_prot
A0A2I1BSW6	GO:0140782	novofumigatonin biosynthetic process	https://www.ebi.ac.uk/QuickGO/term/GO:0140782	swiss_prot
A0A2I1BSW8	GO:0140782	novofumigatonin biosynthetic process	https://www.ebi.ac.uk/QuickGO/term/GO:0140782	swiss_prot
A0A2I1BT09	GO:0140782	novofumigatonin biosynthetic process	https://www.ebi.ac.uk/QuickGO/term/GO:0140782	swiss_prot
A0A2I1BT09	GO:0006744	ubiquinone biosynthetic process	https://www.ebi.ac.uk/QuickGO/term/GO:0006744	swiss_prot
A0A2K9RFZ9	GO:0009686	gibberellin biosynthetic process	https://www.ebi.ac.uk/QuickGO/term/GO:0009686	swiss_prot
A0A2L0VXR0	GO:0016102	diterpenoid biosynthetic process	https://www.ebi.ac.uk/QuickGO/term/GO:0016102	swiss_prot
A0A2P1DP74	GO:0016114	terpenoid biosynthetic process	https://www.ebi.ac.uk/QuickGO/term/GO:0016114	swiss_prot
A0A2P1DP91	GO:0006633	fatty acid biosynthetic process	https://www.ebi.ac.uk/QuickGO/term/GO:0006633	swiss_prot
A0A2P1DP91	GO:1901336	lactone biosynthetic process	https://www.ebi.ac.uk/QuickGO/term/GO:1901336	swiss_prot
A0A2P1DP91	GO:0030639	polyketide biosynthetic process	https://www.ebi.ac.uk/QuickGO/term/GO:0030639	swiss_prot
A0A2P1DP91	GO:0016114	terpenoid biosynthetic process	https://www.ebi.ac.uk/QuickGO/term/GO:0016114	swiss_prot
A0A2Z4HPY4	GO:0005975	carbohydrate metabolic process	https://www.ebi.ac.uk/QuickGO/term/GO:0005975	swiss_prot
A0A2Z4HPY4	GO:0016104	triterpenoid biosynthetic process	https://www.ebi.ac.uk/QuickGO/term/GO:0016104	swiss_prot
A0A2Z6AQX6	GO:0043386	mycotoxin biosynthetic process	https://www.ebi.ac.uk/QuickGO/term/GO:0043386	swiss_prot
A0A2Z6AQX6	GO:0016114	terpenoid biosynthetic process	https://www.ebi.ac.uk/QuickGO/term/GO:0016114	swiss_prot
A0A2Z6AQX7	GO:0043386	mycotoxin biosynthetic process	https://www.ebi.ac.uk/QuickGO/term/GO:0043386	swiss_prot
A0A2Z6AQX7	GO:0016114	terpenoid biosynthetic process	https://www.ebi.ac.uk/QuickGO/term/GO:0016114	swiss_prot
A0A2Z6FZ31	GO:0043386	mycotoxin biosynthetic process	https://www.ebi.ac.uk/QuickGO/term/GO:0043386	swiss_prot
A0A2Z6FZ31	GO:0016114	terpenoid biosynthetic process	https://www.ebi.ac.uk/QuickGO/term/GO:0016114	swiss_prot
A0A343W969	GO:0045337	farnesyl diphosphate biosynthetic process	https://www.ebi.ac.uk/QuickGO/term/GO:0045337	swiss_prot
A0A343W969	GO:0008299	isoprenoid biosynthetic process	https://www.ebi.ac.uk/QuickGO/term/GO:0008299	swiss_prot
A0A343W969	GO:0042811	pheromone biosynthetic process	https://www.ebi.ac.uk/QuickGO/term/GO:0042811	swiss_prot
A0A343W970	GO:0045337	farnesyl diphosphate biosynthetic process	https://www.ebi.ac.uk/QuickGO/term/GO:0045337	swiss_prot
A0A343W970	GO:0008299	isoprenoid biosynthetic process	https://www.ebi.ac.uk/QuickGO/term/GO:0008299	swiss_prot
A0A343W970	GO:0042811	pheromone biosynthetic process	https://www.ebi.ac.uk/QuickGO/term/GO:0042811	swiss_prot
A0A348B779				swiss_prot
A0A348B780				swiss_prot
A0A348DU52	GO:0043386	mycotoxin biosynthetic process	https://www.ebi.ac.uk/QuickGO/term/GO:0043386	swiss_prot
A0A348DU52	GO:0016114	terpenoid biosynthetic process	https://www.ebi.ac.uk/QuickGO/term/GO:0016114	swiss_prot
A0A385AJM6	GO:0046246	terpene biosynthetic process	https://www.ebi.ac.uk/QuickGO/term/GO:0046246	swiss_prot
A0A386JV86	GO:0045337	farnesyl diphosphate biosynthetic process	https://www.ebi.ac.uk/QuickGO/term/GO:0045337	swiss_prot
A0A386JV86	GO:0042811	pheromone biosynthetic process	https://www.ebi.ac.uk/QuickGO/term/GO:0042811	swiss_prot
A0A386JV86	GO:0006714	sesquiterpenoid metabolic process	https://www.ebi.ac.uk/QuickGO/term/GO:0006714	swiss_prot
A0A386KZI3	GO:0071244	cellular response to carbon dioxide	https://www.ebi.ac.uk/QuickGO/term/GO:0071244	swiss_prot
A0A386KZI3	GO:0016036	cellular response to phosphate starvation	https://www.ebi.ac.uk/QuickGO/term/GO:0016036	swiss_prot
A0A3G1QTS7	GO:0033332	ent-kaurene biosynthetic process	https://www.ebi.ac.uk/QuickGO/term/GO:0033332	swiss_prot
A0A3G1QTS7	GO:0009686	gibberellin biosynthetic process	https://www.ebi.ac.uk/QuickGO/term/GO:0009686	swiss_prot
A0A3G1QTS7	GO:0016114	terpenoid biosynthetic process	https://www.ebi.ac.uk/QuickGO/term/GO:0016114	swiss_prot
A0A3G1QTU5	GO:0009686	gibberellin biosynthetic process	https://www.ebi.ac.uk/QuickGO/term/GO:0009686	swiss_prot
A0A3G1QTU5	GO:1901946	miltiradiene biosynthetic process	https://www.ebi.ac.uk/QuickGO/term/GO:1901946	swiss_prot
A0A3G1QTU5	GO:0016114	terpenoid biosynthetic process	https://www.ebi.ac.uk/QuickGO/term/GO:0016114	swiss_prot
A0A3G9GNK2	GO:0016114	terpenoid biosynthetic process	https://www.ebi.ac.uk/QuickGO/term/GO:0016114	swiss_prot
A0A3G9GQ29	GO:0006633	fatty acid biosynthetic process	https://www.ebi.ac.uk/QuickGO/term/GO:0006633	swiss_prot
A0A3G9GQ29	GO:0044550	secondary metabolite biosynthetic process	https://www.ebi.ac.uk/QuickGO/term/GO:0044550	swiss_prot
A0A3G9GQ29	GO:0016114	terpenoid biosynthetic process	https://www.ebi.ac.uk/QuickGO/term/GO:0016114	swiss_prot
A0A3Q9FEJ4	GO:0016114	terpenoid biosynthetic process	https://www.ebi.ac.uk/QuickGO/term/GO:0016114	swiss_prot
A0A3Q9FEJ4	GO:0009403	toxin biosynthetic process	https://www.ebi.ac.uk/QuickGO/term/GO:0009403	swiss_prot
A0A3S9NM20	GO:0016114	terpenoid biosynthetic process	https://www.ebi.ac.uk/QuickGO/term/GO:0016114	swiss_prot
A0A455LLW3	GO:0016114	terpenoid biosynthetic process	https://www.ebi.ac.uk/QuickGO/term/GO:0016114	swiss_prot
A0A455M7S4	GO:0006633	fatty acid biosynthetic process	https://www.ebi.ac.uk/QuickGO/term/GO:0006633	swiss_prot
A0A455M7S4	GO:0044550	secondary metabolite biosynthetic process	https://www.ebi.ac.uk/QuickGO/term/GO:0044550	swiss_prot
A0A455M7S4	GO:0016114	terpenoid biosynthetic process	https://www.ebi.ac.uk/QuickGO/term/GO:0016114	swiss_prot
A0A455R4X0	GO:0016114	terpenoid biosynthetic process	https://www.ebi.ac.uk/QuickGO/term/GO:0016114	swiss_prot
A0A455R4Z0	GO:0016114	terpenoid biosynthetic process	https://www.ebi.ac.uk/QuickGO/term/GO:0016114	swiss_prot
A0A455R5H4	GO:0016114	terpenoid biosynthetic process	https://www.ebi.ac.uk/QuickGO/term/GO:0016114	swiss_prot
A0A455R5P9	GO:0006633	fatty acid biosynthetic process	https://www.ebi.ac.uk/QuickGO/term/GO:0006633	swiss_prot
A0A455R5P9	GO:0030639	polyketide biosynthetic process	https://www.ebi.ac.uk/QuickGO/term/GO:0030639	swiss_prot
A0A455R5P9	GO:0016114	terpenoid biosynthetic process	https://www.ebi.ac.uk/QuickGO/term/GO:0016114	swiss_prot
A0A455R624	GO:0016114	terpenoid biosynthetic process	https://www.ebi.ac.uk/QuickGO/term/GO:0016114	swiss_prot
A0A4D6Q415	GO:0080027	response to herbivore	https://www.ebi.ac.uk/QuickGO/term/GO:0080027	swiss_prot
A0A4P8GHJ1	GO:0006633	fatty acid biosynthetic process	https://www.ebi.ac.uk/QuickGO/term/GO:0006633	swiss_prot
A0A4P8GHJ1	GO:0044550	secondary metabolite biosynthetic process	https://www.ebi.ac.uk/QuickGO/term/GO:0044550	swiss_prot
A0A4P8GHJ1	GO:0016114	terpenoid biosynthetic process	https://www.ebi.ac.uk/QuickGO/term/GO:0016114	swiss_prot
A0A4V1E8I5	GO:0044550	secondary metabolite biosynthetic process	https://www.ebi.ac.uk/QuickGO/term/GO:0044550	swiss_prot
A0A4V1E8I5	GO:0016114	terpenoid biosynthetic process	https://www.ebi.ac.uk/QuickGO/term/GO:0016114	swiss_prot
A0A4Y5QZ62	GO:0016102	diterpenoid biosynthetic process	https://www.ebi.ac.uk/QuickGO/term/GO:0016102	swiss_prot
A0A5M3MX24				swiss_prot
A0A5Q0QP64				swiss_prot
A0A5Q0QRJ3				swiss_prot
A0A7C9FSB8	GO:0015995	chlorophyll biosynthetic process	https://www.ebi.ac.uk/QuickGO/term/GO:0015995	swiss_prot
A0A7C9FSB8	GO:0050992	dimethylallyl diphosphate biosynthetic process	https://www.ebi.ac.uk/QuickGO/term/GO:0050992	swiss_prot
A0A7C9FSB8	GO:0009240	isopentenyl diphosphate biosynthetic process	https://www.ebi.ac.uk/QuickGO/term/GO:0009240	swiss_prot
A0A7G5KLV0	GO:0016102	diterpenoid biosynthetic process	https://www.ebi.ac.uk/QuickGO/term/GO:0016102	swiss_prot
A0A7G5KLV1	GO:0016102	diterpenoid biosynthetic process	https://www.ebi.ac.uk/QuickGO/term/GO:0016102	swiss_prot
A0A7J6F8C5	GO:0050992	dimethylallyl diphosphate biosynthetic process	https://www.ebi.ac.uk/QuickGO/term/GO:0050992	swiss_prot
A0A7J6F8C5	GO:0019288	isopentenyl diphosphate biosynthetic process, methylerythritol 4-phosphate pathway	https://www.ebi.ac.uk/QuickGO/term/GO:0019288	swiss_prot
A0A7J6HK32	GO:0016102	diterpenoid biosynthetic process	https://www.ebi.ac.uk/QuickGO/term/GO:0016102	swiss_prot
A0A7J6HWR9	GO:0045337	farnesyl diphosphate biosynthetic process	https://www.ebi.ac.uk/QuickGO/term/GO:0045337	swiss_prot
A0A7J6HWR9	GO:0033384	geranyl diphosphate biosynthetic process	https://www.ebi.ac.uk/QuickGO/term/GO:0033384	swiss_prot
A0A858E4Y8	GO:0008299	isoprenoid biosynthetic process	https://www.ebi.ac.uk/QuickGO/term/GO:0008299	swiss_prot
A0A8D5M3Y5	GO:0043386	mycotoxin biosynthetic process	https://www.ebi.ac.uk/QuickGO/term/GO:0043386	swiss_prot
A0A8D5M3Y5	GO:0016114	terpenoid biosynthetic process	https://www.ebi.ac.uk/QuickGO/term/GO:0016114	swiss_prot
A0A8H7XQ49				swiss_prot
A0A8H8CFI5				swiss_prot
A0A8K1AY78	GO:0043386	mycotoxin biosynthetic process	https://www.ebi.ac.uk/QuickGO/term/GO:0043386	swiss_prot
A0A8K1AY78	GO:0016114	terpenoid biosynthetic process	https://www.ebi.ac.uk/QuickGO/term/GO:0016114	swiss_prot
A0AA38CJ97	GO:0010597	green leaf volatile biosynthetic process	https://www.ebi.ac.uk/QuickGO/term/GO:0010597	swiss_prot
A0AA38CJ97	GO:0042617	paclitaxel biosynthetic process	https://www.ebi.ac.uk/QuickGO/term/GO:0042617	swiss_prot
A0AA38CJ97	GO:0009753	response to jasmonic acid	https://www.ebi.ac.uk/QuickGO/term/GO:0009753	swiss_prot
A0AAW1L0L7	GO:0016135	saponin biosynthetic process	https://www.ebi.ac.uk/QuickGO/term/GO:0016135	swiss_prot
A0AAW1L0L7	GO:0016104	triterpenoid biosynthetic process	https://www.ebi.ac.uk/QuickGO/term/GO:0016104	swiss_prot
A1C8C3	GO:0043386	mycotoxin biosynthetic process	https://www.ebi.ac.uk/QuickGO/term/GO:0043386	swiss_prot
A1C8C3	GO:0016114	terpenoid biosynthetic process	https://www.ebi.ac.uk/QuickGO/term/GO:0016114	swiss_prot
A1DN29	GO:0044550	secondary metabolite biosynthetic process	https://www.ebi.ac.uk/QuickGO/term/GO:0044550	swiss_prot
A1DN29	GO:0016114	terpenoid biosynthetic process	https://www.ebi.ac.uk/QuickGO/term/GO:0016114	swiss_prot
A1DN30	GO:0043386	mycotoxin biosynthetic process	https://www.ebi.ac.uk/QuickGO/term/GO:0043386	swiss_prot
A1DN30	GO:0016114	terpenoid biosynthetic process	https://www.ebi.ac.uk/QuickGO/term/GO:0016114	swiss_prot
A4DA41	GO:0044550	secondary metabolite biosynthetic process	https://www.ebi.ac.uk/QuickGO/term/GO:0044550	swiss_prot
A4DA41	GO:0016114	terpenoid biosynthetic process	https://www.ebi.ac.uk/QuickGO/term/GO:0016114	swiss_prot
A4KAG7	GO:0016102	diterpenoid biosynthetic process	https://www.ebi.ac.uk/QuickGO/term/GO:0016102	swiss_prot
A4KAG8	GO:0016102	diterpenoid biosynthetic process	https://www.ebi.ac.uk/QuickGO/term/GO:0016102	swiss_prot
A5PHD6	GO:0006633	fatty acid biosynthetic process	https://www.ebi.ac.uk/QuickGO/term/GO:0006633	swiss_prot
A5PHD6	GO:0044550	secondary metabolite biosynthetic process	https://www.ebi.ac.uk/QuickGO/term/GO:0044550	swiss_prot
A5PHD6	GO:0016114	terpenoid biosynthetic process	https://www.ebi.ac.uk/QuickGO/term/GO:0016114	swiss_prot
A8NE23				swiss_prot
A8NU13				swiss_prot
B0FGA9	GO:0016102	diterpenoid biosynthetic process	https://www.ebi.ac.uk/QuickGO/term/GO:0016102	swiss_prot
B0FGA9	GO:0051762	sesquiterpene biosynthetic process	https://www.ebi.ac.uk/QuickGO/term/GO:0051762	swiss_prot
B1B1U4	GO:0016102	diterpenoid biosynthetic process	https://www.ebi.ac.uk/QuickGO/term/GO:0016102	swiss_prot
B2KSJ5	GO:0016102	diterpenoid biosynthetic process	https://www.ebi.ac.uk/QuickGO/term/GO:0016102	swiss_prot
B2KSJ5	GO:0045338	farnesyl diphosphate metabolic process	https://www.ebi.ac.uk/QuickGO/term/GO:0045338	swiss_prot
B2KSJ5	GO:0051762	sesquiterpene biosynthetic process	https://www.ebi.ac.uk/QuickGO/term/GO:0051762	swiss_prot
B2KSJ6	GO:0016102	diterpenoid biosynthetic process	https://www.ebi.ac.uk/QuickGO/term/GO:0016102	swiss_prot
B2KSJ6	GO:0045338	farnesyl diphosphate metabolic process	https://www.ebi.ac.uk/QuickGO/term/GO:0045338	swiss_prot
B2KSJ6	GO:0051762	sesquiterpene biosynthetic process	https://www.ebi.ac.uk/QuickGO/term/GO:0051762	swiss_prot
B3TPQ6	GO:0016102	diterpenoid biosynthetic process	https://www.ebi.ac.uk/QuickGO/term/GO:0016102	swiss_prot
B3TPQ6	GO:0045338	farnesyl diphosphate metabolic process	https://www.ebi.ac.uk/QuickGO/term/GO:0045338	swiss_prot
B3TPQ6	GO:0051762	sesquiterpene biosynthetic process	https://www.ebi.ac.uk/QuickGO/term/GO:0051762	swiss_prot
B3TPQ7	GO:0016102	diterpenoid biosynthetic process	https://www.ebi.ac.uk/QuickGO/term/GO:0016102	swiss_prot
B3TPQ7	GO:0033383	geranyl diphosphate metabolic process	https://www.ebi.ac.uk/QuickGO/term/GO:0033383	swiss_prot
B3TPQ7	GO:0043693	monoterpene biosynthetic process	https://www.ebi.ac.uk/QuickGO/term/GO:0043693	swiss_prot
B4FVP3	GO:0051502	diterpene phytoalexin biosynthetic process	https://www.ebi.ac.uk/QuickGO/term/GO:0051502	swiss_prot
B4FVP3	GO:0016102	diterpenoid biosynthetic process	https://www.ebi.ac.uk/QuickGO/term/GO:0016102	swiss_prot
B5GMG2	GO:0033383	geranyl diphosphate metabolic process	https://www.ebi.ac.uk/QuickGO/term/GO:0033383	swiss_prot
B6HFX8	GO:0140879	conidiogenone biosynthetic process	https://www.ebi.ac.uk/QuickGO/term/GO:0140879	swiss_prot
B6HV32	GO:0017000	antibiotic biosynthetic process	https://www.ebi.ac.uk/QuickGO/term/GO:0017000	swiss_prot
B6HV32	GO:0006633	fatty acid biosynthetic process	https://www.ebi.ac.uk/QuickGO/term/GO:0006633	swiss_prot
B6HV32	GO:1901336	lactone biosynthetic process	https://www.ebi.ac.uk/QuickGO/term/GO:1901336	swiss_prot
B6HV32	GO:0030639	polyketide biosynthetic process	https://www.ebi.ac.uk/QuickGO/term/GO:0030639	swiss_prot
B6HV32	GO:0006508	proteolysis	https://www.ebi.ac.uk/QuickGO/term/GO:0006508	swiss_prot
B6HV32	GO:0016114	terpenoid biosynthetic process	https://www.ebi.ac.uk/QuickGO/term/GO:0016114	swiss_prot
B6K412	GO:0006629	lipid metabolic process	https://www.ebi.ac.uk/QuickGO/term/GO:0006629	swiss_prot
B6K412	GO:0016104	triterpenoid biosynthetic process	https://www.ebi.ac.uk/QuickGO/term/GO:0016104	swiss_prot
B7TWW5	GO:0009753	response to jasmonic acid	https://www.ebi.ac.uk/QuickGO/term/GO:0009753	swiss_prot
B7TWW5	GO:0016126	sterol biosynthetic process	https://www.ebi.ac.uk/QuickGO/term/GO:0016126	swiss_prot
B7TWW5	GO:0046246	terpene biosynthetic process	https://www.ebi.ac.uk/QuickGO/term/GO:0046246	swiss_prot
B8NHD6	GO:0016114	terpenoid biosynthetic process	https://www.ebi.ac.uk/QuickGO/term/GO:0016114	swiss_prot
B8NHD6	GO:0019346	transsulfuration	https://www.ebi.ac.uk/QuickGO/term/GO:0019346	swiss_prot
B8PD44				swiss_prot
B8PQ84	GO:0009686	gibberellin biosynthetic process	https://www.ebi.ac.uk/QuickGO/term/GO:0009686	swiss_prot
B8XA41	GO:0009686	gibberellin biosynthetic process	https://www.ebi.ac.uk/QuickGO/term/GO:0009686	swiss_prot
B8XA41	GO:0009395	phospholipid catabolic process	https://www.ebi.ac.uk/QuickGO/term/GO:0009395	swiss_prot
B8XA41	GO:0016115	terpenoid catabolic process	https://www.ebi.ac.uk/QuickGO/term/GO:0016115	swiss_prot
B9S9Z3	GO:1901928	cadinene biosynthetic process	https://www.ebi.ac.uk/QuickGO/term/GO:1901928	swiss_prot
B9S9Z3	GO:0016102	diterpenoid biosynthetic process	https://www.ebi.ac.uk/QuickGO/term/GO:0016102	swiss_prot
B9SIL7	GO:0016114	terpenoid biosynthetic process	https://www.ebi.ac.uk/QuickGO/term/GO:0016114	swiss_prot
B9SIM2	GO:0016114	terpenoid biosynthetic process	https://www.ebi.ac.uk/QuickGO/term/GO:0016114	swiss_prot
B9SIM3	GO:0016114	terpenoid biosynthetic process	https://www.ebi.ac.uk/QuickGO/term/GO:0016114	swiss_prot
C0KWV3	GO:0016102	diterpenoid biosynthetic process	https://www.ebi.ac.uk/QuickGO/term/GO:0016102	swiss_prot
C0KWV3	GO:0016099	monoterpenoid biosynthetic process	https://www.ebi.ac.uk/QuickGO/term/GO:0016099	swiss_prot
C0KWV4	GO:0016102	diterpenoid biosynthetic process	https://www.ebi.ac.uk/QuickGO/term/GO:0016102	swiss_prot
C0KWV4	GO:1903448	geraniol biosynthetic process	https://www.ebi.ac.uk/QuickGO/term/GO:1903448	swiss_prot
C0KWV4	GO:0016099	monoterpenoid biosynthetic process	https://www.ebi.ac.uk/QuickGO/term/GO:0016099	swiss_prot
C0KWV5	GO:0016102	diterpenoid biosynthetic process	https://www.ebi.ac.uk/QuickGO/term/GO:0016102	swiss_prot
C0KWV5	GO:0016099	monoterpenoid biosynthetic process	https://www.ebi.ac.uk/QuickGO/term/GO:0016099	swiss_prot
C0KWV6	GO:0016102	diterpenoid biosynthetic process	https://www.ebi.ac.uk/QuickGO/term/GO:0016102	swiss_prot
C0KWV6	GO:1903448	geraniol biosynthetic process	https://www.ebi.ac.uk/QuickGO/term/GO:1903448	swiss_prot
C0KWV6	GO:0016099	monoterpenoid biosynthetic process	https://www.ebi.ac.uk/QuickGO/term/GO:0016099	swiss_prot
C0KWV7	GO:0016102	diterpenoid biosynthetic process	https://www.ebi.ac.uk/QuickGO/term/GO:0016102	swiss_prot
C0KWV7	GO:0016099	monoterpenoid biosynthetic process	https://www.ebi.ac.uk/QuickGO/term/GO:0016099	swiss_prot
C0PPM5	GO:0016102	diterpenoid biosynthetic process	https://www.ebi.ac.uk/QuickGO/term/GO:0016102	swiss_prot
C0PPM5	GO:0010597	green leaf volatile biosynthetic process	https://www.ebi.ac.uk/QuickGO/term/GO:0010597	swiss_prot
C0PPM5	GO:0016106	sesquiterpenoid biosynthetic process	https://www.ebi.ac.uk/QuickGO/term/GO:0016106	swiss_prot
C0PPR1	GO:0016102	diterpenoid biosynthetic process	https://www.ebi.ac.uk/QuickGO/term/GO:0016102	swiss_prot
C0PPR1	GO:0010597	green leaf volatile biosynthetic process	https://www.ebi.ac.uk/QuickGO/term/GO:0010597	swiss_prot
C0PPR1	GO:0016099	monoterpenoid biosynthetic process	https://www.ebi.ac.uk/QuickGO/term/GO:0016099	swiss_prot
C0PPR1	GO:0009611	response to wounding	https://www.ebi.ac.uk/QuickGO/term/GO:0009611	swiss_prot
C0PT35	GO:0016102	diterpenoid biosynthetic process	https://www.ebi.ac.uk/QuickGO/term/GO:0016102	swiss_prot
C0PT35	GO:0010597	green leaf volatile biosynthetic process	https://www.ebi.ac.uk/QuickGO/term/GO:0010597	swiss_prot
C0PT35	GO:0016099	monoterpenoid biosynthetic process	https://www.ebi.ac.uk/QuickGO/term/GO:0016099	swiss_prot
C0PTH8	GO:0016102	diterpenoid biosynthetic process	https://www.ebi.ac.uk/QuickGO/term/GO:0016102	swiss_prot
C0PTH8	GO:0010597	green leaf volatile biosynthetic process	https://www.ebi.ac.uk/QuickGO/term/GO:0010597	swiss_prot
C0PTH8	GO:0016099	monoterpenoid biosynthetic process	https://www.ebi.ac.uk/QuickGO/term/GO:0016099	swiss_prot
C1K5M2	GO:0016094	polyprenol biosynthetic process	https://www.ebi.ac.uk/QuickGO/term/GO:0016094	swiss_prot
C3RSF5	GO:0046248	alpha-pinene biosynthetic process	https://www.ebi.ac.uk/QuickGO/term/GO:0046248	swiss_prot
C3RSF5	GO:0016102	diterpenoid biosynthetic process	https://www.ebi.ac.uk/QuickGO/term/GO:0016102	swiss_prot
C3RSF5	GO:0010597	green leaf volatile biosynthetic process	https://www.ebi.ac.uk/QuickGO/term/GO:0010597	swiss_prot
C3RSF5	GO:0016099	monoterpenoid biosynthetic process	https://www.ebi.ac.uk/QuickGO/term/GO:0016099	swiss_prot
C5YHH7	GO:0016102	diterpenoid biosynthetic process	https://www.ebi.ac.uk/QuickGO/term/GO:0016102	swiss_prot
C8VE79	GO:1900560	austinol biosynthetic process	https://www.ebi.ac.uk/QuickGO/term/GO:1900560	swiss_prot
C8VE79	GO:1900563	dehydroaustinol biosynthetic process	https://www.ebi.ac.uk/QuickGO/term/GO:1900563	swiss_prot
C8VE79	GO:0044550	secondary metabolite biosynthetic process	https://www.ebi.ac.uk/QuickGO/term/GO:0044550	swiss_prot
C8VE79	GO:0016114	terpenoid biosynthetic process	https://www.ebi.ac.uk/QuickGO/term/GO:0016114	swiss_prot
C8VE82	GO:1900560	austinol biosynthetic process	https://www.ebi.ac.uk/QuickGO/term/GO:1900560	swiss_prot
C8VE82	GO:1900563	dehydroaustinol biosynthetic process	https://www.ebi.ac.uk/QuickGO/term/GO:1900563	swiss_prot
C8VE82	GO:0016114	terpenoid biosynthetic process	https://www.ebi.ac.uk/QuickGO/term/GO:0016114	swiss_prot
C8VN91	GO:0019748	secondary metabolic process	https://www.ebi.ac.uk/QuickGO/term/GO:0019748	swiss_prot
C8VN91	GO:0016114	terpenoid biosynthetic process	https://www.ebi.ac.uk/QuickGO/term/GO:0016114	swiss_prot
C8VQ93	GO:1900560	austinol biosynthetic process	https://www.ebi.ac.uk/QuickGO/term/GO:1900560	swiss_prot
C8VQ93	GO:1900563	dehydroaustinol biosynthetic process	https://www.ebi.ac.uk/QuickGO/term/GO:1900563	swiss_prot
C8VQ93	GO:0016114	terpenoid biosynthetic process	https://www.ebi.ac.uk/QuickGO/term/GO:0016114	swiss_prot
C8VQ98	GO:1900560	austinol biosynthetic process	https://www.ebi.ac.uk/QuickGO/term/GO:1900560	swiss_prot
C8VQ98	GO:1900563	dehydroaustinol biosynthetic process	https://www.ebi.ac.uk/QuickGO/term/GO:1900563	swiss_prot
C8VQ98	GO:0044550	secondary metabolite biosynthetic process	https://www.ebi.ac.uk/QuickGO/term/GO:0044550	swiss_prot
C8VQ98	GO:0016114	terpenoid biosynthetic process	https://www.ebi.ac.uk/QuickGO/term/GO:0016114	swiss_prot
D0UZK2	GO:0016102	diterpenoid biosynthetic process	https://www.ebi.ac.uk/QuickGO/term/GO:0016102	swiss_prot
D0UZK2	GO:0009835	fruit ripening	https://www.ebi.ac.uk/QuickGO/term/GO:0009835	swiss_prot
D0UZK2	GO:0009723	response to ethylene	https://www.ebi.ac.uk/QuickGO/term/GO:0009723	swiss_prot
D0VMR6	GO:0016102	diterpenoid biosynthetic process	https://www.ebi.ac.uk/QuickGO/term/GO:0016102	swiss_prot
D0VMR6	GO:0045338	farnesyl diphosphate metabolic process	https://www.ebi.ac.uk/QuickGO/term/GO:0045338	swiss_prot
D0VMR6	GO:0009753	response to jasmonic acid	https://www.ebi.ac.uk/QuickGO/term/GO:0009753	swiss_prot
D0VMR6	GO:0051762	sesquiterpene biosynthetic process	https://www.ebi.ac.uk/QuickGO/term/GO:0051762	swiss_prot
D0VMR7	GO:0016102	diterpenoid biosynthetic process	https://www.ebi.ac.uk/QuickGO/term/GO:0016102	swiss_prot
D0VMR7	GO:0045338	farnesyl diphosphate metabolic process	https://www.ebi.ac.uk/QuickGO/term/GO:0045338	swiss_prot
D0VMR7	GO:0009753	response to jasmonic acid	https://www.ebi.ac.uk/QuickGO/term/GO:0009753	swiss_prot
D0VMR7	GO:0051762	sesquiterpene biosynthetic process	https://www.ebi.ac.uk/QuickGO/term/GO:0051762	swiss_prot
D0VMR8	GO:0016102	diterpenoid biosynthetic process	https://www.ebi.ac.uk/QuickGO/term/GO:0016102	swiss_prot
D0VMR8	GO:0045338	farnesyl diphosphate metabolic process	https://www.ebi.ac.uk/QuickGO/term/GO:0045338	swiss_prot
D0VMR8	GO:0009753	response to jasmonic acid	https://www.ebi.ac.uk/QuickGO/term/GO:0009753	swiss_prot
D0VMR8	GO:0051762	sesquiterpene biosynthetic process	https://www.ebi.ac.uk/QuickGO/term/GO:0051762	swiss_prot
D5SL78	GO:0045338	farnesyl diphosphate metabolic process	https://www.ebi.ac.uk/QuickGO/term/GO:0045338	swiss_prot
D5SL78	GO:0033383	geranyl diphosphate metabolic process	https://www.ebi.ac.uk/QuickGO/term/GO:0033383	swiss_prot
D7PHY9	GO:0016114	terpenoid biosynthetic process	https://www.ebi.ac.uk/QuickGO/term/GO:0016114	swiss_prot
D7PHY9	GO:0140872	viridicatumtoxin biosynthetic process	https://www.ebi.ac.uk/QuickGO/term/GO:0140872	swiss_prot
D7PHZ2	GO:0006633	fatty acid biosynthetic process	https://www.ebi.ac.uk/QuickGO/term/GO:0006633	swiss_prot
D7PHZ2	GO:0016114	terpenoid biosynthetic process	https://www.ebi.ac.uk/QuickGO/term/GO:0016114	swiss_prot
D7PHZ2	GO:0140872	viridicatumtoxin biosynthetic process	https://www.ebi.ac.uk/QuickGO/term/GO:0140872	swiss_prot
D7PHZ5	GO:0045337	farnesyl diphosphate biosynthetic process	https://www.ebi.ac.uk/QuickGO/term/GO:0045337	swiss_prot
D7PHZ5	GO:0140872	viridicatumtoxin biosynthetic process	https://www.ebi.ac.uk/QuickGO/term/GO:0140872	swiss_prot
D7PHZ6	GO:0016114	terpenoid biosynthetic process	https://www.ebi.ac.uk/QuickGO/term/GO:0016114	swiss_prot
D7PHZ6	GO:0140872	viridicatumtoxin biosynthetic process	https://www.ebi.ac.uk/QuickGO/term/GO:0140872	swiss_prot
E2E2N3	GO:0016102	diterpenoid biosynthetic process	https://www.ebi.ac.uk/QuickGO/term/GO:0016102	swiss_prot
E2E2N4	GO:0016102	diterpenoid biosynthetic process	https://www.ebi.ac.uk/QuickGO/term/GO:0016102	swiss_prot
E2E2N4	GO:0009414	response to water deprivation	https://www.ebi.ac.uk/QuickGO/term/GO:0009414	swiss_prot
E2E2N5	GO:0016102	diterpenoid biosynthetic process	https://www.ebi.ac.uk/QuickGO/term/GO:0016102	swiss_prot
E2E2P1	GO:0016102	diterpenoid biosynthetic process	https://www.ebi.ac.uk/QuickGO/term/GO:0016102	swiss_prot
E2E2P2	GO:0016102	diterpenoid biosynthetic process	https://www.ebi.ac.uk/QuickGO/term/GO:0016102	swiss_prot
E2IHE0	GO:0006952	defense response	https://www.ebi.ac.uk/QuickGO/term/GO:0006952	swiss_prot
E2IHE0	GO:0033385	geranylgeranyl diphosphate metabolic process	https://www.ebi.ac.uk/QuickGO/term/GO:0033385	swiss_prot
E2IHE0	GO:0009686	gibberellin biosynthetic process	https://www.ebi.ac.uk/QuickGO/term/GO:0009686	swiss_prot
E7DN64	GO:0016104	triterpenoid biosynthetic process	https://www.ebi.ac.uk/QuickGO/term/GO:0016104	swiss_prot
F1CKI8	GO:0016102	diterpenoid biosynthetic process	https://www.ebi.ac.uk/QuickGO/term/GO:0016102	swiss_prot
F1CKI8	GO:0043693	monoterpene biosynthetic process	https://www.ebi.ac.uk/QuickGO/term/GO:0043693	swiss_prot
F1CKI9	GO:0016102	diterpenoid biosynthetic process	https://www.ebi.ac.uk/QuickGO/term/GO:0016102	swiss_prot
F1CKI9	GO:0043693	monoterpene biosynthetic process	https://www.ebi.ac.uk/QuickGO/term/GO:0043693	swiss_prot
F1CKJ1	GO:0016102	diterpenoid biosynthetic process	https://www.ebi.ac.uk/QuickGO/term/GO:0016102	swiss_prot
F1SWA0	GO:0009688	abscisic acid biosynthetic process	https://www.ebi.ac.uk/QuickGO/term/GO:0009688	swiss_prot
F2XF92	GO:0016102	diterpenoid biosynthetic process	https://www.ebi.ac.uk/QuickGO/term/GO:0016102	swiss_prot
F2XF92	GO:0010597	green leaf volatile biosynthetic process	https://www.ebi.ac.uk/QuickGO/term/GO:0010597	swiss_prot
F2XF93	GO:0016102	diterpenoid biosynthetic process	https://www.ebi.ac.uk/QuickGO/term/GO:0016102	swiss_prot
F2XF93	GO:0010597	green leaf volatile biosynthetic process	https://www.ebi.ac.uk/QuickGO/term/GO:0010597	swiss_prot
F2XF93	GO:0016099	monoterpenoid biosynthetic process	https://www.ebi.ac.uk/QuickGO/term/GO:0016099	swiss_prot
F2XF94	GO:0016102	diterpenoid biosynthetic process	https://www.ebi.ac.uk/QuickGO/term/GO:0016102	swiss_prot
F2XF94	GO:0010597	green leaf volatile biosynthetic process	https://www.ebi.ac.uk/QuickGO/term/GO:0010597	swiss_prot
F2XF94	GO:0016099	monoterpenoid biosynthetic process	https://www.ebi.ac.uk/QuickGO/term/GO:0016099	swiss_prot
F2XF97	GO:0016102	diterpenoid biosynthetic process	https://www.ebi.ac.uk/QuickGO/term/GO:0016102	swiss_prot
F2XF97	GO:0010597	green leaf volatile biosynthetic process	https://www.ebi.ac.uk/QuickGO/term/GO:0010597	swiss_prot
F2XF97	GO:0016106	sesquiterpenoid biosynthetic process	https://www.ebi.ac.uk/QuickGO/term/GO:0016106	swiss_prot
F2XF98	GO:0016102	diterpenoid biosynthetic process	https://www.ebi.ac.uk/QuickGO/term/GO:0016102	swiss_prot
F2XF98	GO:0010597	green leaf volatile biosynthetic process	https://www.ebi.ac.uk/QuickGO/term/GO:0010597	swiss_prot
F2XF98	GO:0016099	monoterpenoid biosynthetic process	https://www.ebi.ac.uk/QuickGO/term/GO:0016099	swiss_prot
F2XFA0	GO:0016102	diterpenoid biosynthetic process	https://www.ebi.ac.uk/QuickGO/term/GO:0016102	swiss_prot
F2XFA0	GO:0010597	green leaf volatile biosynthetic process	https://www.ebi.ac.uk/QuickGO/term/GO:0010597	swiss_prot
F2XFA0	GO:0016106	sesquiterpenoid biosynthetic process	https://www.ebi.ac.uk/QuickGO/term/GO:0016106	swiss_prot
F2XFA1	GO:0016102	diterpenoid biosynthetic process	https://www.ebi.ac.uk/QuickGO/term/GO:0016102	swiss_prot
F2XFA1	GO:0010597	green leaf volatile biosynthetic process	https://www.ebi.ac.uk/QuickGO/term/GO:0010597	swiss_prot
F2XFA1	GO:0016099	monoterpenoid biosynthetic process	https://www.ebi.ac.uk/QuickGO/term/GO:0016099	swiss_prot
F2XFA2	GO:0016102	diterpenoid biosynthetic process	https://www.ebi.ac.uk/QuickGO/term/GO:0016102	swiss_prot
F2XFA2	GO:0010597	green leaf volatile biosynthetic process	https://www.ebi.ac.uk/QuickGO/term/GO:0010597	swiss_prot
F2XFA2	GO:0016099	monoterpenoid biosynthetic process	https://www.ebi.ac.uk/QuickGO/term/GO:0016099	swiss_prot
F2XFA4	GO:0016102	diterpenoid biosynthetic process	https://www.ebi.ac.uk/QuickGO/term/GO:0016102	swiss_prot
F2XFA4	GO:0010597	green leaf volatile biosynthetic process	https://www.ebi.ac.uk/QuickGO/term/GO:0010597	swiss_prot
F2XFA4	GO:0016099	monoterpenoid biosynthetic process	https://www.ebi.ac.uk/QuickGO/term/GO:0016099	swiss_prot
F2XFA5	GO:0016102	diterpenoid biosynthetic process	https://www.ebi.ac.uk/QuickGO/term/GO:0016102	swiss_prot
F2XFA5	GO:0010597	green leaf volatile biosynthetic process	https://www.ebi.ac.uk/QuickGO/term/GO:0010597	swiss_prot
F2XFA5	GO:0016099	monoterpenoid biosynthetic process	https://www.ebi.ac.uk/QuickGO/term/GO:0016099	swiss_prot
F2XFA6	GO:0016102	diterpenoid biosynthetic process	https://www.ebi.ac.uk/QuickGO/term/GO:0016102	swiss_prot
F2XFA6	GO:0010597	green leaf volatile biosynthetic process	https://www.ebi.ac.uk/QuickGO/term/GO:0010597	swiss_prot
F2XFA6	GO:0016099	monoterpenoid biosynthetic process	https://www.ebi.ac.uk/QuickGO/term/GO:0016099	swiss_prot
F6M8I0	GO:0016102	diterpenoid biosynthetic process	https://www.ebi.ac.uk/QuickGO/term/GO:0016102	swiss_prot
F6M8I0	GO:0016114	terpenoid biosynthetic process	https://www.ebi.ac.uk/QuickGO/term/GO:0016114	swiss_prot
G0Y7D1	GO:0016102	diterpenoid biosynthetic process	https://www.ebi.ac.uk/QuickGO/term/GO:0016102	swiss_prot
G0Y7D1	GO:0010597	green leaf volatile biosynthetic process	https://www.ebi.ac.uk/QuickGO/term/GO:0010597	swiss_prot
G0Y7D1	GO:0043693	monoterpene biosynthetic process	https://www.ebi.ac.uk/QuickGO/term/GO:0043693	swiss_prot
G0Y7D2	GO:0016102	diterpenoid biosynthetic process	https://www.ebi.ac.uk/QuickGO/term/GO:0016102	swiss_prot
G0Y7D2	GO:0010597	green leaf volatile biosynthetic process	https://www.ebi.ac.uk/QuickGO/term/GO:0010597	swiss_prot
G0Y7D2	GO:0043693	monoterpene biosynthetic process	https://www.ebi.ac.uk/QuickGO/term/GO:0043693	swiss_prot
G3CCC0	GO:1902243	copal-8-ol diphosphate(3-) biosynthetic process	https://www.ebi.ac.uk/QuickGO/term/GO:1902243	swiss_prot
G3CCC0	GO:1902247	geranylgeranyl diphosphate catabolic process	https://www.ebi.ac.uk/QuickGO/term/GO:1902247	swiss_prot
G3CCC0	GO:0009686	gibberellin biosynthetic process	https://www.ebi.ac.uk/QuickGO/term/GO:0009686	swiss_prot
G3CCC1	GO:1902246	cis-abienol biosynthetic process	https://www.ebi.ac.uk/QuickGO/term/GO:1902246	swiss_prot
G3CCC1	GO:1902242	copal-8-ol diphosphate(3-) catabolic process	https://www.ebi.ac.uk/QuickGO/term/GO:1902242	swiss_prot
G3CCC1	GO:0009686	gibberellin biosynthetic process	https://www.ebi.ac.uk/QuickGO/term/GO:0009686	swiss_prot
G3E4M4	GO:0009686	gibberellin biosynthetic process	https://www.ebi.ac.uk/QuickGO/term/GO:0009686	swiss_prot
G3E4M4	GO:1901946	miltiradiene biosynthetic process	https://www.ebi.ac.uk/QuickGO/term/GO:1901946	swiss_prot
G3E4M4	GO:0016114	terpenoid biosynthetic process	https://www.ebi.ac.uk/QuickGO/term/GO:0016114	swiss_prot
G3E4M6	GO:0009686	gibberellin biosynthetic process	https://www.ebi.ac.uk/QuickGO/term/GO:0009686	swiss_prot
G3E4M6	GO:1901946	miltiradiene biosynthetic process	https://www.ebi.ac.uk/QuickGO/term/GO:1901946	swiss_prot
G3E4M6	GO:0016114	terpenoid biosynthetic process	https://www.ebi.ac.uk/QuickGO/term/GO:0016114	swiss_prot
G5CV45	GO:0016102	diterpenoid biosynthetic process	https://www.ebi.ac.uk/QuickGO/term/GO:0016102	swiss_prot
G5CV45	GO:0045339	farnesyl diphosphate catabolic process	https://www.ebi.ac.uk/QuickGO/term/GO:0045339	swiss_prot
G5CV45	GO:0051762	sesquiterpene biosynthetic process	https://www.ebi.ac.uk/QuickGO/term/GO:0051762	swiss_prot
G5CV46	GO:0016102	diterpenoid biosynthetic process	https://www.ebi.ac.uk/QuickGO/term/GO:0016102	swiss_prot
G5CV46	GO:0009753	response to jasmonic acid	https://www.ebi.ac.uk/QuickGO/term/GO:0009753	swiss_prot
G5CV46	GO:0016114	terpenoid biosynthetic process	https://www.ebi.ac.uk/QuickGO/term/GO:0016114	swiss_prot
G8GJ94	GO:0016102	diterpenoid biosynthetic process	https://www.ebi.ac.uk/QuickGO/term/GO:0016102	swiss_prot
G8GJ94	GO:0009686	gibberellin biosynthetic process	https://www.ebi.ac.uk/QuickGO/term/GO:0009686	swiss_prot
G8GJ95	GO:0016102	diterpenoid biosynthetic process	https://www.ebi.ac.uk/QuickGO/term/GO:0016102	swiss_prot
G8GJ95	GO:0009686	gibberellin biosynthetic process	https://www.ebi.ac.uk/QuickGO/term/GO:0009686	swiss_prot
G8GJ96	GO:0016102	diterpenoid biosynthetic process	https://www.ebi.ac.uk/QuickGO/term/GO:0016102	swiss_prot
G8GJ96	GO:0009686	gibberellin biosynthetic process	https://www.ebi.ac.uk/QuickGO/term/GO:0009686	swiss_prot
H1VQB1	GO:0043386	mycotoxin biosynthetic process	https://www.ebi.ac.uk/QuickGO/term/GO:0043386	swiss_prot
H1VQB1	GO:0016114	terpenoid biosynthetic process	https://www.ebi.ac.uk/QuickGO/term/GO:0016114	swiss_prot
H8ZM73	GO:0016102	diterpenoid biosynthetic process	https://www.ebi.ac.uk/QuickGO/term/GO:0016102	swiss_prot
H9L9E5	GO:0016102	diterpenoid biosynthetic process	https://www.ebi.ac.uk/QuickGO/term/GO:0016102	swiss_prot
H9L9E5	GO:0010597	green leaf volatile biosynthetic process	https://www.ebi.ac.uk/QuickGO/term/GO:0010597	swiss_prot
H9L9E5	GO:0051762	sesquiterpene biosynthetic process	https://www.ebi.ac.uk/QuickGO/term/GO:0051762	swiss_prot
I1RL11	GO:0006633	fatty acid biosynthetic process	https://www.ebi.ac.uk/QuickGO/term/GO:0006633	swiss_prot
I1RL11	GO:0044550	secondary metabolite biosynthetic process	https://www.ebi.ac.uk/QuickGO/term/GO:0044550	swiss_prot
I1RL11	GO:0016114	terpenoid biosynthetic process	https://www.ebi.ac.uk/QuickGO/term/GO:0016114	swiss_prot
I1RQ76	GO:0006696	ergosterol biosynthetic process	https://www.ebi.ac.uk/QuickGO/term/GO:0006696	swiss_prot
I1S104	GO:0043386	mycotoxin biosynthetic process	https://www.ebi.ac.uk/QuickGO/term/GO:0043386	swiss_prot
I1ZHA5	GO:1901928	cadinene biosynthetic process	https://www.ebi.ac.uk/QuickGO/term/GO:1901928	swiss_prot
I1ZHA5	GO:0016102	diterpenoid biosynthetic process	https://www.ebi.ac.uk/QuickGO/term/GO:0016102	swiss_prot
I1ZHA5	GO:0010597	green leaf volatile biosynthetic process	https://www.ebi.ac.uk/QuickGO/term/GO:0010597	swiss_prot
I1ZHA5	GO:0051762	sesquiterpene biosynthetic process	https://www.ebi.ac.uk/QuickGO/term/GO:0051762	swiss_prot
I7GPX8	GO:0016102	diterpenoid biosynthetic process	https://www.ebi.ac.uk/QuickGO/term/GO:0016102	swiss_prot
I7GPX8	GO:0046250	limonene biosynthetic process	https://www.ebi.ac.uk/QuickGO/term/GO:0046250	swiss_prot
I7GPX8	GO:0051762	sesquiterpene biosynthetic process	https://www.ebi.ac.uk/QuickGO/term/GO:0051762	swiss_prot
J7LP58	GO:1901931	alpha-copaene biosynthetic process	https://www.ebi.ac.uk/QuickGO/term/GO:1901931	swiss_prot
J7LP58	GO:1901928	cadinene biosynthetic process	https://www.ebi.ac.uk/QuickGO/term/GO:1901928	swiss_prot
J7LP58	GO:0016102	diterpenoid biosynthetic process	https://www.ebi.ac.uk/QuickGO/term/GO:0016102	swiss_prot
J7LP58	GO:0045339	farnesyl diphosphate catabolic process	https://www.ebi.ac.uk/QuickGO/term/GO:0045339	swiss_prot
L0HAM7	GO:0016102	diterpenoid biosynthetic process	https://www.ebi.ac.uk/QuickGO/term/GO:0016102	swiss_prot
L0HB77	GO:0016102	diterpenoid biosynthetic process	https://www.ebi.ac.uk/QuickGO/term/GO:0016102	swiss_prot
L0N065				swiss_prot
M1VDX3				swiss_prot
M2U578	GO:0043386	mycotoxin biosynthetic process	https://www.ebi.ac.uk/QuickGO/term/GO:0043386	swiss_prot
M2U578	GO:0016114	terpenoid biosynthetic process	https://www.ebi.ac.uk/QuickGO/term/GO:0016114	swiss_prot
M2V8C1	GO:0043386	mycotoxin biosynthetic process	https://www.ebi.ac.uk/QuickGO/term/GO:0043386	swiss_prot
M2V8C1	GO:0016114	terpenoid biosynthetic process	https://www.ebi.ac.uk/QuickGO/term/GO:0016114	swiss_prot
M4HXU6	GO:0016102	diterpenoid biosynthetic process	https://www.ebi.ac.uk/QuickGO/term/GO:0016102	swiss_prot
M4HY05	GO:0016102	diterpenoid biosynthetic process	https://www.ebi.ac.uk/QuickGO/term/GO:0016102	swiss_prot
M4HYC6	GO:0016102	diterpenoid biosynthetic process	https://www.ebi.ac.uk/QuickGO/term/GO:0016102	swiss_prot
M4I1C6	GO:0006203	dGTP catabolic process	https://www.ebi.ac.uk/QuickGO/term/GO:0006203	swiss_prot
M4VQY9	GO:1902086	fumagillin biosynthetic process	https://www.ebi.ac.uk/QuickGO/term/GO:1902086	swiss_prot
M4VQY9	GO:0019748	secondary metabolic process	https://www.ebi.ac.uk/QuickGO/term/GO:0019748	swiss_prot
M4VQY9	GO:0016114	terpenoid biosynthetic process	https://www.ebi.ac.uk/QuickGO/term/GO:0016114	swiss_prot
N4V6D4	GO:0043386	mycotoxin biosynthetic process	https://www.ebi.ac.uk/QuickGO/term/GO:0043386	swiss_prot
N4V6D4	GO:0016114	terpenoid biosynthetic process	https://www.ebi.ac.uk/QuickGO/term/GO:0016114	swiss_prot
O22340	GO:0016102	diterpenoid biosynthetic process	https://www.ebi.ac.uk/QuickGO/term/GO:0016102	swiss_prot
O24474	GO:0016102	diterpenoid biosynthetic process	https://www.ebi.ac.uk/QuickGO/term/GO:0016102	swiss_prot
O24475	GO:0016102	diterpenoid biosynthetic process	https://www.ebi.ac.uk/QuickGO/term/GO:0016102	swiss_prot
O48935	GO:0016102	diterpenoid biosynthetic process	https://www.ebi.ac.uk/QuickGO/term/GO:0016102	swiss_prot
O64404	GO:0016102	diterpenoid biosynthetic process	https://www.ebi.ac.uk/QuickGO/term/GO:0016102	swiss_prot
O64405	GO:0016102	diterpenoid biosynthetic process	https://www.ebi.ac.uk/QuickGO/term/GO:0016102	swiss_prot
O65404	GO:0009725	response to hormone	https://www.ebi.ac.uk/QuickGO/term/GO:0009725	swiss_prot
O65404	GO:0016126	sterol biosynthetic process	https://www.ebi.ac.uk/QuickGO/term/GO:0016126	swiss_prot
O81000	GO:0009725	response to hormone	https://www.ebi.ac.uk/QuickGO/term/GO:0009725	swiss_prot
O81000	GO:0016126	sterol biosynthetic process	https://www.ebi.ac.uk/QuickGO/term/GO:0016126	swiss_prot
O81086	GO:0016102	diterpenoid biosynthetic process	https://www.ebi.ac.uk/QuickGO/term/GO:0016102	swiss_prot
O82139	GO:0019745	pentacyclic triterpenoid biosynthetic process	https://www.ebi.ac.uk/QuickGO/term/GO:0019745	swiss_prot
P00183	GO:0019383	(+)-camphor catabolic process	https://www.ebi.ac.uk/QuickGO/term/GO:0019383	swiss_prot
P0CJ43	GO:0016102	diterpenoid biosynthetic process	https://www.ebi.ac.uk/QuickGO/term/GO:0016102	swiss_prot
P0CV94	GO:0016102	diterpenoid biosynthetic process	https://www.ebi.ac.uk/QuickGO/term/GO:0016102	swiss_prot
P0CV95	GO:0016102	diterpenoid biosynthetic process	https://www.ebi.ac.uk/QuickGO/term/GO:0016102	swiss_prot
P0DL13	GO:0016114	terpenoid biosynthetic process	https://www.ebi.ac.uk/QuickGO/term/GO:0016114	swiss_prot
P0DO37	GO:0002213	defense response to insect	https://www.ebi.ac.uk/QuickGO/term/GO:0002213	swiss_prot
P0DO37	GO:0009625	response to insect	https://www.ebi.ac.uk/QuickGO/term/GO:0009625	swiss_prot
P0DO37	GO:0016114	terpenoid biosynthetic process	https://www.ebi.ac.uk/QuickGO/term/GO:0016114	swiss_prot
P0DO40	GO:0009625	response to insect	https://www.ebi.ac.uk/QuickGO/term/GO:0009625	swiss_prot
P0DO40	GO:0016114	terpenoid biosynthetic process	https://www.ebi.ac.uk/QuickGO/term/GO:0016114	swiss_prot
P16640	GO:0019383	(+)-camphor catabolic process	https://www.ebi.ac.uk/QuickGO/term/GO:0019383	swiss_prot
P53799	GO:0045338	farnesyl diphosphate metabolic process	https://www.ebi.ac.uk/QuickGO/term/GO:0045338	swiss_prot
P53799	GO:0016126	sterol biosynthetic process	https://www.ebi.ac.uk/QuickGO/term/GO:0016126	swiss_prot
P77735	GO:1902767	isoprenoid biosynthetic process via mevalonate	https://www.ebi.ac.uk/QuickGO/term/GO:1902767	swiss_prot
P77735	GO:0006772	thiamine metabolic process	https://www.ebi.ac.uk/QuickGO/term/GO:0006772	swiss_prot
P93665	GO:0016102	diterpenoid biosynthetic process	https://www.ebi.ac.uk/QuickGO/term/GO:0016102	swiss_prot
P93665	GO:0009617	response to bacterium	https://www.ebi.ac.uk/QuickGO/term/GO:0009617	swiss_prot
P9WEG9	GO:0016114	terpenoid biosynthetic process	https://www.ebi.ac.uk/QuickGO/term/GO:0016114	swiss_prot
P9WEH1	GO:0005975	carbohydrate metabolic process	https://www.ebi.ac.uk/QuickGO/term/GO:0005975	swiss_prot
P9WEH1	GO:0016104	triterpenoid biosynthetic process	https://www.ebi.ac.uk/QuickGO/term/GO:0016104	swiss_prot
P9WEP0	GO:0043386	mycotoxin biosynthetic process	https://www.ebi.ac.uk/QuickGO/term/GO:0043386	swiss_prot
P9WEP0	GO:0016114	terpenoid biosynthetic process	https://www.ebi.ac.uk/QuickGO/term/GO:0016114	swiss_prot
P9WEQ0	GO:0006633	fatty acid biosynthetic process	https://www.ebi.ac.uk/QuickGO/term/GO:0006633	swiss_prot
P9WEQ0	GO:1901336	lactone biosynthetic process	https://www.ebi.ac.uk/QuickGO/term/GO:1901336	swiss_prot
P9WEQ0	GO:0030639	polyketide biosynthetic process	https://www.ebi.ac.uk/QuickGO/term/GO:0030639	swiss_prot
P9WEQ0	GO:0016114	terpenoid biosynthetic process	https://www.ebi.ac.uk/QuickGO/term/GO:0016114	swiss_prot
P9WEQ1	GO:0043386	mycotoxin biosynthetic process	https://www.ebi.ac.uk/QuickGO/term/GO:0043386	swiss_prot
P9WEQ1	GO:0016114	terpenoid biosynthetic process	https://www.ebi.ac.uk/QuickGO/term/GO:0016114	swiss_prot
P9WEQ6	GO:0043386	mycotoxin biosynthetic process	https://www.ebi.ac.uk/QuickGO/term/GO:0043386	swiss_prot
P9WEQ6	GO:0016114	terpenoid biosynthetic process	https://www.ebi.ac.uk/QuickGO/term/GO:0016114	swiss_prot
P9WEQ9	GO:0043386	mycotoxin biosynthetic process	https://www.ebi.ac.uk/QuickGO/term/GO:0043386	swiss_prot
P9WEQ9	GO:0016114	terpenoid biosynthetic process	https://www.ebi.ac.uk/QuickGO/term/GO:0016114	swiss_prot
P9WEV2	GO:0043386	mycotoxin biosynthetic process	https://www.ebi.ac.uk/QuickGO/term/GO:0043386	swiss_prot
P9WEV2	GO:0016114	terpenoid biosynthetic process	https://www.ebi.ac.uk/QuickGO/term/GO:0016114	swiss_prot
P9WEV3	GO:0019748	secondary metabolic process	https://www.ebi.ac.uk/QuickGO/term/GO:0019748	swiss_prot
P9WEV3	GO:0016114	terpenoid biosynthetic process	https://www.ebi.ac.uk/QuickGO/term/GO:0016114	swiss_prot
P9WEV6	GO:0043386	mycotoxin biosynthetic process	https://www.ebi.ac.uk/QuickGO/term/GO:0043386	swiss_prot
P9WEV6	GO:0016114	terpenoid biosynthetic process	https://www.ebi.ac.uk/QuickGO/term/GO:0016114	swiss_prot
P9WEV7	GO:0008299	isoprenoid biosynthetic process	https://www.ebi.ac.uk/QuickGO/term/GO:0008299	swiss_prot
P9WEV7	GO:0043386	mycotoxin biosynthetic process	https://www.ebi.ac.uk/QuickGO/term/GO:0043386	swiss_prot
P9WEW8	GO:0043386	mycotoxin biosynthetic process	https://www.ebi.ac.uk/QuickGO/term/GO:0043386	swiss_prot
P9WEW8	GO:0016114	terpenoid biosynthetic process	https://www.ebi.ac.uk/QuickGO/term/GO:0016114	swiss_prot
P9WEX3	GO:0043386	mycotoxin biosynthetic process	https://www.ebi.ac.uk/QuickGO/term/GO:0043386	swiss_prot
P9WEX3	GO:0016114	terpenoid biosynthetic process	https://www.ebi.ac.uk/QuickGO/term/GO:0016114	swiss_prot
P9WEX9	GO:0043386	mycotoxin biosynthetic process	https://www.ebi.ac.uk/QuickGO/term/GO:0043386	swiss_prot
P9WEX9	GO:0016114	terpenoid biosynthetic process	https://www.ebi.ac.uk/QuickGO/term/GO:0016114	swiss_prot
P9WEY7	GO:0046246	terpene biosynthetic process	https://www.ebi.ac.uk/QuickGO/term/GO:0046246	swiss_prot
Q00870	GO:0051410	detoxification of nitrogen compound	https://www.ebi.ac.uk/QuickGO/term/GO:0051410	swiss_prot
Q00870	GO:0052316	phytoalexin catabolic process	https://www.ebi.ac.uk/QuickGO/term/GO:0052316	swiss_prot
Q00909	GO:0016106	sesquiterpenoid biosynthetic process	https://www.ebi.ac.uk/QuickGO/term/GO:0016106	swiss_prot
Q00G37	GO:0016102	diterpenoid biosynthetic process	https://www.ebi.ac.uk/QuickGO/term/GO:0016102	swiss_prot
Q04782	GO:0006696	ergosterol biosynthetic process	https://www.ebi.ac.uk/QuickGO/term/GO:0006696	swiss_prot
Q04782	GO:0016104	triterpenoid biosynthetic process	https://www.ebi.ac.uk/QuickGO/term/GO:0016104	swiss_prot
Q0C8A1	GO:0019748	secondary metabolic process	https://www.ebi.ac.uk/QuickGO/term/GO:0019748	swiss_prot
Q0C8A1	GO:0016114	terpenoid biosynthetic process	https://www.ebi.ac.uk/QuickGO/term/GO:0016114	swiss_prot
Q0C8A2	GO:0016114	terpenoid biosynthetic process	https://www.ebi.ac.uk/QuickGO/term/GO:0016114	swiss_prot
Q0C8A4	GO:0006633	fatty acid biosynthetic process	https://www.ebi.ac.uk/QuickGO/term/GO:0006633	swiss_prot
Q0C8A4	GO:0044550	secondary metabolite biosynthetic process	https://www.ebi.ac.uk/QuickGO/term/GO:0044550	swiss_prot
Q0C8A4	GO:0016114	terpenoid biosynthetic process	https://www.ebi.ac.uk/QuickGO/term/GO:0016114	swiss_prot
Q0CRW6	GO:0043386	mycotoxin biosynthetic process	https://www.ebi.ac.uk/QuickGO/term/GO:0043386	swiss_prot
Q0CRW6	GO:0016114	terpenoid biosynthetic process	https://www.ebi.ac.uk/QuickGO/term/GO:0016114	swiss_prot
Q0CRW7	GO:0019748	secondary metabolic process	https://www.ebi.ac.uk/QuickGO/term/GO:0019748	swiss_prot
Q0CRW7	GO:0016114	terpenoid biosynthetic process	https://www.ebi.ac.uk/QuickGO/term/GO:0016114	swiss_prot
Q0E088	GO:0016102	diterpenoid biosynthetic process	https://www.ebi.ac.uk/QuickGO/term/GO:0016102	swiss_prot
Q0JA82	GO:0009686	gibberellin biosynthetic process	https://www.ebi.ac.uk/QuickGO/term/GO:0009686	swiss_prot
Q0JEZ8	GO:0016102	diterpenoid biosynthetic process	https://www.ebi.ac.uk/QuickGO/term/GO:0016102	swiss_prot
Q0WQ07	GO:0050832	defense response to fungus	https://www.ebi.ac.uk/QuickGO/term/GO:0050832	swiss_prot
Q0WQ07	GO:0046246	terpene biosynthetic process	https://www.ebi.ac.uk/QuickGO/term/GO:0046246	swiss_prot
Q10231	GO:0006696	ergosterol biosynthetic process	https://www.ebi.ac.uk/QuickGO/term/GO:0006696	swiss_prot
Q10231	GO:0016104	triterpenoid biosynthetic process	https://www.ebi.ac.uk/QuickGO/term/GO:0016104	swiss_prot
Q15FB4				swiss_prot
Q15FB6				swiss_prot
Q15FB7	GO:0009820	alkaloid metabolic process	https://www.ebi.ac.uk/QuickGO/term/GO:0009820	swiss_prot
Q15FB7	GO:0008299	isoprenoid biosynthetic process	https://www.ebi.ac.uk/QuickGO/term/GO:0008299	swiss_prot
Q15FB7	GO:0043386	mycotoxin biosynthetic process	https://www.ebi.ac.uk/QuickGO/term/GO:0043386	swiss_prot
Q1G1A4	GO:0016104	triterpenoid biosynthetic process	https://www.ebi.ac.uk/QuickGO/term/GO:0016104	swiss_prot
Q1XBU5	GO:0016102	diterpenoid biosynthetic process	https://www.ebi.ac.uk/QuickGO/term/GO:0016102	swiss_prot
Q20HU7	GO:0016102	diterpenoid biosynthetic process	https://www.ebi.ac.uk/QuickGO/term/GO:0016102	swiss_prot
Q20HU7	GO:0046250	limonene biosynthetic process	https://www.ebi.ac.uk/QuickGO/term/GO:0046250	swiss_prot
Q20HU7	GO:0043693	monoterpene biosynthetic process	https://www.ebi.ac.uk/QuickGO/term/GO:0043693	swiss_prot
Q20HU7	GO:0009611	response to wounding	https://www.ebi.ac.uk/QuickGO/term/GO:0009611	swiss_prot
Q24FB1	GO:0016104	triterpenoid biosynthetic process	https://www.ebi.ac.uk/QuickGO/term/GO:0016104	swiss_prot
Q2QQJ5	GO:0016102	diterpenoid biosynthetic process	https://www.ebi.ac.uk/QuickGO/term/GO:0016102	swiss_prot
Q308N0	GO:0016102	diterpenoid biosynthetic process	https://www.ebi.ac.uk/QuickGO/term/GO:0016102	swiss_prot
Q308N0	GO:1903448	geraniol biosynthetic process	https://www.ebi.ac.uk/QuickGO/term/GO:1903448	swiss_prot
Q308N0	GO:0016099	monoterpenoid biosynthetic process	https://www.ebi.ac.uk/QuickGO/term/GO:0016099	swiss_prot
Q39548	GO:0009686	gibberellin biosynthetic process	https://www.ebi.ac.uk/QuickGO/term/GO:0009686	swiss_prot
Q39761	GO:0016102	diterpenoid biosynthetic process	https://www.ebi.ac.uk/QuickGO/term/GO:0016102	swiss_prot
Q41594	GO:0010597	green leaf volatile biosynthetic process	https://www.ebi.ac.uk/QuickGO/term/GO:0010597	swiss_prot
Q41594	GO:0042617	paclitaxel biosynthetic process	https://www.ebi.ac.uk/QuickGO/term/GO:0042617	swiss_prot
Q43714	GO:0048653	anther development	https://www.ebi.ac.uk/QuickGO/term/GO:0048653	swiss_prot
Q43714	GO:0048825	cotyledon development	https://www.ebi.ac.uk/QuickGO/term/GO:0048825	swiss_prot
Q43714	GO:0016102	diterpenoid biosynthetic process	https://www.ebi.ac.uk/QuickGO/term/GO:0016102	swiss_prot
Q43714	GO:0090377	seed trichome initiation	https://www.ebi.ac.uk/QuickGO/term/GO:0090377	swiss_prot
Q43714	GO:0048442	sepal development	https://www.ebi.ac.uk/QuickGO/term/GO:0048442	swiss_prot
Q43714	GO:0048480	stigma development	https://www.ebi.ac.uk/QuickGO/term/GO:0048480	swiss_prot
Q49SP4	GO:0016102	diterpenoid biosynthetic process	https://www.ebi.ac.uk/QuickGO/term/GO:0016102	swiss_prot
Q49SP4	GO:0045338	farnesyl diphosphate metabolic process	https://www.ebi.ac.uk/QuickGO/term/GO:0045338	swiss_prot
Q49SP4	GO:0051762	sesquiterpene biosynthetic process	https://www.ebi.ac.uk/QuickGO/term/GO:0051762	swiss_prot
Q49SP5	GO:0016102	diterpenoid biosynthetic process	https://www.ebi.ac.uk/QuickGO/term/GO:0016102	swiss_prot
Q49SP5	GO:0045338	farnesyl diphosphate metabolic process	https://www.ebi.ac.uk/QuickGO/term/GO:0045338	swiss_prot
Q49SP5	GO:0051762	sesquiterpene biosynthetic process	https://www.ebi.ac.uk/QuickGO/term/GO:0051762	swiss_prot
Q49SP6	GO:0016102	diterpenoid biosynthetic process	https://www.ebi.ac.uk/QuickGO/term/GO:0016102	swiss_prot
Q49SP6	GO:0045338	farnesyl diphosphate metabolic process	https://www.ebi.ac.uk/QuickGO/term/GO:0045338	swiss_prot
Q49SP6	GO:0051762	sesquiterpene biosynthetic process	https://www.ebi.ac.uk/QuickGO/term/GO:0051762	swiss_prot
Q49SP7	GO:0016102	diterpenoid biosynthetic process	https://www.ebi.ac.uk/QuickGO/term/GO:0016102	swiss_prot
Q49SP7	GO:0045338	farnesyl diphosphate metabolic process	https://www.ebi.ac.uk/QuickGO/term/GO:0045338	swiss_prot
Q49SP7	GO:0051762	sesquiterpene biosynthetic process	https://www.ebi.ac.uk/QuickGO/term/GO:0051762	swiss_prot
Q4JHG3	GO:0016102	diterpenoid biosynthetic process	https://www.ebi.ac.uk/QuickGO/term/GO:0016102	swiss_prot
Q4JHG3	GO:1903448	geraniol biosynthetic process	https://www.ebi.ac.uk/QuickGO/term/GO:1903448	swiss_prot
Q4JHG3	GO:0016099	monoterpenoid biosynthetic process	https://www.ebi.ac.uk/QuickGO/term/GO:0016099	swiss_prot
Q4U3F7	GO:0016102	diterpenoid biosynthetic process	https://www.ebi.ac.uk/QuickGO/term/GO:0016102	swiss_prot
Q4U3F7	GO:0051762	sesquiterpene biosynthetic process	https://www.ebi.ac.uk/QuickGO/term/GO:0051762	swiss_prot
Q4WAY3	GO:0006633	fatty acid biosynthetic process	https://www.ebi.ac.uk/QuickGO/term/GO:0006633	swiss_prot
Q4WAY3	GO:0044550	secondary metabolite biosynthetic process	https://www.ebi.ac.uk/QuickGO/term/GO:0044550	swiss_prot
Q4WAY3	GO:0016114	terpenoid biosynthetic process	https://www.ebi.ac.uk/QuickGO/term/GO:0016114	swiss_prot
Q4WAY7	GO:0006508	proteolysis	https://www.ebi.ac.uk/QuickGO/term/GO:0006508	swiss_prot
Q4WAZ3	GO:1902086	fumagillin biosynthetic process	https://www.ebi.ac.uk/QuickGO/term/GO:1902086	swiss_prot
Q4WAZ3	GO:0016114	terpenoid biosynthetic process	https://www.ebi.ac.uk/QuickGO/term/GO:0016114	swiss_prot
Q4WAZ4	GO:0006633	fatty acid biosynthetic process	https://www.ebi.ac.uk/QuickGO/term/GO:0006633	swiss_prot
Q4WAZ4	GO:0044550	secondary metabolite biosynthetic process	https://www.ebi.ac.uk/QuickGO/term/GO:0044550	swiss_prot
Q4WAZ4	GO:0016114	terpenoid biosynthetic process	https://www.ebi.ac.uk/QuickGO/term/GO:0016114	swiss_prot
Q4WBH9	GO:0006633	fatty acid biosynthetic process	https://www.ebi.ac.uk/QuickGO/term/GO:0006633	swiss_prot
Q4WBH9	GO:0019748	secondary metabolic process	https://www.ebi.ac.uk/QuickGO/term/GO:0019748	swiss_prot
Q4WBH9	GO:0044550	secondary metabolite biosynthetic process	https://www.ebi.ac.uk/QuickGO/term/GO:0044550	swiss_prot
Q4WBH9	GO:0016114	terpenoid biosynthetic process	https://www.ebi.ac.uk/QuickGO/term/GO:0016114	swiss_prot
Q4WLD1	GO:0044550	secondary metabolite biosynthetic process	https://www.ebi.ac.uk/QuickGO/term/GO:0044550	swiss_prot
Q4WLD1	GO:0016114	terpenoid biosynthetic process	https://www.ebi.ac.uk/QuickGO/term/GO:0016114	swiss_prot
Q50EK2	GO:0016102	diterpenoid biosynthetic process	https://www.ebi.ac.uk/QuickGO/term/GO:0016102	swiss_prot
Q54TW4	GO:0046246	terpene biosynthetic process	https://www.ebi.ac.uk/QuickGO/term/GO:0046246	swiss_prot
Q54YE2	GO:0051762	sesquiterpene biosynthetic process	https://www.ebi.ac.uk/QuickGO/term/GO:0051762	swiss_prot
Q56RZ1				swiss_prot
Q56RZ3	GO:0008299	isoprenoid biosynthetic process	https://www.ebi.ac.uk/QuickGO/term/GO:0008299	swiss_prot
Q56RZ3	GO:0043386	mycotoxin biosynthetic process	https://www.ebi.ac.uk/QuickGO/term/GO:0043386	swiss_prot
Q56RZ5				swiss_prot
Q56RZ7	GO:0008299	isoprenoid biosynthetic process	https://www.ebi.ac.uk/QuickGO/term/GO:0008299	swiss_prot
Q56RZ7	GO:0043386	mycotoxin biosynthetic process	https://www.ebi.ac.uk/QuickGO/term/GO:0043386	swiss_prot
Q5AR21	GO:1900560	austinol biosynthetic process	https://www.ebi.ac.uk/QuickGO/term/GO:1900560	swiss_prot
Q5AR21	GO:1900563	dehydroaustinol biosynthetic process	https://www.ebi.ac.uk/QuickGO/term/GO:1900563	swiss_prot
Q5AR21	GO:0016114	terpenoid biosynthetic process	https://www.ebi.ac.uk/QuickGO/term/GO:0016114	swiss_prot
Q5AR27	GO:1900560	austinol biosynthetic process	https://www.ebi.ac.uk/QuickGO/term/GO:1900560	swiss_prot
Q5AR27	GO:1900563	dehydroaustinol biosynthetic process	https://www.ebi.ac.uk/QuickGO/term/GO:1900563	swiss_prot
Q5AR27	GO:0019748	secondary metabolic process	https://www.ebi.ac.uk/QuickGO/term/GO:0019748	swiss_prot
Q5AR27	GO:0016114	terpenoid biosynthetic process	https://www.ebi.ac.uk/QuickGO/term/GO:0016114	swiss_prot
Q5AR32	GO:1900560	austinol biosynthetic process	https://www.ebi.ac.uk/QuickGO/term/GO:1900560	swiss_prot
Q5AR32	GO:1900563	dehydroaustinol biosynthetic process	https://www.ebi.ac.uk/QuickGO/term/GO:1900563	swiss_prot
Q5AR32	GO:0019748	secondary metabolic process	https://www.ebi.ac.uk/QuickGO/term/GO:0019748	swiss_prot
Q5AR32	GO:0016114	terpenoid biosynthetic process	https://www.ebi.ac.uk/QuickGO/term/GO:0016114	swiss_prot
Q5ATK1	GO:1900563	dehydroaustinol biosynthetic process	https://www.ebi.ac.uk/QuickGO/term/GO:1900563	swiss_prot
Q5ATK1	GO:0044550	secondary metabolite biosynthetic process	https://www.ebi.ac.uk/QuickGO/term/GO:0044550	swiss_prot
Q5ATK1	GO:0016114	terpenoid biosynthetic process	https://www.ebi.ac.uk/QuickGO/term/GO:0016114	swiss_prot
Q5KSN5	GO:0016102	diterpenoid biosynthetic process	https://www.ebi.ac.uk/QuickGO/term/GO:0016102	swiss_prot
Q66QH3	GO:0016102	diterpenoid biosynthetic process	https://www.ebi.ac.uk/QuickGO/term/GO:0016102	swiss_prot
Q672F7	GO:0016102	diterpenoid biosynthetic process	https://www.ebi.ac.uk/QuickGO/term/GO:0016102	swiss_prot
Q672F7	GO:0080027	response to herbivore	https://www.ebi.ac.uk/QuickGO/term/GO:0080027	swiss_prot
Q672F7	GO:0009611	response to wounding	https://www.ebi.ac.uk/QuickGO/term/GO:0009611	swiss_prot
Q675L4	GO:0016102	diterpenoid biosynthetic process	https://www.ebi.ac.uk/QuickGO/term/GO:0016102	swiss_prot
Q675L5	GO:0016102	diterpenoid biosynthetic process	https://www.ebi.ac.uk/QuickGO/term/GO:0016102	swiss_prot
Q6BDZ9	GO:0016102	diterpenoid biosynthetic process	https://www.ebi.ac.uk/QuickGO/term/GO:0016102	swiss_prot
Q6ET36	GO:0009686	gibberellin biosynthetic process	https://www.ebi.ac.uk/QuickGO/term/GO:0009686	swiss_prot
Q6ET36	GO:0009685	gibberellin metabolic process	https://www.ebi.ac.uk/QuickGO/term/GO:0009685	swiss_prot
Q6JD72	GO:0016102	diterpenoid biosynthetic process	https://www.ebi.ac.uk/QuickGO/term/GO:0016102	swiss_prot
Q6Q3H2	GO:0016102	diterpenoid biosynthetic process	https://www.ebi.ac.uk/QuickGO/term/GO:0016102	swiss_prot
Q6STM1	GO:0019383	(+)-camphor catabolic process	https://www.ebi.ac.uk/QuickGO/term/GO:0019383	swiss_prot
Q6WAU0	GO:0006979	response to oxidative stress	https://www.ebi.ac.uk/QuickGO/term/GO:0006979	swiss_prot
Q6WAU0	GO:0042214	terpene metabolic process	https://www.ebi.ac.uk/QuickGO/term/GO:0042214	swiss_prot
Q6WAU0	GO:0016114	terpenoid biosynthetic process	https://www.ebi.ac.uk/QuickGO/term/GO:0016114	swiss_prot
Q6WAU1	GO:0031525	menthol biosynthetic process	https://www.ebi.ac.uk/QuickGO/term/GO:0031525	swiss_prot
Q6WAU1	GO:0042214	terpene metabolic process	https://www.ebi.ac.uk/QuickGO/term/GO:0042214	swiss_prot
Q6WP50	GO:0045338	farnesyl diphosphate metabolic process	https://www.ebi.ac.uk/QuickGO/term/GO:0045338	swiss_prot
Q6WP50	GO:0051762	sesquiterpene biosynthetic process	https://www.ebi.ac.uk/QuickGO/term/GO:0051762	swiss_prot
Q6Z5I0	GO:0009685	gibberellin metabolic process	https://www.ebi.ac.uk/QuickGO/term/GO:0009685	swiss_prot
Q6Z5I0	GO:0016114	terpenoid biosynthetic process	https://www.ebi.ac.uk/QuickGO/term/GO:0016114	swiss_prot
Q6ZH94	GO:0042742	defense response to bacterium	https://www.ebi.ac.uk/QuickGO/term/GO:0042742	swiss_prot
Q6ZH94	GO:0043693	monoterpene biosynthetic process	https://www.ebi.ac.uk/QuickGO/term/GO:0043693	swiss_prot
Q6ZH94	GO:0016114	terpenoid biosynthetic process	https://www.ebi.ac.uk/QuickGO/term/GO:0016114	swiss_prot
Q796C3	GO:0019746	hopanoid biosynthetic process	https://www.ebi.ac.uk/QuickGO/term/GO:0019746	swiss_prot
Q82IY3	GO:0017000	antibiotic biosynthetic process	https://www.ebi.ac.uk/QuickGO/term/GO:0017000	swiss_prot
Q82IY4	GO:0017000	antibiotic biosynthetic process	https://www.ebi.ac.uk/QuickGO/term/GO:0017000	swiss_prot
Q82IY4	GO:1901336	lactone biosynthetic process	https://www.ebi.ac.uk/QuickGO/term/GO:1901336	swiss_prot
Q84KL4	GO:0016102	diterpenoid biosynthetic process	https://www.ebi.ac.uk/QuickGO/term/GO:0016102	swiss_prot
Q84KL4	GO:0033383	geranyl diphosphate metabolic process	https://www.ebi.ac.uk/QuickGO/term/GO:0033383	swiss_prot
Q84KL4	GO:0043693	monoterpene biosynthetic process	https://www.ebi.ac.uk/QuickGO/term/GO:0043693	swiss_prot
Q84NC8	GO:0016114	terpenoid biosynthetic process	https://www.ebi.ac.uk/QuickGO/term/GO:0016114	swiss_prot
Q84NC9	GO:0016114	terpenoid biosynthetic process	https://www.ebi.ac.uk/QuickGO/term/GO:0016114	swiss_prot
Q84SM8	GO:0071395	cellular response to jasmonic acid stimulus	https://www.ebi.ac.uk/QuickGO/term/GO:0071395	swiss_prot
Q84SM8	GO:0016102	diterpenoid biosynthetic process	https://www.ebi.ac.uk/QuickGO/term/GO:0016102	swiss_prot
Q84SM8	GO:0043693	monoterpene biosynthetic process	https://www.ebi.ac.uk/QuickGO/term/GO:0043693	swiss_prot
Q84UU9	GO:0016102	diterpenoid biosynthetic process	https://www.ebi.ac.uk/QuickGO/term/GO:0016102	swiss_prot
Q84UU9	GO:0016114	terpenoid biosynthetic process	https://www.ebi.ac.uk/QuickGO/term/GO:0016114	swiss_prot
Q84UV0	GO:0043693	monoterpene biosynthetic process	https://www.ebi.ac.uk/QuickGO/term/GO:0043693	swiss_prot
Q84UV0	GO:0016114	terpenoid biosynthetic process	https://www.ebi.ac.uk/QuickGO/term/GO:0016114	swiss_prot
Q86II4	GO:0051762	sesquiterpene biosynthetic process	https://www.ebi.ac.uk/QuickGO/term/GO:0051762	swiss_prot
Q86II4	GO:0031150	sorocarp stalk development	https://www.ebi.ac.uk/QuickGO/term/GO:0031150	swiss_prot
Q8H2B4	GO:0016102	diterpenoid biosynthetic process	https://www.ebi.ac.uk/QuickGO/term/GO:0016102	swiss_prot
Q8H2B4	GO:0033383	geranyl diphosphate metabolic process	https://www.ebi.ac.uk/QuickGO/term/GO:0033383	swiss_prot
Q8L5K4	GO:0016102	diterpenoid biosynthetic process	https://www.ebi.ac.uk/QuickGO/term/GO:0016102	swiss_prot
Q8L5K4	GO:0033383	geranyl diphosphate metabolic process	https://www.ebi.ac.uk/QuickGO/term/GO:0033383	swiss_prot
Q8LSC3	GO:0016102	diterpenoid biosynthetic process	https://www.ebi.ac.uk/QuickGO/term/GO:0016102	swiss_prot
Q8LSC3	GO:0045338	farnesyl diphosphate metabolic process	https://www.ebi.ac.uk/QuickGO/term/GO:0045338	swiss_prot
Q8RWT0	GO:0016104	triterpenoid biosynthetic process	https://www.ebi.ac.uk/QuickGO/term/GO:0016104	swiss_prot
Q8SA63	GO:0016102	diterpenoid biosynthetic process	https://www.ebi.ac.uk/QuickGO/term/GO:0016102	swiss_prot
Q8SA63	GO:0051762	sesquiterpene biosynthetic process	https://www.ebi.ac.uk/QuickGO/term/GO:0051762	swiss_prot
Q8VYH2	GO:0009753	response to jasmonic acid	https://www.ebi.ac.uk/QuickGO/term/GO:0009753	swiss_prot
Q8VYH2	GO:0009611	response to wounding	https://www.ebi.ac.uk/QuickGO/term/GO:0009611	swiss_prot
Q8VYH2	GO:0016126	sterol biosynthetic process	https://www.ebi.ac.uk/QuickGO/term/GO:0016126	swiss_prot
Q947C4	GO:0016102	diterpenoid biosynthetic process	https://www.ebi.ac.uk/QuickGO/term/GO:0016102	swiss_prot
Q96WT2	GO:0016102	diterpenoid biosynthetic process	https://www.ebi.ac.uk/QuickGO/term/GO:0016102	swiss_prot
Q96WT2	GO:0033385	geranylgeranyl diphosphate metabolic process	https://www.ebi.ac.uk/QuickGO/term/GO:0033385	swiss_prot
Q96WT2	GO:0046246	terpene biosynthetic process	https://www.ebi.ac.uk/QuickGO/term/GO:0046246	swiss_prot
Q9AJE3	GO:0017000	antibiotic biosynthetic process	https://www.ebi.ac.uk/QuickGO/term/GO:0017000	swiss_prot
Q9AJE4	GO:0017000	antibiotic biosynthetic process	https://www.ebi.ac.uk/QuickGO/term/GO:0017000	swiss_prot
Q9AJE4	GO:0016102	diterpenoid biosynthetic process	https://www.ebi.ac.uk/QuickGO/term/GO:0016102	swiss_prot
Q9AR86	GO:0016102	diterpenoid biosynthetic process	https://www.ebi.ac.uk/QuickGO/term/GO:0016102	swiss_prot
Q9C447	GO:0140873	paxilline biosynthetic process	https://www.ebi.ac.uk/QuickGO/term/GO:0140873	swiss_prot
Q9C449	GO:0140873	paxilline biosynthetic process	https://www.ebi.ac.uk/QuickGO/term/GO:0140873	swiss_prot
Q9C450	GO:0140873	paxilline biosynthetic process	https://www.ebi.ac.uk/QuickGO/term/GO:0140873	swiss_prot
Q9FR95	GO:0010263	tricyclic triterpenoid biosynthetic process	https://www.ebi.ac.uk/QuickGO/term/GO:0010263	swiss_prot
Q9FR95	GO:0016104	triterpenoid biosynthetic process	https://www.ebi.ac.uk/QuickGO/term/GO:0016104	swiss_prot
Q9FXY7	GO:0016102	diterpenoid biosynthetic process	https://www.ebi.ac.uk/QuickGO/term/GO:0016102	swiss_prot
Q9K499				swiss_prot
Q9LLR9	GO:0016102	diterpenoid biosynthetic process	https://www.ebi.ac.uk/QuickGO/term/GO:0016102	swiss_prot
Q9M7C9	GO:0016102	diterpenoid biosynthetic process	https://www.ebi.ac.uk/QuickGO/term/GO:0016102	swiss_prot
Q9SPN0	GO:0016102	diterpenoid biosynthetic process	https://www.ebi.ac.uk/QuickGO/term/GO:0016102	swiss_prot
Q9SPN0	GO:0033383	geranyl diphosphate metabolic process	https://www.ebi.ac.uk/QuickGO/term/GO:0033383	swiss_prot
Q9SPN0	GO:0009611	response to wounding	https://www.ebi.ac.uk/QuickGO/term/GO:0009611	swiss_prot
Q9SPN1	GO:0016102	diterpenoid biosynthetic process	https://www.ebi.ac.uk/QuickGO/term/GO:0016102	swiss_prot
Q9SPN1	GO:0033383	geranyl diphosphate metabolic process	https://www.ebi.ac.uk/QuickGO/term/GO:0033383	swiss_prot
Q9SPN1	GO:0009611	response to wounding	https://www.ebi.ac.uk/QuickGO/term/GO:0009611	swiss_prot
Q9SYN1	GO:0016104	triterpenoid biosynthetic process	https://www.ebi.ac.uk/QuickGO/term/GO:0016104	swiss_prot
Q9T0K1	GO:0016102	diterpenoid biosynthetic process	https://www.ebi.ac.uk/QuickGO/term/GO:0016102	swiss_prot
Q9T0K1	GO:0045338	farnesyl diphosphate metabolic process	https://www.ebi.ac.uk/QuickGO/term/GO:0045338	swiss_prot
Q9T0K1	GO:0009611	response to wounding	https://www.ebi.ac.uk/QuickGO/term/GO:0009611	swiss_prot
Q9T0K1	GO:0016106	sesquiterpenoid biosynthetic process	https://www.ebi.ac.uk/QuickGO/term/GO:0016106	swiss_prot
Q9UR08				swiss_prot
Q9UVY5	GO:0009686	gibberellin biosynthetic process	https://www.ebi.ac.uk/QuickGO/term/GO:0009686	swiss_prot
Q9XEH9	GO:0033332	ent-kaurene biosynthetic process	https://www.ebi.ac.uk/QuickGO/term/GO:0033332	swiss_prot
Q9XEH9	GO:0009686	gibberellin biosynthetic process	https://www.ebi.ac.uk/QuickGO/term/GO:0009686	swiss_prot
Q9XEH9	GO:0016114	terpenoid biosynthetic process	https://www.ebi.ac.uk/QuickGO/term/GO:0016114	swiss_prot
Q9XEI0	GO:0033332	ent-kaurene biosynthetic process	https://www.ebi.ac.uk/QuickGO/term/GO:0033332	swiss_prot
Q9XEI0	GO:0009686	gibberellin biosynthetic process	https://www.ebi.ac.uk/QuickGO/term/GO:0009686	swiss_prot
Q9XEI0	GO:0016114	terpenoid biosynthetic process	https://www.ebi.ac.uk/QuickGO/term/GO:0016114	swiss_prot
Q9ZAG3				swiss_prot
R4JGL8	GO:0016102	diterpenoid biosynthetic process	https://www.ebi.ac.uk/QuickGO/term/GO:0016102	swiss_prot
R4JJJ1	GO:0016102	diterpenoid biosynthetic process	https://www.ebi.ac.uk/QuickGO/term/GO:0016102	swiss_prot
R4JND9	GO:0016102	diterpenoid biosynthetic process	https://www.ebi.ac.uk/QuickGO/term/GO:0016102	swiss_prot
R4JQS2	GO:0016102	diterpenoid biosynthetic process	https://www.ebi.ac.uk/QuickGO/term/GO:0016102	swiss_prot
R4JQT5	GO:0016102	diterpenoid biosynthetic process	https://www.ebi.ac.uk/QuickGO/term/GO:0016102	swiss_prot
R9QMR1	GO:0018867	alpha-pinene metabolic process	https://www.ebi.ac.uk/QuickGO/term/GO:0018867	swiss_prot
R9QMR1	GO:0016102	diterpenoid biosynthetic process	https://www.ebi.ac.uk/QuickGO/term/GO:0016102	swiss_prot
R9QMR1	GO:0010597	green leaf volatile biosynthetic process	https://www.ebi.ac.uk/QuickGO/term/GO:0010597	swiss_prot
R9QMR1	GO:0016114	terpenoid biosynthetic process	https://www.ebi.ac.uk/QuickGO/term/GO:0016114	swiss_prot
R9QMR4	GO:0016102	diterpenoid biosynthetic process	https://www.ebi.ac.uk/QuickGO/term/GO:0016102	swiss_prot
R9QMR4	GO:0010597	green leaf volatile biosynthetic process	https://www.ebi.ac.uk/QuickGO/term/GO:0010597	swiss_prot
R9QMR4	GO:0016114	terpenoid biosynthetic process	https://www.ebi.ac.uk/QuickGO/term/GO:0016114	swiss_prot
R9QMR6	GO:0016102	diterpenoid biosynthetic process	https://www.ebi.ac.uk/QuickGO/term/GO:0016102	swiss_prot
R9QMR6	GO:0010597	green leaf volatile biosynthetic process	https://www.ebi.ac.uk/QuickGO/term/GO:0010597	swiss_prot
R9QMR6	GO:0016114	terpenoid biosynthetic process	https://www.ebi.ac.uk/QuickGO/term/GO:0016114	swiss_prot
R9QMW2	GO:0018867	alpha-pinene metabolic process	https://www.ebi.ac.uk/QuickGO/term/GO:0018867	swiss_prot
R9QMW2	GO:0016102	diterpenoid biosynthetic process	https://www.ebi.ac.uk/QuickGO/term/GO:0016102	swiss_prot
R9QMW2	GO:0010597	green leaf volatile biosynthetic process	https://www.ebi.ac.uk/QuickGO/term/GO:0010597	swiss_prot
R9QMW2	GO:0016114	terpenoid biosynthetic process	https://www.ebi.ac.uk/QuickGO/term/GO:0016114	swiss_prot
R9QMW3	GO:0016102	diterpenoid biosynthetic process	https://www.ebi.ac.uk/QuickGO/term/GO:0016102	swiss_prot
R9QMW3	GO:0010597	green leaf volatile biosynthetic process	https://www.ebi.ac.uk/QuickGO/term/GO:0010597	swiss_prot
R9QMW3	GO:0016114	terpenoid biosynthetic process	https://www.ebi.ac.uk/QuickGO/term/GO:0016114	swiss_prot
R9QMW4	GO:0016102	diterpenoid biosynthetic process	https://www.ebi.ac.uk/QuickGO/term/GO:0016102	swiss_prot
R9QMW4	GO:0010597	green leaf volatile biosynthetic process	https://www.ebi.ac.uk/QuickGO/term/GO:0010597	swiss_prot
R9QMW4	GO:0016114	terpenoid biosynthetic process	https://www.ebi.ac.uk/QuickGO/term/GO:0016114	swiss_prot
R9QMW7	GO:0016102	diterpenoid biosynthetic process	https://www.ebi.ac.uk/QuickGO/term/GO:0016102	swiss_prot
R9QMW7	GO:0010597	green leaf volatile biosynthetic process	https://www.ebi.ac.uk/QuickGO/term/GO:0010597	swiss_prot
R9QMW7	GO:0016114	terpenoid biosynthetic process	https://www.ebi.ac.uk/QuickGO/term/GO:0016114	swiss_prot
R9QMW8	GO:0016102	diterpenoid biosynthetic process	https://www.ebi.ac.uk/QuickGO/term/GO:0016102	swiss_prot
R9QMW8	GO:0010597	green leaf volatile biosynthetic process	https://www.ebi.ac.uk/QuickGO/term/GO:0010597	swiss_prot
R9QMW8	GO:0016114	terpenoid biosynthetic process	https://www.ebi.ac.uk/QuickGO/term/GO:0016114	swiss_prot
S0EA85	GO:0009686	gibberellin biosynthetic process	https://www.ebi.ac.uk/QuickGO/term/GO:0009686	swiss_prot
U3LVL5	GO:0016102	diterpenoid biosynthetic process	https://www.ebi.ac.uk/QuickGO/term/GO:0016102	swiss_prot
U3LVL5	GO:0051762	sesquiterpene biosynthetic process	https://www.ebi.ac.uk/QuickGO/term/GO:0051762	swiss_prot
U3LW50	GO:0016102	diterpenoid biosynthetic process	https://www.ebi.ac.uk/QuickGO/term/GO:0016102	swiss_prot
U3LW50	GO:0051762	sesquiterpene biosynthetic process	https://www.ebi.ac.uk/QuickGO/term/GO:0051762	swiss_prot
W6Q4Q9				swiss_prot
W6QAE7	GO:0140879	conidiogenone biosynthetic process	https://www.ebi.ac.uk/QuickGO/term/GO:0140879	swiss_prot
A0A067DDU9	GO:0016104	triterpenoid biosynthetic process	https://www.ebi.ac.uk/QuickGO/term/GO:0016104	swiss_prot
A0A067ECN5	GO:0016104	triterpenoid biosynthetic process	https://www.ebi.ac.uk/QuickGO/term/GO:0016104	swiss_prot
A0A067FI21	GO:0016104	triterpenoid biosynthetic process	https://www.ebi.ac.uk/QuickGO/term/GO:0016104	swiss_prot
A0A067SEC9				swiss_prot
A0A075F9Z3	GO:0009686	gibberellin biosynthetic process	https://www.ebi.ac.uk/QuickGO/term/GO:0009686	swiss_prot
A0A075FA51	GO:0009686	gibberellin biosynthetic process	https://www.ebi.ac.uk/QuickGO/term/GO:0009686	swiss_prot
A0A075FAK4	GO:0009686	gibberellin biosynthetic process	https://www.ebi.ac.uk/QuickGO/term/GO:0009686	swiss_prot
A0A075FBT3	GO:0009686	gibberellin biosynthetic process	https://www.ebi.ac.uk/QuickGO/term/GO:0009686	swiss_prot
A0A084R1H6	GO:0006633	fatty acid biosynthetic process	https://www.ebi.ac.uk/QuickGO/term/GO:0006633	swiss_prot
A0A084R1H6	GO:0044550	secondary metabolite biosynthetic process	https://www.ebi.ac.uk/QuickGO/term/GO:0044550	swiss_prot
A0A084R1J1				swiss_prot
A0A084R1J2				swiss_prot
A0A084R1M6				swiss_prot
A0A084R1M7				swiss_prot
A0A097ZPC9	GO:0044550	secondary metabolite biosynthetic process	https://www.ebi.ac.uk/QuickGO/term/GO:0044550	swiss_prot
A0A097ZPC9	GO:0016114	terpenoid biosynthetic process	https://www.ebi.ac.uk/QuickGO/term/GO:0016114	swiss_prot
A0A097ZPD4	GO:0016114	terpenoid biosynthetic process	https://www.ebi.ac.uk/QuickGO/term/GO:0016114	swiss_prot
A0A097ZPD5	GO:0016114	terpenoid biosynthetic process	https://www.ebi.ac.uk/QuickGO/term/GO:0016114	swiss_prot
A0A097ZPD9	GO:0016114	terpenoid biosynthetic process	https://www.ebi.ac.uk/QuickGO/term/GO:0016114	swiss_prot
A0A097ZPE0	GO:0006633	fatty acid biosynthetic process	https://www.ebi.ac.uk/QuickGO/term/GO:0006633	swiss_prot
A0A097ZPE0	GO:0044550	secondary metabolite biosynthetic process	https://www.ebi.ac.uk/QuickGO/term/GO:0044550	swiss_prot
A0A097ZPE0	GO:0016114	terpenoid biosynthetic process	https://www.ebi.ac.uk/QuickGO/term/GO:0016114	swiss_prot
A0A097ZPE3	GO:0016114	terpenoid biosynthetic process	https://www.ebi.ac.uk/QuickGO/term/GO:0016114	swiss_prot
A0A097ZPE3	GO:0006744	ubiquinone biosynthetic process	https://www.ebi.ac.uk/QuickGO/term/GO:0006744	swiss_prot
A0A097ZPE4	GO:0044550	secondary metabolite biosynthetic process	https://www.ebi.ac.uk/QuickGO/term/GO:0044550	swiss_prot
A0A097ZPE4	GO:0016114	terpenoid biosynthetic process	https://www.ebi.ac.uk/QuickGO/term/GO:0016114	swiss_prot
A0A097ZPE8	GO:0016114	terpenoid biosynthetic process	https://www.ebi.ac.uk/QuickGO/term/GO:0016114	swiss_prot
A0A097ZPF7	GO:0016114	terpenoid biosynthetic process	https://www.ebi.ac.uk/QuickGO/term/GO:0016114	swiss_prot
A0A097ZPG2	GO:0016114	terpenoid biosynthetic process	https://www.ebi.ac.uk/QuickGO/term/GO:0016114	swiss_prot
A0A098DME4	GO:0016114	terpenoid biosynthetic process	https://www.ebi.ac.uk/QuickGO/term/GO:0016114	swiss_prot
A0A0A2JB87				swiss_prot
A0A0A2JP58				swiss_prot
A0A0A2K6S6	GO:0045944	positive regulation of transcription by RNA polymerase II	https://www.ebi.ac.uk/QuickGO/term/GO:0045944	swiss_prot
A0A0B2XGM8	GO:0016114	terpenoid biosynthetic process	https://www.ebi.ac.uk/QuickGO/term/GO:0016114	swiss_prot
A0A0B4FWC3				swiss_prot
A0A0B4G3Q7				swiss_prot
A0A0B4GN88				swiss_prot
A0A0B4IF96				swiss_prot
A0A0C3FBR2				swiss_prot
A0A0C9VD04				swiss_prot
A0A0D2L718				swiss_prot
A0A0E3D8L2	GO:0043386	mycotoxin biosynthetic process	https://www.ebi.ac.uk/QuickGO/term/GO:0043386	swiss_prot
A0A0E3D8L3	GO:0008299	isoprenoid biosynthetic process	https://www.ebi.ac.uk/QuickGO/term/GO:0008299	swiss_prot
A0A0E3D8L3	GO:0043386	mycotoxin biosynthetic process	https://www.ebi.ac.uk/QuickGO/term/GO:0043386	swiss_prot
A0A0E3D8L5				swiss_prot
A0A0E3D8L6				swiss_prot
A0A0E3D8L9	GO:0006654	phosphatidic acid biosynthetic process	https://www.ebi.ac.uk/QuickGO/term/GO:0006654	swiss_prot
A0A0E3D8L9	GO:0019433	triglyceride catabolic process	https://www.ebi.ac.uk/QuickGO/term/GO:0019433	swiss_prot
A0A0E3D8M1	GO:0043386	mycotoxin biosynthetic process	https://www.ebi.ac.uk/QuickGO/term/GO:0043386	swiss_prot
A0A0E3D8M5	GO:0009820	alkaloid metabolic process	https://www.ebi.ac.uk/QuickGO/term/GO:0009820	swiss_prot
A0A0E3D8M6	GO:0043386	mycotoxin biosynthetic process	https://www.ebi.ac.uk/QuickGO/term/GO:0043386	swiss_prot
A0A0E3D8N1	GO:0008299	isoprenoid biosynthetic process	https://www.ebi.ac.uk/QuickGO/term/GO:0008299	swiss_prot
A0A0E3D8N1	GO:0043386	mycotoxin biosynthetic process	https://www.ebi.ac.uk/QuickGO/term/GO:0043386	swiss_prot
A0A0E3D8N3	GO:0043386	mycotoxin biosynthetic process	https://www.ebi.ac.uk/QuickGO/term/GO:0043386	swiss_prot
A0A0E3D8N7	GO:0043386	mycotoxin biosynthetic process	https://www.ebi.ac.uk/QuickGO/term/GO:0043386	swiss_prot
A0A0E3D8P5	GO:0043386	mycotoxin biosynthetic process	https://www.ebi.ac.uk/QuickGO/term/GO:0043386	swiss_prot
A0A0E3D8P8	GO:0043386	mycotoxin biosynthetic process	https://www.ebi.ac.uk/QuickGO/term/GO:0043386	swiss_prot
A0A0F7TN11	GO:0043386	mycotoxin biosynthetic process	https://www.ebi.ac.uk/QuickGO/term/GO:0043386	swiss_prot
A0A0F7TN11	GO:0016114	terpenoid biosynthetic process	https://www.ebi.ac.uk/QuickGO/term/GO:0016114	swiss_prot
A0A0F7TN16	GO:0016114	terpenoid biosynthetic process	https://www.ebi.ac.uk/QuickGO/term/GO:0016114	swiss_prot
A0A0F7TN60	GO:0043386	mycotoxin biosynthetic process	https://www.ebi.ac.uk/QuickGO/term/GO:0043386	swiss_prot
A0A0F7TN60	GO:0016114	terpenoid biosynthetic process	https://www.ebi.ac.uk/QuickGO/term/GO:0016114	swiss_prot
A0A0F7TSZ5	GO:0043386	mycotoxin biosynthetic process	https://www.ebi.ac.uk/QuickGO/term/GO:0043386	swiss_prot
A0A0F7TSZ5	GO:0016114	terpenoid biosynthetic process	https://www.ebi.ac.uk/QuickGO/term/GO:0016114	swiss_prot
A0A0F7TWX5	GO:0016106	sesquiterpenoid biosynthetic process	https://www.ebi.ac.uk/QuickGO/term/GO:0016106	swiss_prot
A0A0F7TXA0	GO:0016114	terpenoid biosynthetic process	https://www.ebi.ac.uk/QuickGO/term/GO:0016114	swiss_prot
A0A0F7TXA1	GO:0140722	mycophenolic acid biosynthetic process	https://www.ebi.ac.uk/QuickGO/term/GO:0140722	swiss_prot
A0A0F7TXA1	GO:0016114	terpenoid biosynthetic process	https://www.ebi.ac.uk/QuickGO/term/GO:0016114	swiss_prot
A0A0F7TXA1	GO:0006744	ubiquinone biosynthetic process	https://www.ebi.ac.uk/QuickGO/term/GO:0006744	swiss_prot
A0A0F7TXA5	GO:0016114	terpenoid biosynthetic process	https://www.ebi.ac.uk/QuickGO/term/GO:0016114	swiss_prot
A0A0F7TXA8	GO:0016114	terpenoid biosynthetic process	https://www.ebi.ac.uk/QuickGO/term/GO:0016114	swiss_prot
A0A0F7TZD6	GO:0016114	terpenoid biosynthetic process	https://www.ebi.ac.uk/QuickGO/term/GO:0016114	swiss_prot
A0A0F7U0K0	GO:0043386	mycotoxin biosynthetic process	https://www.ebi.ac.uk/QuickGO/term/GO:0043386	swiss_prot
A0A0F7U0K0	GO:0016114	terpenoid biosynthetic process	https://www.ebi.ac.uk/QuickGO/term/GO:0016114	swiss_prot
A0A0F7U1Z1	GO:0016114	terpenoid biosynthetic process	https://www.ebi.ac.uk/QuickGO/term/GO:0016114	swiss_prot
A0A0H5BB17	GO:0016102	diterpenoid biosynthetic process	https://www.ebi.ac.uk/QuickGO/term/GO:0016102	swiss_prot
A0A0H5BN61				swiss_prot
A0A0M4M0T9	GO:0009686	gibberellin biosynthetic process	https://www.ebi.ac.uk/QuickGO/term/GO:0009686	swiss_prot
A0A0M5L832	GO:0009686	gibberellin biosynthetic process	https://www.ebi.ac.uk/QuickGO/term/GO:0009686	swiss_prot
A0A0M8MW83				swiss_prot
A0A0M9VUG7				swiss_prot
A0A0N0RTK4				swiss_prot
A0A0P0ZEA9	GO:0044550	secondary metabolite biosynthetic process	https://www.ebi.ac.uk/QuickGO/term/GO:0044550	swiss_prot
A0A0P0ZEA9	GO:0016114	terpenoid biosynthetic process	https://www.ebi.ac.uk/QuickGO/term/GO:0016114	swiss_prot
A0A0S2IHL6	GO:0016104	triterpenoid biosynthetic process	https://www.ebi.ac.uk/QuickGO/term/GO:0016104	swiss_prot
A0A0U2D9C5	GO:0009686	gibberellin biosynthetic process	https://www.ebi.ac.uk/QuickGO/term/GO:0009686	swiss_prot
A0A0U2U334				swiss_prot
A0A0U2U4F3	GO:0016104	triterpenoid biosynthetic process	https://www.ebi.ac.uk/QuickGO/term/GO:0016104	swiss_prot
A0A0U3LQ20	GO:0009686	gibberellin biosynthetic process	https://www.ebi.ac.uk/QuickGO/term/GO:0009686	swiss_prot
A0A0U4CDK4	GO:0033331	ent-kaurene metabolic process	https://www.ebi.ac.uk/QuickGO/term/GO:0033331	swiss_prot
A0A0U4CDK4	GO:0009686	gibberellin biosynthetic process	https://www.ebi.ac.uk/QuickGO/term/GO:0009686	swiss_prot
A0A0U4ZPJ7	GO:0019748	secondary metabolic process	https://www.ebi.ac.uk/QuickGO/term/GO:0019748	swiss_prot
A0A0U4ZPJ7	GO:0016114	terpenoid biosynthetic process	https://www.ebi.ac.uk/QuickGO/term/GO:0016114	swiss_prot
A0A0U4ZPL6	GO:0016114	terpenoid biosynthetic process	https://www.ebi.ac.uk/QuickGO/term/GO:0016114	swiss_prot
A0A0U5CJM3	GO:0019748	secondary metabolic process	https://www.ebi.ac.uk/QuickGO/term/GO:0019748	swiss_prot
A0A0U5CJM3	GO:0016114	terpenoid biosynthetic process	https://www.ebi.ac.uk/QuickGO/term/GO:0016114	swiss_prot
A0A0U5CJU2	GO:0016114	terpenoid biosynthetic process	https://www.ebi.ac.uk/QuickGO/term/GO:0016114	swiss_prot
A0A0U5CJU6	GO:0016114	terpenoid biosynthetic process	https://www.ebi.ac.uk/QuickGO/term/GO:0016114	swiss_prot
A0A0U5CJV1	GO:0016114	terpenoid biosynthetic process	https://www.ebi.ac.uk/QuickGO/term/GO:0016114	swiss_prot
A0A0U5CJV1	GO:0006744	ubiquinone biosynthetic process	https://www.ebi.ac.uk/QuickGO/term/GO:0006744	swiss_prot
A0A0U5CNN8	GO:0016114	terpenoid biosynthetic process	https://www.ebi.ac.uk/QuickGO/term/GO:0016114	swiss_prot
A0A0U5CNP2	GO:0016114	terpenoid biosynthetic process	https://www.ebi.ac.uk/QuickGO/term/GO:0016114	swiss_prot
A0A0U5GHD4	GO:0016114	terpenoid biosynthetic process	https://www.ebi.ac.uk/QuickGO/term/GO:0016114	swiss_prot
A0A0U5GHG9	GO:0016114	terpenoid biosynthetic process	https://www.ebi.ac.uk/QuickGO/term/GO:0016114	swiss_prot
A0A0U5GHU6	GO:0016114	terpenoid biosynthetic process	https://www.ebi.ac.uk/QuickGO/term/GO:0016114	swiss_prot
A0A0U5GIM7	GO:0016114	terpenoid biosynthetic process	https://www.ebi.ac.uk/QuickGO/term/GO:0016114	swiss_prot
A0A0U5GIU9	GO:0016114	terpenoid biosynthetic process	https://www.ebi.ac.uk/QuickGO/term/GO:0016114	swiss_prot
A0A0U5GK88	GO:0006633	fatty acid biosynthetic process	https://www.ebi.ac.uk/QuickGO/term/GO:0006633	swiss_prot
A0A0U5GK88	GO:0044550	secondary metabolite biosynthetic process	https://www.ebi.ac.uk/QuickGO/term/GO:0044550	swiss_prot
A0A0U5GK88	GO:0016114	terpenoid biosynthetic process	https://www.ebi.ac.uk/QuickGO/term/GO:0016114	swiss_prot
A0A0U5GNT1	GO:0016114	terpenoid biosynthetic process	https://www.ebi.ac.uk/QuickGO/term/GO:0016114	swiss_prot
A0A0U5GQ05	GO:0016114	terpenoid biosynthetic process	https://www.ebi.ac.uk/QuickGO/term/GO:0016114	swiss_prot
A0A0U5HAQ4	GO:0016114	terpenoid biosynthetic process	https://www.ebi.ac.uk/QuickGO/term/GO:0016114	swiss_prot
A0A125SXN1	GO:0016104	triterpenoid biosynthetic process	https://www.ebi.ac.uk/QuickGO/term/GO:0016104	swiss_prot
A0A125SXN2	GO:0016104	triterpenoid biosynthetic process	https://www.ebi.ac.uk/QuickGO/term/GO:0016104	swiss_prot
A0A125SXN3	GO:0019745	pentacyclic triterpenoid biosynthetic process	https://www.ebi.ac.uk/QuickGO/term/GO:0019745	swiss_prot
A0A125SXN3	GO:0010686	tetracyclic triterpenoid biosynthetic process	https://www.ebi.ac.uk/QuickGO/term/GO:0010686	swiss_prot
A0A140JWS5	GO:0006654	phosphatidic acid biosynthetic process	https://www.ebi.ac.uk/QuickGO/term/GO:0006654	swiss_prot
A0A140JWS5	GO:0019433	triglyceride catabolic process	https://www.ebi.ac.uk/QuickGO/term/GO:0019433	swiss_prot
A0A140JWT0	GO:0043386	mycotoxin biosynthetic process	https://www.ebi.ac.uk/QuickGO/term/GO:0043386	swiss_prot
A0A140JWT1				swiss_prot
A0A140JWT3	GO:0008299	isoprenoid biosynthetic process	https://www.ebi.ac.uk/QuickGO/term/GO:0008299	swiss_prot
A0A140JWT3	GO:0043386	mycotoxin biosynthetic process	https://www.ebi.ac.uk/QuickGO/term/GO:0043386	swiss_prot
A0A140JWT4	GO:0043386	mycotoxin biosynthetic process	https://www.ebi.ac.uk/QuickGO/term/GO:0043386	swiss_prot
A0A140JWT6	GO:0043386	mycotoxin biosynthetic process	https://www.ebi.ac.uk/QuickGO/term/GO:0043386	swiss_prot
A0A140JWT8	GO:0043386	mycotoxin biosynthetic process	https://www.ebi.ac.uk/QuickGO/term/GO:0043386	swiss_prot
A0A140JWT9	GO:0043386	mycotoxin biosynthetic process	https://www.ebi.ac.uk/QuickGO/term/GO:0043386	swiss_prot
A0A140JWU1	GO:0043386	mycotoxin biosynthetic process	https://www.ebi.ac.uk/QuickGO/term/GO:0043386	swiss_prot
A0A140KFG9	GO:0016102	diterpenoid biosynthetic process	https://www.ebi.ac.uk/QuickGO/term/GO:0016102	swiss_prot
A0A140KFG9	GO:0051762	sesquiterpene biosynthetic process	https://www.ebi.ac.uk/QuickGO/term/GO:0051762	swiss_prot
A0A142BX74	GO:0016102	diterpenoid biosynthetic process	https://www.ebi.ac.uk/QuickGO/term/GO:0016102	swiss_prot
A0A142BX74	GO:0046246	terpene biosynthetic process	https://www.ebi.ac.uk/QuickGO/term/GO:0046246	swiss_prot
A0A159AKG3	GO:0016114	terpenoid biosynthetic process	https://www.ebi.ac.uk/QuickGO/term/GO:0016114	swiss_prot
A0A167V661	GO:0016102	diterpenoid biosynthetic process	https://www.ebi.ac.uk/QuickGO/term/GO:0016102	swiss_prot
A0A167V661	GO:0016106	sesquiterpenoid biosynthetic process	https://www.ebi.ac.uk/QuickGO/term/GO:0016106	swiss_prot
A0A1B4XBG5				swiss_prot
A0A1B7YCC9	GO:0006633	fatty acid biosynthetic process	https://www.ebi.ac.uk/QuickGO/term/GO:0006633	swiss_prot
A0A1B7YCC9	GO:0044550	secondary metabolite biosynthetic process	https://www.ebi.ac.uk/QuickGO/term/GO:0044550	swiss_prot
A0A1B7YCC9	GO:0016114	terpenoid biosynthetic process	https://www.ebi.ac.uk/QuickGO/term/GO:0016114	swiss_prot
A0A1B7YCK2	GO:0016114	terpenoid biosynthetic process	https://www.ebi.ac.uk/QuickGO/term/GO:0016114	swiss_prot
A0A1B7YCL6	GO:0016114	terpenoid biosynthetic process	https://www.ebi.ac.uk/QuickGO/term/GO:0016114	swiss_prot
A0A1B7YCX1	GO:0016114	terpenoid biosynthetic process	https://www.ebi.ac.uk/QuickGO/term/GO:0016114	swiss_prot
A0A1C7AAN2	GO:0016102	diterpenoid biosynthetic process	https://www.ebi.ac.uk/QuickGO/term/GO:0016102	swiss_prot
A0A1C7AAN2	GO:0009686	gibberellin biosynthetic process	https://www.ebi.ac.uk/QuickGO/term/GO:0009686	swiss_prot
A0A1D8PI71	GO:0006696	ergosterol biosynthetic process	https://www.ebi.ac.uk/QuickGO/term/GO:0006696	swiss_prot
A0A1D8PI71	GO:0045338	farnesyl diphosphate metabolic process	https://www.ebi.ac.uk/QuickGO/term/GO:0045338	swiss_prot
A0A1E1FFL1	GO:0140874	paraherquonin biosynthetic process	https://www.ebi.ac.uk/QuickGO/term/GO:0140874	swiss_prot
A0A1E1FFL4	GO:0043386	mycotoxin biosynthetic process	https://www.ebi.ac.uk/QuickGO/term/GO:0043386	swiss_prot
A0A1E1FFL4	GO:0016114	terpenoid biosynthetic process	https://www.ebi.ac.uk/QuickGO/term/GO:0016114	swiss_prot
A0A1E1FFL6	GO:0016114	terpenoid biosynthetic process	https://www.ebi.ac.uk/QuickGO/term/GO:0016114	swiss_prot
A0A1E1FFM3	GO:0043386	mycotoxin biosynthetic process	https://www.ebi.ac.uk/QuickGO/term/GO:0043386	swiss_prot
A0A1E1FFM3	GO:0016114	terpenoid biosynthetic process	https://www.ebi.ac.uk/QuickGO/term/GO:0016114	swiss_prot
A0A1E1FFM8	GO:0140722	mycophenolic acid biosynthetic process	https://www.ebi.ac.uk/QuickGO/term/GO:0140722	swiss_prot
A0A1E1FFM8	GO:0016114	terpenoid biosynthetic process	https://www.ebi.ac.uk/QuickGO/term/GO:0016114	swiss_prot
A0A1E1FFM8	GO:0006744	ubiquinone biosynthetic process	https://www.ebi.ac.uk/QuickGO/term/GO:0006744	swiss_prot
A0A1E1FFN3	GO:0043386	mycotoxin biosynthetic process	https://www.ebi.ac.uk/QuickGO/term/GO:0043386	swiss_prot
A0A1E1FFN3	GO:0016114	terpenoid biosynthetic process	https://www.ebi.ac.uk/QuickGO/term/GO:0016114	swiss_prot
A0A1E1FFN7	GO:0140874	paraherquonin biosynthetic process	https://www.ebi.ac.uk/QuickGO/term/GO:0140874	swiss_prot
A0A1E1FFN8	GO:0017000	antibiotic biosynthetic process	https://www.ebi.ac.uk/QuickGO/term/GO:0017000	swiss_prot
A0A1E1FFN8	GO:0006633	fatty acid biosynthetic process	https://www.ebi.ac.uk/QuickGO/term/GO:0006633	swiss_prot
A0A1E1FFN8	GO:0006508	proteolysis	https://www.ebi.ac.uk/QuickGO/term/GO:0006508	swiss_prot
A0A1E1FFN8	GO:0044550	secondary metabolite biosynthetic process	https://www.ebi.ac.uk/QuickGO/term/GO:0044550	swiss_prot
A0A1E1FFN8	GO:0016114	terpenoid biosynthetic process	https://www.ebi.ac.uk/QuickGO/term/GO:0016114	swiss_prot
A0A1E1FFP5	GO:0140874	paraherquonin biosynthetic process	https://www.ebi.ac.uk/QuickGO/term/GO:0140874	swiss_prot
A0A1G9UQQ0	GO:0016114	terpenoid biosynthetic process	https://www.ebi.ac.uk/QuickGO/term/GO:0016114	swiss_prot
A0A1G9VRW7	GO:0016114	terpenoid biosynthetic process	https://www.ebi.ac.uk/QuickGO/term/GO:0016114	swiss_prot
A0A1L5YKS7	GO:0016114	terpenoid biosynthetic process	https://www.ebi.ac.uk/QuickGO/term/GO:0016114	swiss_prot
A0A1L6Z3A5	GO:0016102	diterpenoid biosynthetic process	https://www.ebi.ac.uk/QuickGO/term/GO:0016102	swiss_prot
A0A1L7U8F2	GO:0016114	terpenoid biosynthetic process	https://www.ebi.ac.uk/QuickGO/term/GO:0016114	swiss_prot
A0A1L7VEQ8				swiss_prot
A0A1L7VET6	GO:0016114	terpenoid biosynthetic process	https://www.ebi.ac.uk/QuickGO/term/GO:0016114	swiss_prot
A0A1L7VI12	GO:0016114	terpenoid biosynthetic process	https://www.ebi.ac.uk/QuickGO/term/GO:0016114	swiss_prot
A0A1L7VZE7	GO:0016114	terpenoid biosynthetic process	https://www.ebi.ac.uk/QuickGO/term/GO:0016114	swiss_prot
A0A1L9WQK2	GO:0016114	terpenoid biosynthetic process	https://www.ebi.ac.uk/QuickGO/term/GO:0016114	swiss_prot
A0A1L9WUI2				swiss_prot
A0A1L9WUI4				swiss_prot
A0A1L9WUM2	GO:0006508	proteolysis	https://www.ebi.ac.uk/QuickGO/term/GO:0006508	swiss_prot
A0A1L9WUW3	GO:0043041	amino acid activation for nonribosomal peptide biosynthetic process	https://www.ebi.ac.uk/QuickGO/term/GO:0043041	swiss_prot
A0A1L9WUW3	GO:0044550	secondary metabolite biosynthetic process	https://www.ebi.ac.uk/QuickGO/term/GO:0044550	swiss_prot
A0A1L9WUX8				swiss_prot
A0A1P7Y0A2	GO:0045338	farnesyl diphosphate metabolic process	https://www.ebi.ac.uk/QuickGO/term/GO:0045338	swiss_prot
A0A1P7Y0A2	GO:0008610	lipid biosynthetic process	https://www.ebi.ac.uk/QuickGO/term/GO:0008610	swiss_prot
A0A1P7Y0A2	GO:0009753	response to jasmonic acid	https://www.ebi.ac.uk/QuickGO/term/GO:0009753	swiss_prot
A0A1P7Y0C9	GO:0045338	farnesyl diphosphate metabolic process	https://www.ebi.ac.uk/QuickGO/term/GO:0045338	swiss_prot
A0A1P7Y0C9	GO:0008610	lipid biosynthetic process	https://www.ebi.ac.uk/QuickGO/term/GO:0008610	swiss_prot
A0A1P7Y0C9	GO:0009753	response to jasmonic acid	https://www.ebi.ac.uk/QuickGO/term/GO:0009753	swiss_prot
A0A1P7Y0C9	GO:0002238	response to molecule of fungal origin	https://www.ebi.ac.uk/QuickGO/term/GO:0002238	swiss_prot
A0A1P7Y0D4	GO:0045338	farnesyl diphosphate metabolic process	https://www.ebi.ac.uk/QuickGO/term/GO:0045338	swiss_prot
A0A1P7Y0D4	GO:0008610	lipid biosynthetic process	https://www.ebi.ac.uk/QuickGO/term/GO:0008610	swiss_prot
A0A1P7Y0D4	GO:0009753	response to jasmonic acid	https://www.ebi.ac.uk/QuickGO/term/GO:0009753	swiss_prot
A0A1V0QSF8	GO:0016102	diterpenoid biosynthetic process	https://www.ebi.ac.uk/QuickGO/term/GO:0016102	swiss_prot
A0A1V0QSG1	GO:0016102	diterpenoid biosynthetic process	https://www.ebi.ac.uk/QuickGO/term/GO:0016102	swiss_prot
A0A1V0QSG9				swiss_prot
A0A1V0QSH1	GO:0016102	diterpenoid biosynthetic process	https://www.ebi.ac.uk/QuickGO/term/GO:0016102	swiss_prot
A0A1V1FNM9	GO:0044550	secondary metabolite biosynthetic process	https://www.ebi.ac.uk/QuickGO/term/GO:0044550	swiss_prot
A0A1V1FNM9	GO:0016114	terpenoid biosynthetic process	https://www.ebi.ac.uk/QuickGO/term/GO:0016114	swiss_prot
A0A1V1FNZ5	GO:0016125	sterol metabolic process	https://www.ebi.ac.uk/QuickGO/term/GO:0016125	swiss_prot
A0A1V1FNZ5	GO:0016114	terpenoid biosynthetic process	https://www.ebi.ac.uk/QuickGO/term/GO:0016114	swiss_prot
A0A1V6NYL5	GO:0016114	terpenoid biosynthetic process	https://www.ebi.ac.uk/QuickGO/term/GO:0016114	swiss_prot
A0A1W6QDI6	GO:0009686	gibberellin biosynthetic process	https://www.ebi.ac.uk/QuickGO/term/GO:0009686	swiss_prot
A0A1W6QDI6	GO:1901946	miltiradiene biosynthetic process	https://www.ebi.ac.uk/QuickGO/term/GO:1901946	swiss_prot
A0A1W6QDI6	GO:0016114	terpenoid biosynthetic process	https://www.ebi.ac.uk/QuickGO/term/GO:0016114	swiss_prot
A0A1Y0BRF3	GO:0016114	terpenoid biosynthetic process	https://www.ebi.ac.uk/QuickGO/term/GO:0016114	swiss_prot
A0A1Y0BRF4	GO:0016114	terpenoid biosynthetic process	https://www.ebi.ac.uk/QuickGO/term/GO:0016114	swiss_prot
A0A1Y0BRF5	GO:0016114	terpenoid biosynthetic process	https://www.ebi.ac.uk/QuickGO/term/GO:0016114	swiss_prot
A0A1Y0BRF7	GO:0140722	mycophenolic acid biosynthetic process	https://www.ebi.ac.uk/QuickGO/term/GO:0140722	swiss_prot
A0A1Y0BRF7	GO:0016114	terpenoid biosynthetic process	https://www.ebi.ac.uk/QuickGO/term/GO:0016114	swiss_prot
A0A1Y0BRF7	GO:0006744	ubiquinone biosynthetic process	https://www.ebi.ac.uk/QuickGO/term/GO:0006744	swiss_prot
A0A1Y0BRF8	GO:0016114	terpenoid biosynthetic process	https://www.ebi.ac.uk/QuickGO/term/GO:0016114	swiss_prot
A0A1Y0BRG0	GO:0016114	terpenoid biosynthetic process	https://www.ebi.ac.uk/QuickGO/term/GO:0016114	swiss_prot
A0A1Y1C7Q5	GO:0043386	mycotoxin biosynthetic process	https://www.ebi.ac.uk/QuickGO/term/GO:0043386	swiss_prot
A0A1Y1C7Q5	GO:0016114	terpenoid biosynthetic process	https://www.ebi.ac.uk/QuickGO/term/GO:0016114	swiss_prot
A0A1Y1C7S2	GO:0044550	secondary metabolite biosynthetic process	https://www.ebi.ac.uk/QuickGO/term/GO:0044550	swiss_prot
A0A1Y1C7S2	GO:0016114	terpenoid biosynthetic process	https://www.ebi.ac.uk/QuickGO/term/GO:0016114	swiss_prot
A0A2B7YDW3	GO:0016104	triterpenoid biosynthetic process	https://www.ebi.ac.uk/QuickGO/term/GO:0016104	swiss_prot
A0A2I1BSX0	GO:0140782	novofumigatonin biosynthetic process	https://www.ebi.ac.uk/QuickGO/term/GO:0140782	swiss_prot
A0A2I1BSZ6	GO:0140782	novofumigatonin biosynthetic process	https://www.ebi.ac.uk/QuickGO/term/GO:0140782	swiss_prot
A0A2I1BT01	GO:0140782	novofumigatonin biosynthetic process	https://www.ebi.ac.uk/QuickGO/term/GO:0140782	swiss_prot
A0A2I1BT15	GO:0140782	novofumigatonin biosynthetic process	https://www.ebi.ac.uk/QuickGO/term/GO:0140782	swiss_prot
A0A2I1BT56	GO:0140782	novofumigatonin biosynthetic process	https://www.ebi.ac.uk/QuickGO/term/GO:0140782	swiss_prot
A0A2I6PIZ2				swiss_prot
A0A2I6PIZ8				swiss_prot
A0A2I6PIZ9				swiss_prot
A0A2I6PJ00				swiss_prot
A0A2I6PJ01				swiss_prot
A0A2I6PJ07				swiss_prot
A0A2I6PJ08				swiss_prot
A0A2I6PJ12				swiss_prot
A0A2I6PJ13	GO:0008299	isoprenoid biosynthetic process	https://www.ebi.ac.uk/QuickGO/term/GO:0008299	swiss_prot
A0A2I6PJ13	GO:0043386	mycotoxin biosynthetic process	https://www.ebi.ac.uk/QuickGO/term/GO:0043386	swiss_prot
A0A2K9RFY0	GO:0009686	gibberellin biosynthetic process	https://www.ebi.ac.uk/QuickGO/term/GO:0009686	swiss_prot
A0A2K9RFZ7	GO:0009686	gibberellin biosynthetic process	https://www.ebi.ac.uk/QuickGO/term/GO:0009686	swiss_prot
A0A2K9RFZ8	GO:0009686	gibberellin biosynthetic process	https://www.ebi.ac.uk/QuickGO/term/GO:0009686	swiss_prot
A0A2K9RG07	GO:0009686	gibberellin biosynthetic process	https://www.ebi.ac.uk/QuickGO/term/GO:0009686	swiss_prot
A0A2P1DP75	GO:0016114	terpenoid biosynthetic process	https://www.ebi.ac.uk/QuickGO/term/GO:0016114	swiss_prot
A0A2P1DP77	GO:0016114	terpenoid biosynthetic process	https://www.ebi.ac.uk/QuickGO/term/GO:0016114	swiss_prot
A0A2P1DP87	GO:0140722	mycophenolic acid biosynthetic process	https://www.ebi.ac.uk/QuickGO/term/GO:0140722	swiss_prot
A0A2P1DP87	GO:0016114	terpenoid biosynthetic process	https://www.ebi.ac.uk/QuickGO/term/GO:0016114	swiss_prot
A0A2P1DP89	GO:0006351	DNA-templated transcription	https://www.ebi.ac.uk/QuickGO/term/GO:0006351	swiss_prot
A0A2P1DP90	GO:0019748	secondary metabolic process	https://www.ebi.ac.uk/QuickGO/term/GO:0019748	swiss_prot
A0A2P1DP90	GO:0016114	terpenoid biosynthetic process	https://www.ebi.ac.uk/QuickGO/term/GO:0016114	swiss_prot
A0A2P1DP94	GO:0043386	mycotoxin biosynthetic process	https://www.ebi.ac.uk/QuickGO/term/GO:0043386	swiss_prot
A0A2P1DP94	GO:0016114	terpenoid biosynthetic process	https://www.ebi.ac.uk/QuickGO/term/GO:0016114	swiss_prot
A0A2P1DP98	GO:0016114	terpenoid biosynthetic process	https://www.ebi.ac.uk/QuickGO/term/GO:0016114	swiss_prot
A0A2P1DPA5	GO:0043386	mycotoxin biosynthetic process	https://www.ebi.ac.uk/QuickGO/term/GO:0043386	swiss_prot
A0A2P1DPA5	GO:0016114	terpenoid biosynthetic process	https://www.ebi.ac.uk/QuickGO/term/GO:0016114	swiss_prot
A0A2U8U2K8				swiss_prot
A0A2U8U2L0	GO:0016114	terpenoid biosynthetic process	https://www.ebi.ac.uk/QuickGO/term/GO:0016114	swiss_prot
A0A2U8U2L3	GO:0016114	terpenoid biosynthetic process	https://www.ebi.ac.uk/QuickGO/term/GO:0016114	swiss_prot
A0A2U8U2L4	GO:0016114	terpenoid biosynthetic process	https://www.ebi.ac.uk/QuickGO/term/GO:0016114	swiss_prot
A0A2U8U2L5	GO:0016114	terpenoid biosynthetic process	https://www.ebi.ac.uk/QuickGO/term/GO:0016114	swiss_prot
A0A2U8U2L6	GO:0044550	secondary metabolite biosynthetic process	https://www.ebi.ac.uk/QuickGO/term/GO:0044550	swiss_prot
A0A2U8U2L6	GO:0016114	terpenoid biosynthetic process	https://www.ebi.ac.uk/QuickGO/term/GO:0016114	swiss_prot
A0A2U8U2M1	GO:0016114	terpenoid biosynthetic process	https://www.ebi.ac.uk/QuickGO/term/GO:0016114	swiss_prot
A0A2U8U2M8	GO:0016114	terpenoid biosynthetic process	https://www.ebi.ac.uk/QuickGO/term/GO:0016114	swiss_prot
A0A2Z4HPY0	GO:0016114	terpenoid biosynthetic process	https://www.ebi.ac.uk/QuickGO/term/GO:0016114	swiss_prot
A0A2Z4HPY5	GO:0009092	L-homoserine metabolic process	https://www.ebi.ac.uk/QuickGO/term/GO:0009092	swiss_prot
A0A2Z4HPY5	GO:0016114	terpenoid biosynthetic process	https://www.ebi.ac.uk/QuickGO/term/GO:0016114	swiss_prot
A0A2Z4HPZ0	GO:0016114	terpenoid biosynthetic process	https://www.ebi.ac.uk/QuickGO/term/GO:0016114	swiss_prot
A0A2Z4HPZ5	GO:0016114	terpenoid biosynthetic process	https://www.ebi.ac.uk/QuickGO/term/GO:0016114	swiss_prot
A0A2Z4HPZ6	GO:0016114	terpenoid biosynthetic process	https://www.ebi.ac.uk/QuickGO/term/GO:0016114	swiss_prot
A0A2Z4HPZ7	GO:0016114	terpenoid biosynthetic process	https://www.ebi.ac.uk/QuickGO/term/GO:0016114	swiss_prot
A0A2Z4HPZ7	GO:0009403	toxin biosynthetic process	https://www.ebi.ac.uk/QuickGO/term/GO:0009403	swiss_prot
A0A2Z6E8J2				swiss_prot
A0A2Z6E914				swiss_prot
A0A2Z6E9B9	GO:0009820	alkaloid metabolic process	https://www.ebi.ac.uk/QuickGO/term/GO:0009820	swiss_prot
A0A2Z6E9B9	GO:0008299	isoprenoid biosynthetic process	https://www.ebi.ac.uk/QuickGO/term/GO:0008299	swiss_prot
A0A2Z6E9B9	GO:0043386	mycotoxin biosynthetic process	https://www.ebi.ac.uk/QuickGO/term/GO:0043386	swiss_prot
A0A2Z6E9C0				swiss_prot
A0A2Z6FZ19	GO:0016114	terpenoid biosynthetic process	https://www.ebi.ac.uk/QuickGO/term/GO:0016114	swiss_prot
A0A2Z6FZ20	GO:0016114	terpenoid biosynthetic process	https://www.ebi.ac.uk/QuickGO/term/GO:0016114	swiss_prot
A0A2Z6FZX4	GO:0016114	terpenoid biosynthetic process	https://www.ebi.ac.uk/QuickGO/term/GO:0016114	swiss_prot
A0A345BJQ0	GO:0006696	ergosterol biosynthetic process	https://www.ebi.ac.uk/QuickGO/term/GO:0006696	swiss_prot
A0A345BJQ0	GO:0045338	farnesyl diphosphate metabolic process	https://www.ebi.ac.uk/QuickGO/term/GO:0045338	swiss_prot
A0A348AUV5	GO:0016102	diterpenoid biosynthetic process	https://www.ebi.ac.uk/QuickGO/term/GO:0016102	swiss_prot
A0A348AUV5	GO:0016106	sesquiterpenoid biosynthetic process	https://www.ebi.ac.uk/QuickGO/term/GO:0016106	swiss_prot
A0A348AUV6	GO:0016102	diterpenoid biosynthetic process	https://www.ebi.ac.uk/QuickGO/term/GO:0016102	swiss_prot
A0A348AUV6	GO:0016106	sesquiterpenoid biosynthetic process	https://www.ebi.ac.uk/QuickGO/term/GO:0016106	swiss_prot
A0A348AUV7	GO:0016102	diterpenoid biosynthetic process	https://www.ebi.ac.uk/QuickGO/term/GO:0016102	swiss_prot
A0A348AUV7	GO:0016106	sesquiterpenoid biosynthetic process	https://www.ebi.ac.uk/QuickGO/term/GO:0016106	swiss_prot
A0A348AUV9	GO:0016102	diterpenoid biosynthetic process	https://www.ebi.ac.uk/QuickGO/term/GO:0016102	swiss_prot
A0A348AUV9	GO:0016106	sesquiterpenoid biosynthetic process	https://www.ebi.ac.uk/QuickGO/term/GO:0016106	swiss_prot
A0A348AUW0	GO:0016102	diterpenoid biosynthetic process	https://www.ebi.ac.uk/QuickGO/term/GO:0016102	swiss_prot
A0A348AUW0	GO:0016106	sesquiterpenoid biosynthetic process	https://www.ebi.ac.uk/QuickGO/term/GO:0016106	swiss_prot
A0A348AUW1	GO:0016102	diterpenoid biosynthetic process	https://www.ebi.ac.uk/QuickGO/term/GO:0016102	swiss_prot
A0A348AUW1	GO:0016106	sesquiterpenoid biosynthetic process	https://www.ebi.ac.uk/QuickGO/term/GO:0016106	swiss_prot
A0A348B781				swiss_prot
A0A348B782				swiss_prot
A0A348B788				swiss_prot
A0A385AJN0				swiss_prot
A0A3G1DJL2	GO:0006696	ergosterol biosynthetic process	https://www.ebi.ac.uk/QuickGO/term/GO:0006696	swiss_prot
A0A3G1DJL2	GO:0045338	farnesyl diphosphate metabolic process	https://www.ebi.ac.uk/QuickGO/term/GO:0045338	swiss_prot
A0A3G1HQN7				swiss_prot
A0A3G1QTT3	GO:0009686	gibberellin biosynthetic process	https://www.ebi.ac.uk/QuickGO/term/GO:0009686	swiss_prot
A0A3G1QTT3	GO:0042214	terpene metabolic process	https://www.ebi.ac.uk/QuickGO/term/GO:0042214	swiss_prot
A0A3G9GNJ4	GO:0016114	terpenoid biosynthetic process	https://www.ebi.ac.uk/QuickGO/term/GO:0016114	swiss_prot
A0A3G9GR23	GO:0016114	terpenoid biosynthetic process	https://www.ebi.ac.uk/QuickGO/term/GO:0016114	swiss_prot
A0A3G9GUR6	GO:0016114	terpenoid biosynthetic process	https://www.ebi.ac.uk/QuickGO/term/GO:0016114	swiss_prot
A0A3G9GX61	GO:0016114	terpenoid biosynthetic process	https://www.ebi.ac.uk/QuickGO/term/GO:0016114	swiss_prot
A0A3G9H185	GO:0016114	terpenoid biosynthetic process	https://www.ebi.ac.uk/QuickGO/term/GO:0016114	swiss_prot
A0A3G9H8P0	GO:0016114	terpenoid biosynthetic process	https://www.ebi.ac.uk/QuickGO/term/GO:0016114	swiss_prot
A0A3G9HAL8	GO:0016114	terpenoid biosynthetic process	https://www.ebi.ac.uk/QuickGO/term/GO:0016114	swiss_prot
A0A3L6G2C1	GO:0016102	diterpenoid biosynthetic process	https://www.ebi.ac.uk/QuickGO/term/GO:0016102	swiss_prot
A0A3L6G2C1	GO:0009620	response to fungus	https://www.ebi.ac.uk/QuickGO/term/GO:0009620	swiss_prot
A0A3L6G998	GO:0016102	diterpenoid biosynthetic process	https://www.ebi.ac.uk/QuickGO/term/GO:0016102	swiss_prot
A0A3Q7GFB5				swiss_prot
A0A3Q9FFM1	GO:0043386	mycotoxin biosynthetic process	https://www.ebi.ac.uk/QuickGO/term/GO:0043386	swiss_prot
A0A3Q9FFM1	GO:0016114	terpenoid biosynthetic process	https://www.ebi.ac.uk/QuickGO/term/GO:0016114	swiss_prot
A0A3T0ZHJ0	GO:0006633	fatty acid biosynthetic process	https://www.ebi.ac.uk/QuickGO/term/GO:0006633	swiss_prot
A0A3T0ZHJ0	GO:0044550	secondary metabolite biosynthetic process	https://www.ebi.ac.uk/QuickGO/term/GO:0044550	swiss_prot
A0A3T0ZHJ0	GO:0016114	terpenoid biosynthetic process	https://www.ebi.ac.uk/QuickGO/term/GO:0016114	swiss_prot
A0A3T0ZHJ5	GO:0016114	terpenoid biosynthetic process	https://www.ebi.ac.uk/QuickGO/term/GO:0016114	swiss_prot
A0A3T0ZHK6	GO:0019748	secondary metabolic process	https://www.ebi.ac.uk/QuickGO/term/GO:0019748	swiss_prot
A0A3T0ZHK6	GO:0016114	terpenoid biosynthetic process	https://www.ebi.ac.uk/QuickGO/term/GO:0016114	swiss_prot
A0A3T0ZHK9	GO:0019748	secondary metabolic process	https://www.ebi.ac.uk/QuickGO/term/GO:0019748	swiss_prot
A0A3T0ZHK9	GO:0016114	terpenoid biosynthetic process	https://www.ebi.ac.uk/QuickGO/term/GO:0016114	swiss_prot
A0A3T0ZHL2	GO:0016114	terpenoid biosynthetic process	https://www.ebi.ac.uk/QuickGO/term/GO:0016114	swiss_prot
A0A3T0ZHL4	GO:0016114	terpenoid biosynthetic process	https://www.ebi.ac.uk/QuickGO/term/GO:0016114	swiss_prot
A0A455LLV4	GO:0016114	terpenoid biosynthetic process	https://www.ebi.ac.uk/QuickGO/term/GO:0016114	swiss_prot
A0A455LLV8	GO:0016114	terpenoid biosynthetic process	https://www.ebi.ac.uk/QuickGO/term/GO:0016114	swiss_prot
A0A455LLW0	GO:0016114	terpenoid biosynthetic process	https://www.ebi.ac.uk/QuickGO/term/GO:0016114	swiss_prot
A0A455LLW7	GO:0016114	terpenoid biosynthetic process	https://www.ebi.ac.uk/QuickGO/term/GO:0016114	swiss_prot
A0A455LLW9	GO:0016114	terpenoid biosynthetic process	https://www.ebi.ac.uk/QuickGO/term/GO:0016114	swiss_prot
A0A455LLX1	GO:0006633	fatty acid biosynthetic process	https://www.ebi.ac.uk/QuickGO/term/GO:0006633	swiss_prot
A0A455LLX1	GO:0044550	secondary metabolite biosynthetic process	https://www.ebi.ac.uk/QuickGO/term/GO:0044550	swiss_prot
A0A455LLX1	GO:0016114	terpenoid biosynthetic process	https://www.ebi.ac.uk/QuickGO/term/GO:0016114	swiss_prot
A0A455LLX2	GO:0016114	terpenoid biosynthetic process	https://www.ebi.ac.uk/QuickGO/term/GO:0016114	swiss_prot
A0A455LLX4	GO:0016114	terpenoid biosynthetic process	https://www.ebi.ac.uk/QuickGO/term/GO:0016114	swiss_prot
A0A455LM21	GO:0016114	terpenoid biosynthetic process	https://www.ebi.ac.uk/QuickGO/term/GO:0016114	swiss_prot
A0A455LM27	GO:0016114	terpenoid biosynthetic process	https://www.ebi.ac.uk/QuickGO/term/GO:0016114	swiss_prot
A0A455LN84	GO:0016114	terpenoid biosynthetic process	https://www.ebi.ac.uk/QuickGO/term/GO:0016114	swiss_prot
A0A455LN86	GO:0006696	ergosterol biosynthetic process	https://www.ebi.ac.uk/QuickGO/term/GO:0006696	swiss_prot
A0A455LN86	GO:0016104	triterpenoid biosynthetic process	https://www.ebi.ac.uk/QuickGO/term/GO:0016104	swiss_prot
A0A455LRW3	GO:0006696	ergosterol biosynthetic process	https://www.ebi.ac.uk/QuickGO/term/GO:0006696	swiss_prot
A0A455LRW3	GO:0016104	triterpenoid biosynthetic process	https://www.ebi.ac.uk/QuickGO/term/GO:0016104	swiss_prot
A0A455LRX2	GO:0016114	terpenoid biosynthetic process	https://www.ebi.ac.uk/QuickGO/term/GO:0016114	swiss_prot
A0A455LXK0	GO:0006633	fatty acid biosynthetic process	https://www.ebi.ac.uk/QuickGO/term/GO:0006633	swiss_prot
A0A455LXK0	GO:0044550	secondary metabolite biosynthetic process	https://www.ebi.ac.uk/QuickGO/term/GO:0044550	swiss_prot
A0A455LXK0	GO:0016114	terpenoid biosynthetic process	https://www.ebi.ac.uk/QuickGO/term/GO:0016114	swiss_prot
A0A455M2Y3	GO:0006633	fatty acid biosynthetic process	https://www.ebi.ac.uk/QuickGO/term/GO:0006633	swiss_prot
A0A455M2Y3	GO:0044550	secondary metabolite biosynthetic process	https://www.ebi.ac.uk/QuickGO/term/GO:0044550	swiss_prot
A0A455M2Y3	GO:0016114	terpenoid biosynthetic process	https://www.ebi.ac.uk/QuickGO/term/GO:0016114	swiss_prot
A0A455M7R7	GO:0016114	terpenoid biosynthetic process	https://www.ebi.ac.uk/QuickGO/term/GO:0016114	swiss_prot
A0A455R413	GO:0016114	terpenoid biosynthetic process	https://www.ebi.ac.uk/QuickGO/term/GO:0016114	swiss_prot
A0A455R413	GO:0006744	ubiquinone biosynthetic process	https://www.ebi.ac.uk/QuickGO/term/GO:0006744	swiss_prot
A0A455R5K2	GO:0016114	terpenoid biosynthetic process	https://www.ebi.ac.uk/QuickGO/term/GO:0016114	swiss_prot
A0A455R7E6	GO:0016114	terpenoid biosynthetic process	https://www.ebi.ac.uk/QuickGO/term/GO:0016114	swiss_prot
A0A455R7M0	GO:0044550	secondary metabolite biosynthetic process	https://www.ebi.ac.uk/QuickGO/term/GO:0044550	swiss_prot
A0A455R7M0	GO:0016114	terpenoid biosynthetic process	https://www.ebi.ac.uk/QuickGO/term/GO:0016114	swiss_prot
A0A455RAK9	GO:0016114	terpenoid biosynthetic process	https://www.ebi.ac.uk/QuickGO/term/GO:0016114	swiss_prot
A0A484FVL2	GO:0016114	terpenoid biosynthetic process	https://www.ebi.ac.uk/QuickGO/term/GO:0016114	swiss_prot
A0A484FXR4	GO:0016114	terpenoid biosynthetic process	https://www.ebi.ac.uk/QuickGO/term/GO:0016114	swiss_prot
A0A4D6IA24				swiss_prot
A0A4P8GEA3	GO:0016114	terpenoid biosynthetic process	https://www.ebi.ac.uk/QuickGO/term/GO:0016114	swiss_prot
A0A4P8GEB4	GO:0016114	terpenoid biosynthetic process	https://www.ebi.ac.uk/QuickGO/term/GO:0016114	swiss_prot
A0A4P8GEE8	GO:0016114	terpenoid biosynthetic process	https://www.ebi.ac.uk/QuickGO/term/GO:0016114	swiss_prot
A0A4P8GF19	GO:0016114	terpenoid biosynthetic process	https://www.ebi.ac.uk/QuickGO/term/GO:0016114	swiss_prot
A0A4P8GFV8	GO:0016114	terpenoid biosynthetic process	https://www.ebi.ac.uk/QuickGO/term/GO:0016114	swiss_prot
A0A4P8GG75	GO:0016114	terpenoid biosynthetic process	https://www.ebi.ac.uk/QuickGO/term/GO:0016114	swiss_prot
A0A4S8MAF3				swiss_prot
A0A4Y5L9K3	GO:0016102	diterpenoid biosynthetic process	https://www.ebi.ac.uk/QuickGO/term/GO:0016102	swiss_prot
A0A4Y5QVX6	GO:0016102	diterpenoid biosynthetic process	https://www.ebi.ac.uk/QuickGO/term/GO:0016102	swiss_prot
A0A4Y5QWA6	GO:0016102	diterpenoid biosynthetic process	https://www.ebi.ac.uk/QuickGO/term/GO:0016102	swiss_prot
A0A4Y5QWK5	GO:0016102	diterpenoid biosynthetic process	https://www.ebi.ac.uk/QuickGO/term/GO:0016102	swiss_prot
A0A516F405	GO:0016114	terpenoid biosynthetic process	https://www.ebi.ac.uk/QuickGO/term/GO:0016114	swiss_prot
A0A5B8NBE6	GO:0016104	triterpenoid biosynthetic process	https://www.ebi.ac.uk/QuickGO/term/GO:0016104	swiss_prot
A0A5B8NBN0	GO:0016104	triterpenoid biosynthetic process	https://www.ebi.ac.uk/QuickGO/term/GO:0016104	swiss_prot
A0A5P8DHZ6	GO:0009686	gibberellin biosynthetic process	https://www.ebi.ac.uk/QuickGO/term/GO:0009686	swiss_prot
A0A5P8DHZ6	GO:1901946	miltiradiene biosynthetic process	https://www.ebi.ac.uk/QuickGO/term/GO:1901946	swiss_prot
A0A5P8DHZ6	GO:0016114	terpenoid biosynthetic process	https://www.ebi.ac.uk/QuickGO/term/GO:0016114	swiss_prot
A0A5P8DI06	GO:0009686	gibberellin biosynthetic process	https://www.ebi.ac.uk/QuickGO/term/GO:0009686	swiss_prot
A0A5P8DI06	GO:1901946	miltiradiene biosynthetic process	https://www.ebi.ac.uk/QuickGO/term/GO:1901946	swiss_prot
A0A5P8DI06	GO:0016114	terpenoid biosynthetic process	https://www.ebi.ac.uk/QuickGO/term/GO:0016114	swiss_prot
A0A5P8DI07	GO:0009686	gibberellin biosynthetic process	https://www.ebi.ac.uk/QuickGO/term/GO:0009686	swiss_prot
A0A5P8DI07	GO:1901946	miltiradiene biosynthetic process	https://www.ebi.ac.uk/QuickGO/term/GO:1901946	swiss_prot
A0A5P8DI07	GO:0016114	terpenoid biosynthetic process	https://www.ebi.ac.uk/QuickGO/term/GO:0016114	swiss_prot
A0A5P8DI15	GO:0009686	gibberellin biosynthetic process	https://www.ebi.ac.uk/QuickGO/term/GO:0009686	swiss_prot
A0A5P8DI15	GO:1901946	miltiradiene biosynthetic process	https://www.ebi.ac.uk/QuickGO/term/GO:1901946	swiss_prot
A0A5P8DI15	GO:0016114	terpenoid biosynthetic process	https://www.ebi.ac.uk/QuickGO/term/GO:0016114	swiss_prot
A0A5Q0QMX0				swiss_prot
A0A5Q0QMX1				swiss_prot
A0A5Q0QN66				swiss_prot
A0A5Q0QNH9				swiss_prot
A0A5Q0QNJ2				swiss_prot
A0A5Q0QSI8				swiss_prot
A0A5Q0QU70				swiss_prot
A0A6S6QR11	GO:0016102	diterpenoid biosynthetic process	https://www.ebi.ac.uk/QuickGO/term/GO:0016102	swiss_prot
A0A7G5KLV2	GO:0016102	diterpenoid biosynthetic process	https://www.ebi.ac.uk/QuickGO/term/GO:0016102	swiss_prot
A0A7G5KLV3	GO:0016102	diterpenoid biosynthetic process	https://www.ebi.ac.uk/QuickGO/term/GO:0016102	swiss_prot
A0A7J6EK66	GO:0015995	chlorophyll biosynthetic process	https://www.ebi.ac.uk/QuickGO/term/GO:0015995	swiss_prot
A0A7J6EK66	GO:0019288	isopentenyl diphosphate biosynthetic process, methylerythritol 4-phosphate pathway	https://www.ebi.ac.uk/QuickGO/term/GO:0019288	swiss_prot
A0A7J6EK66	GO:0016114	terpenoid biosynthetic process	https://www.ebi.ac.uk/QuickGO/term/GO:0016114	swiss_prot
A0A7J6G7L9	GO:0019288	isopentenyl diphosphate biosynthetic process, methylerythritol 4-phosphate pathway	https://www.ebi.ac.uk/QuickGO/term/GO:0019288	swiss_prot
A0A7J6H013	GO:0015936	coenzyme A metabolic process	https://www.ebi.ac.uk/QuickGO/term/GO:0015936	swiss_prot
A0A7J6H013	GO:0008299	isoprenoid biosynthetic process	https://www.ebi.ac.uk/QuickGO/term/GO:0008299	swiss_prot
A0A7J6H013	GO:0016126	sterol biosynthetic process	https://www.ebi.ac.uk/QuickGO/term/GO:0016126	swiss_prot
A0A803NI27	GO:0015936	coenzyme A metabolic process	https://www.ebi.ac.uk/QuickGO/term/GO:0015936	swiss_prot
A0A803NI27	GO:0008299	isoprenoid biosynthetic process	https://www.ebi.ac.uk/QuickGO/term/GO:0008299	swiss_prot
A0A803NI27	GO:0016126	sterol biosynthetic process	https://www.ebi.ac.uk/QuickGO/term/GO:0016126	swiss_prot
A0A803PDZ0	GO:0019288	isopentenyl diphosphate biosynthetic process, methylerythritol 4-phosphate pathway	https://www.ebi.ac.uk/QuickGO/term/GO:0019288	swiss_prot
A0A803PDZ0	GO:0016114	terpenoid biosynthetic process	https://www.ebi.ac.uk/QuickGO/term/GO:0016114	swiss_prot
A0A858E4Y6	GO:0008299	isoprenoid biosynthetic process	https://www.ebi.ac.uk/QuickGO/term/GO:0008299	swiss_prot
A0A858E7J4	GO:0008299	isoprenoid biosynthetic process	https://www.ebi.ac.uk/QuickGO/term/GO:0008299	swiss_prot
A0A858E899	GO:0008299	isoprenoid biosynthetic process	https://www.ebi.ac.uk/QuickGO/term/GO:0008299	swiss_prot
A0A858EAD5	GO:0008299	isoprenoid biosynthetic process	https://www.ebi.ac.uk/QuickGO/term/GO:0008299	swiss_prot
A0A8D5M3V0	GO:0016114	terpenoid biosynthetic process	https://www.ebi.ac.uk/QuickGO/term/GO:0016114	swiss_prot
A0A8D5M692	GO:0006633	fatty acid biosynthetic process	https://www.ebi.ac.uk/QuickGO/term/GO:0006633	swiss_prot
A0A8D5M692	GO:0044550	secondary metabolite biosynthetic process	https://www.ebi.ac.uk/QuickGO/term/GO:0044550	swiss_prot
A0A8D5M692	GO:0016114	terpenoid biosynthetic process	https://www.ebi.ac.uk/QuickGO/term/GO:0016114	swiss_prot
A0A8D5M6H6	GO:0016114	terpenoid biosynthetic process	https://www.ebi.ac.uk/QuickGO/term/GO:0016114	swiss_prot
A0A8D5M7T9	GO:0016114	terpenoid biosynthetic process	https://www.ebi.ac.uk/QuickGO/term/GO:0016114	swiss_prot
A0A8D5M7V9	GO:0140722	mycophenolic acid biosynthetic process	https://www.ebi.ac.uk/QuickGO/term/GO:0140722	swiss_prot
A0A8D5M7V9	GO:0016114	terpenoid biosynthetic process	https://www.ebi.ac.uk/QuickGO/term/GO:0016114	swiss_prot
A0A8D5M8I1	GO:0043386	mycotoxin biosynthetic process	https://www.ebi.ac.uk/QuickGO/term/GO:0043386	swiss_prot
A0A8D5M8I1	GO:0016114	terpenoid biosynthetic process	https://www.ebi.ac.uk/QuickGO/term/GO:0016114	swiss_prot
A0A8D5RWG4	GO:0043386	mycotoxin biosynthetic process	https://www.ebi.ac.uk/QuickGO/term/GO:0043386	swiss_prot
A0A8D5RWG4	GO:0016114	terpenoid biosynthetic process	https://www.ebi.ac.uk/QuickGO/term/GO:0016114	swiss_prot
A0A8D5RY40	GO:0043386	mycotoxin biosynthetic process	https://www.ebi.ac.uk/QuickGO/term/GO:0043386	swiss_prot
A0A8D5RY40	GO:0016114	terpenoid biosynthetic process	https://www.ebi.ac.uk/QuickGO/term/GO:0016114	swiss_prot
A0A8H4CUY8	GO:0008299	isoprenoid biosynthetic process	https://www.ebi.ac.uk/QuickGO/term/GO:0008299	swiss_prot
A0A8H4CUY8	GO:0043386	mycotoxin biosynthetic process	https://www.ebi.ac.uk/QuickGO/term/GO:0043386	swiss_prot
A0A8H7XMX0				swiss_prot
A0A8K1AW51	GO:0016114	terpenoid biosynthetic process	https://www.ebi.ac.uk/QuickGO/term/GO:0016114	swiss_prot
A0A8K1AW54	GO:0016114	terpenoid biosynthetic process	https://www.ebi.ac.uk/QuickGO/term/GO:0016114	swiss_prot
A0SJQ5	GO:0006696	ergosterol biosynthetic process	https://www.ebi.ac.uk/QuickGO/term/GO:0006696	swiss_prot
A0SJQ5	GO:0045338	farnesyl diphosphate metabolic process	https://www.ebi.ac.uk/QuickGO/term/GO:0045338	swiss_prot
A1C8C2	GO:0016114	terpenoid biosynthetic process	https://www.ebi.ac.uk/QuickGO/term/GO:0016114	swiss_prot
A1XI29	GO:0016119	carotene metabolic process	https://www.ebi.ac.uk/QuickGO/term/GO:0016119	swiss_prot
A1XI29	GO:0046246	terpene biosynthetic process	https://www.ebi.ac.uk/QuickGO/term/GO:0046246	swiss_prot
A1XI30	GO:0016119	carotene metabolic process	https://www.ebi.ac.uk/QuickGO/term/GO:0016119	swiss_prot
A1XI30	GO:0046246	terpene biosynthetic process	https://www.ebi.ac.uk/QuickGO/term/GO:0046246	swiss_prot
A4D9R2	GO:0019748	secondary metabolic process	https://www.ebi.ac.uk/QuickGO/term/GO:0019748	swiss_prot
A4D9R2	GO:0016114	terpenoid biosynthetic process	https://www.ebi.ac.uk/QuickGO/term/GO:0016114	swiss_prot
A4D9R3	GO:0019748	secondary metabolic process	https://www.ebi.ac.uk/QuickGO/term/GO:0019748	swiss_prot
A4D9R3	GO:0016114	terpenoid biosynthetic process	https://www.ebi.ac.uk/QuickGO/term/GO:0016114	swiss_prot
A7NH01	GO:0016114	terpenoid biosynthetic process	https://www.ebi.ac.uk/QuickGO/term/GO:0016114	swiss_prot
A8C980	GO:0016104	triterpenoid biosynthetic process	https://www.ebi.ac.uk/QuickGO/term/GO:0016104	swiss_prot
A8C981	GO:0016104	triterpenoid biosynthetic process	https://www.ebi.ac.uk/QuickGO/term/GO:0016104	swiss_prot
A8CDT2	GO:0016104	triterpenoid biosynthetic process	https://www.ebi.ac.uk/QuickGO/term/GO:0016104	swiss_prot
A8CDT3	GO:0016104	triterpenoid biosynthetic process	https://www.ebi.ac.uk/QuickGO/term/GO:0016104	swiss_prot
A9AWD5	GO:0016102	diterpenoid biosynthetic process	https://www.ebi.ac.uk/QuickGO/term/GO:0016102	swiss_prot
A9FZ87	GO:0016114	terpenoid biosynthetic process	https://www.ebi.ac.uk/QuickGO/term/GO:0016114	swiss_prot
A9JPE0	GO:0019748	secondary metabolic process	https://www.ebi.ac.uk/QuickGO/term/GO:0019748	swiss_prot
A9JPE1	GO:0009820	alkaloid metabolic process	https://www.ebi.ac.uk/QuickGO/term/GO:0009820	swiss_prot
A9JPE2	GO:0019748	secondary metabolic process	https://www.ebi.ac.uk/QuickGO/term/GO:0019748	swiss_prot
B0Y565	GO:0016104	triterpenoid biosynthetic process	https://www.ebi.ac.uk/QuickGO/term/GO:0016104	swiss_prot
B1B1U3	GO:0016102	diterpenoid biosynthetic process	https://www.ebi.ac.uk/QuickGO/term/GO:0016102	swiss_prot
B2DBF0	GO:0016102	diterpenoid biosynthetic process	https://www.ebi.ac.uk/QuickGO/term/GO:0016102	swiss_prot
B2DBF1	GO:0016102	diterpenoid biosynthetic process	https://www.ebi.ac.uk/QuickGO/term/GO:0016102	swiss_prot
B2J4A4	GO:0051762	sesquiterpene biosynthetic process	https://www.ebi.ac.uk/QuickGO/term/GO:0051762	swiss_prot
B5A434	GO:0016102	diterpenoid biosynthetic process	https://www.ebi.ac.uk/QuickGO/term/GO:0016102	swiss_prot
B5A434	GO:0033383	geranyl diphosphate metabolic process	https://www.ebi.ac.uk/QuickGO/term/GO:0033383	swiss_prot
B5A435	GO:0016102	diterpenoid biosynthetic process	https://www.ebi.ac.uk/QuickGO/term/GO:0016102	swiss_prot
B5A435	GO:0033383	geranyl diphosphate metabolic process	https://www.ebi.ac.uk/QuickGO/term/GO:0033383	swiss_prot
B5GW45	GO:0016114	terpenoid biosynthetic process	https://www.ebi.ac.uk/QuickGO/term/GO:0016114	swiss_prot
B5H7H3	GO:0016114	terpenoid biosynthetic process	https://www.ebi.ac.uk/QuickGO/term/GO:0016114	swiss_prot
B6EXY6	GO:0016104	triterpenoid biosynthetic process	https://www.ebi.ac.uk/QuickGO/term/GO:0016104	swiss_prot
B6H063				swiss_prot
B6HFX9	GO:0140879	conidiogenone biosynthetic process	https://www.ebi.ac.uk/QuickGO/term/GO:0140879	swiss_prot
B6HUQ4	GO:0043386	mycotoxin biosynthetic process	https://www.ebi.ac.uk/QuickGO/term/GO:0043386	swiss_prot
B6HUQ4	GO:0016114	terpenoid biosynthetic process	https://www.ebi.ac.uk/QuickGO/term/GO:0016114	swiss_prot
B6HV34	GO:0016114	terpenoid biosynthetic process	https://www.ebi.ac.uk/QuickGO/term/GO:0016114	swiss_prot
B6HV35	GO:0140722	mycophenolic acid biosynthetic process	https://www.ebi.ac.uk/QuickGO/term/GO:0140722	swiss_prot
B6HV35	GO:0016114	terpenoid biosynthetic process	https://www.ebi.ac.uk/QuickGO/term/GO:0016114	swiss_prot
B6HV35	GO:0006744	ubiquinone biosynthetic process	https://www.ebi.ac.uk/QuickGO/term/GO:0006744	swiss_prot
B6HV36	GO:0016114	terpenoid biosynthetic process	https://www.ebi.ac.uk/QuickGO/term/GO:0016114	swiss_prot
B6HV37	GO:0016114	terpenoid biosynthetic process	https://www.ebi.ac.uk/QuickGO/term/GO:0016114	swiss_prot
B6SCF3	GO:0016102	diterpenoid biosynthetic process	https://www.ebi.ac.uk/QuickGO/term/GO:0016102	swiss_prot
B6SCF4	GO:0016102	diterpenoid biosynthetic process	https://www.ebi.ac.uk/QuickGO/term/GO:0016102	swiss_prot
B6SCF5	GO:0016102	diterpenoid biosynthetic process	https://www.ebi.ac.uk/QuickGO/term/GO:0016102	swiss_prot
B6SCF6	GO:0016102	diterpenoid biosynthetic process	https://www.ebi.ac.uk/QuickGO/term/GO:0016102	swiss_prot
B8NHD7	GO:0016114	terpenoid biosynthetic process	https://www.ebi.ac.uk/QuickGO/term/GO:0016114	swiss_prot
B8NHD8	GO:0016114	terpenoid biosynthetic process	https://www.ebi.ac.uk/QuickGO/term/GO:0016114	swiss_prot
B8NHD9	GO:0016114	terpenoid biosynthetic process	https://www.ebi.ac.uk/QuickGO/term/GO:0016114	swiss_prot
B8NHE0	GO:0016106	sesquiterpenoid biosynthetic process	https://www.ebi.ac.uk/QuickGO/term/GO:0016106	swiss_prot
B8NHE1	GO:0016114	terpenoid biosynthetic process	https://www.ebi.ac.uk/QuickGO/term/GO:0016114	swiss_prot
B8NHE2	GO:0006596	polyamine biosynthetic process	https://www.ebi.ac.uk/QuickGO/term/GO:0006596	swiss_prot
B8NHE2	GO:0016114	terpenoid biosynthetic process	https://www.ebi.ac.uk/QuickGO/term/GO:0016114	swiss_prot
B8NHE3	GO:0016114	terpenoid biosynthetic process	https://www.ebi.ac.uk/QuickGO/term/GO:0016114	swiss_prot
B8NHE4	GO:0043041	amino acid activation for nonribosomal peptide biosynthetic process	https://www.ebi.ac.uk/QuickGO/term/GO:0043041	swiss_prot
B8NHE4	GO:0044550	secondary metabolite biosynthetic process	https://www.ebi.ac.uk/QuickGO/term/GO:0044550	swiss_prot
B8NHE4	GO:0016114	terpenoid biosynthetic process	https://www.ebi.ac.uk/QuickGO/term/GO:0016114	swiss_prot
B9RXW0	GO:0016102	diterpenoid biosynthetic process	https://www.ebi.ac.uk/QuickGO/term/GO:0016102	swiss_prot
B9RXW0	GO:0051762	sesquiterpene biosynthetic process	https://www.ebi.ac.uk/QuickGO/term/GO:0051762	swiss_prot
B9SBU9	GO:0016102	diterpenoid biosynthetic process	https://www.ebi.ac.uk/QuickGO/term/GO:0016102	swiss_prot
B9SBU9	GO:1900674	olefin biosynthetic process	https://www.ebi.ac.uk/QuickGO/term/GO:1900674	swiss_prot
B9T536	GO:0016102	diterpenoid biosynthetic process	https://www.ebi.ac.uk/QuickGO/term/GO:0016102	swiss_prot
B9T536	GO:0051762	sesquiterpene biosynthetic process	https://www.ebi.ac.uk/QuickGO/term/GO:0051762	swiss_prot
B9T625	GO:0016102	diterpenoid biosynthetic process	https://www.ebi.ac.uk/QuickGO/term/GO:0016102	swiss_prot
B9X0J1	GO:0016104	triterpenoid biosynthetic process	https://www.ebi.ac.uk/QuickGO/term/GO:0016104	swiss_prot
C1K5M3	GO:0016102	diterpenoid biosynthetic process	https://www.ebi.ac.uk/QuickGO/term/GO:0016102	swiss_prot
C1K5M3	GO:0009395	phospholipid catabolic process	https://www.ebi.ac.uk/QuickGO/term/GO:0009395	swiss_prot
C1K5M3	GO:0016115	terpenoid catabolic process	https://www.ebi.ac.uk/QuickGO/term/GO:0016115	swiss_prot
C5YHI2	GO:0016102	diterpenoid biosynthetic process	https://www.ebi.ac.uk/QuickGO/term/GO:0016102	swiss_prot
C7ASI9	GO:0016102	diterpenoid biosynthetic process	https://www.ebi.ac.uk/QuickGO/term/GO:0016102	swiss_prot
C7ASI9	GO:0043693	monoterpene biosynthetic process	https://www.ebi.ac.uk/QuickGO/term/GO:0043693	swiss_prot
C7E5V7	GO:0016102	diterpenoid biosynthetic process	https://www.ebi.ac.uk/QuickGO/term/GO:0016102	swiss_prot
C7E5V8	GO:0016102	diterpenoid biosynthetic process	https://www.ebi.ac.uk/QuickGO/term/GO:0016102	swiss_prot
C7E5V9	GO:0016102	diterpenoid biosynthetic process	https://www.ebi.ac.uk/QuickGO/term/GO:0016102	swiss_prot
C7E5W0	GO:0016102	diterpenoid biosynthetic process	https://www.ebi.ac.uk/QuickGO/term/GO:0016102	swiss_prot
C7PLV2	GO:0016114	terpenoid biosynthetic process	https://www.ebi.ac.uk/QuickGO/term/GO:0016114	swiss_prot
C8VQ92	GO:1900560	austinol biosynthetic process	https://www.ebi.ac.uk/QuickGO/term/GO:1900560	swiss_prot
C8VQ92	GO:1900563	dehydroaustinol biosynthetic process	https://www.ebi.ac.uk/QuickGO/term/GO:1900563	swiss_prot
C8VQ92	GO:0016114	terpenoid biosynthetic process	https://www.ebi.ac.uk/QuickGO/term/GO:0016114	swiss_prot
C8XPS0	GO:0009686	gibberellin biosynthetic process	https://www.ebi.ac.uk/QuickGO/term/GO:0009686	swiss_prot
C8XPS0	GO:0042214	terpene metabolic process	https://www.ebi.ac.uk/QuickGO/term/GO:0042214	swiss_prot
C9E894	GO:0045338	farnesyl diphosphate metabolic process	https://www.ebi.ac.uk/QuickGO/term/GO:0045338	swiss_prot
C9E894	GO:0008610	lipid biosynthetic process	https://www.ebi.ac.uk/QuickGO/term/GO:0008610	swiss_prot
C9E894	GO:0009753	response to jasmonic acid	https://www.ebi.ac.uk/QuickGO/term/GO:0009753	swiss_prot
C9K1X5				swiss_prot
C9K1X6				swiss_prot
C9K2Q2				swiss_prot
C9K2Q3	GO:0008299	isoprenoid biosynthetic process	https://www.ebi.ac.uk/QuickGO/term/GO:0008299	swiss_prot
C9K2Q3	GO:0043386	mycotoxin biosynthetic process	https://www.ebi.ac.uk/QuickGO/term/GO:0043386	swiss_prot
D0VMR5	GO:0016102	diterpenoid biosynthetic process	https://www.ebi.ac.uk/QuickGO/term/GO:0016102	swiss_prot
D0VMR5	GO:0009753	response to jasmonic acid	https://www.ebi.ac.uk/QuickGO/term/GO:0009753	swiss_prot
D1MX85				swiss_prot
D1MX86				swiss_prot
D1MX87				swiss_prot
D1MX88				swiss_prot
D1MX89				swiss_prot
D2B747	GO:0016114	terpenoid biosynthetic process	https://www.ebi.ac.uk/QuickGO/term/GO:0016114	swiss_prot
D2K762	GO:0045338	farnesyl diphosphate metabolic process	https://www.ebi.ac.uk/QuickGO/term/GO:0045338	swiss_prot
D2K762	GO:0008610	lipid biosynthetic process	https://www.ebi.ac.uk/QuickGO/term/GO:0008610	swiss_prot
D2K762	GO:0009753	response to jasmonic acid	https://www.ebi.ac.uk/QuickGO/term/GO:0009753	swiss_prot
D2YZP9	GO:0016102	diterpenoid biosynthetic process	https://www.ebi.ac.uk/QuickGO/term/GO:0016102	swiss_prot
D3KYU2	GO:0042214	terpene metabolic process	https://www.ebi.ac.uk/QuickGO/term/GO:0042214	swiss_prot
D3KYU3	GO:0042214	terpene metabolic process	https://www.ebi.ac.uk/QuickGO/term/GO:0042214	swiss_prot
D5SK09	GO:0016114	terpenoid biosynthetic process	https://www.ebi.ac.uk/QuickGO/term/GO:0016114	swiss_prot
D7NJ68	GO:0006696	ergosterol biosynthetic process	https://www.ebi.ac.uk/QuickGO/term/GO:0006696	swiss_prot
D7NJ68	GO:0016104	triterpenoid biosynthetic process	https://www.ebi.ac.uk/QuickGO/term/GO:0016104	swiss_prot
D7PHZ0	GO:0006545	glycine biosynthetic process	https://www.ebi.ac.uk/QuickGO/term/GO:0006545	swiss_prot
D7PHZ0	GO:0006567	L-threonine catabolic process	https://www.ebi.ac.uk/QuickGO/term/GO:0006567	swiss_prot
D7PHZ0	GO:0016114	terpenoid biosynthetic process	https://www.ebi.ac.uk/QuickGO/term/GO:0016114	swiss_prot
D7PHZ0	GO:0140872	viridicatumtoxin biosynthetic process	https://www.ebi.ac.uk/QuickGO/term/GO:0140872	swiss_prot
D7PHZ1	GO:0016114	terpenoid biosynthetic process	https://www.ebi.ac.uk/QuickGO/term/GO:0016114	swiss_prot
D7PHZ1	GO:0140872	viridicatumtoxin biosynthetic process	https://www.ebi.ac.uk/QuickGO/term/GO:0140872	swiss_prot
D7PHZ3	GO:0016114	terpenoid biosynthetic process	https://www.ebi.ac.uk/QuickGO/term/GO:0016114	swiss_prot
D7PHZ3	GO:0140872	viridicatumtoxin biosynthetic process	https://www.ebi.ac.uk/QuickGO/term/GO:0140872	swiss_prot
D7PHZ4	GO:0009820	alkaloid metabolic process	https://www.ebi.ac.uk/QuickGO/term/GO:0009820	swiss_prot
D7PHZ4	GO:0016114	terpenoid biosynthetic process	https://www.ebi.ac.uk/QuickGO/term/GO:0016114	swiss_prot
D7PHZ4	GO:0140872	viridicatumtoxin biosynthetic process	https://www.ebi.ac.uk/QuickGO/term/GO:0140872	swiss_prot
D7PHZ7	GO:0016114	terpenoid biosynthetic process	https://www.ebi.ac.uk/QuickGO/term/GO:0016114	swiss_prot
D7PHZ7	GO:0140872	viridicatumtoxin biosynthetic process	https://www.ebi.ac.uk/QuickGO/term/GO:0140872	swiss_prot
D7PHZ8	GO:0016114	terpenoid biosynthetic process	https://www.ebi.ac.uk/QuickGO/term/GO:0016114	swiss_prot
D7PHZ8	GO:0140872	viridicatumtoxin biosynthetic process	https://www.ebi.ac.uk/QuickGO/term/GO:0140872	swiss_prot
D7PHZ9	GO:0016114	terpenoid biosynthetic process	https://www.ebi.ac.uk/QuickGO/term/GO:0016114	swiss_prot
D7PHZ9	GO:0140872	viridicatumtoxin biosynthetic process	https://www.ebi.ac.uk/QuickGO/term/GO:0140872	swiss_prot
D7UTD1				swiss_prot
D8RLD3	GO:0016114	terpenoid biosynthetic process	https://www.ebi.ac.uk/QuickGO/term/GO:0016114	swiss_prot
D8RNZ9	GO:0016114	terpenoid biosynthetic process	https://www.ebi.ac.uk/QuickGO/term/GO:0016114	swiss_prot
D9XD61	GO:0016114	terpenoid biosynthetic process	https://www.ebi.ac.uk/QuickGO/term/GO:0016114	swiss_prot
D9XDR8	GO:0016114	terpenoid biosynthetic process	https://www.ebi.ac.uk/QuickGO/term/GO:0016114	swiss_prot
E2E2N8	GO:0016102	diterpenoid biosynthetic process	https://www.ebi.ac.uk/QuickGO/term/GO:0016102	swiss_prot
E2IUA6	GO:0016104	triterpenoid biosynthetic process	https://www.ebi.ac.uk/QuickGO/term/GO:0016104	swiss_prot
E2IUA7	GO:0016104	triterpenoid biosynthetic process	https://www.ebi.ac.uk/QuickGO/term/GO:0016104	swiss_prot
E2IUA8	GO:0016104	triterpenoid biosynthetic process	https://www.ebi.ac.uk/QuickGO/term/GO:0016104	swiss_prot
E2IUA9	GO:0016104	triterpenoid biosynthetic process	https://www.ebi.ac.uk/QuickGO/term/GO:0016104	swiss_prot
E2IUB0	GO:0006694	steroid biosynthetic process	https://www.ebi.ac.uk/QuickGO/term/GO:0006694	swiss_prot
E2IUB0	GO:0016104	triterpenoid biosynthetic process	https://www.ebi.ac.uk/QuickGO/term/GO:0016104	swiss_prot
E3UBL5	GO:0140873	paxilline biosynthetic process	https://www.ebi.ac.uk/QuickGO/term/GO:0140873	swiss_prot
E3UBL6	GO:0140873	paxilline biosynthetic process	https://www.ebi.ac.uk/QuickGO/term/GO:0140873	swiss_prot
E3VWJ0				swiss_prot
E3W202	GO:0016102	diterpenoid biosynthetic process	https://www.ebi.ac.uk/QuickGO/term/GO:0016102	swiss_prot
E3W203	GO:0016102	diterpenoid biosynthetic process	https://www.ebi.ac.uk/QuickGO/term/GO:0016102	swiss_prot
E3W204	GO:0016102	diterpenoid biosynthetic process	https://www.ebi.ac.uk/QuickGO/term/GO:0016102	swiss_prot
E4N7E5	GO:0016114	terpenoid biosynthetic process	https://www.ebi.ac.uk/QuickGO/term/GO:0016114	swiss_prot
E7DN63	GO:0016104	triterpenoid biosynthetic process	https://www.ebi.ac.uk/QuickGO/term/GO:0016104	swiss_prot
E8W6C7	GO:0016114	terpenoid biosynthetic process	https://www.ebi.ac.uk/QuickGO/term/GO:0016114	swiss_prot
E9E766				swiss_prot
E9F5E7	GO:0006633	fatty acid biosynthetic process	https://www.ebi.ac.uk/QuickGO/term/GO:0006633	swiss_prot
E9F5E7	GO:0044550	secondary metabolite biosynthetic process	https://www.ebi.ac.uk/QuickGO/term/GO:0044550	swiss_prot
E9F5E7	GO:0016114	terpenoid biosynthetic process	https://www.ebi.ac.uk/QuickGO/term/GO:0016114	swiss_prot
E9F5E8	GO:0016114	terpenoid biosynthetic process	https://www.ebi.ac.uk/QuickGO/term/GO:0016114	swiss_prot
E9F5F0	GO:0016114	terpenoid biosynthetic process	https://www.ebi.ac.uk/QuickGO/term/GO:0016114	swiss_prot
E9F5F1	GO:0016114	terpenoid biosynthetic process	https://www.ebi.ac.uk/QuickGO/term/GO:0016114	swiss_prot
F0ZDD0	GO:0046246	terpene biosynthetic process	https://www.ebi.ac.uk/QuickGO/term/GO:0046246	swiss_prot
F0ZL92	GO:0046246	terpene biosynthetic process	https://www.ebi.ac.uk/QuickGO/term/GO:0046246	swiss_prot
F8UL80	GO:0016102	diterpenoid biosynthetic process	https://www.ebi.ac.uk/QuickGO/term/GO:0016102	swiss_prot
F8UL80	GO:0051762	sesquiterpene biosynthetic process	https://www.ebi.ac.uk/QuickGO/term/GO:0051762	swiss_prot
F8UL81	GO:0016102	diterpenoid biosynthetic process	https://www.ebi.ac.uk/QuickGO/term/GO:0016102	swiss_prot
F8UL81	GO:0051762	sesquiterpene biosynthetic process	https://www.ebi.ac.uk/QuickGO/term/GO:0051762	swiss_prot
F8WQD0	GO:0016104	triterpenoid biosynthetic process	https://www.ebi.ac.uk/QuickGO/term/GO:0016104	swiss_prot
G1DGI7	GO:0016102	diterpenoid biosynthetic process	https://www.ebi.ac.uk/QuickGO/term/GO:0016102	swiss_prot
G8H5N2	GO:0016102	diterpenoid biosynthetic process	https://www.ebi.ac.uk/QuickGO/term/GO:0016102	swiss_prot
G8H5N3	GO:0016102	diterpenoid biosynthetic process	https://www.ebi.ac.uk/QuickGO/term/GO:0016102	swiss_prot
H1VM35	GO:0016114	terpenoid biosynthetic process	https://www.ebi.ac.uk/QuickGO/term/GO:0016114	swiss_prot
H1VN83	GO:0016114	terpenoid biosynthetic process	https://www.ebi.ac.uk/QuickGO/term/GO:0016114	swiss_prot
H1VQW0	GO:0016114	terpenoid biosynthetic process	https://www.ebi.ac.uk/QuickGO/term/GO:0016114	swiss_prot
H2KWF1	GO:0016104	triterpenoid biosynthetic process	https://www.ebi.ac.uk/QuickGO/term/GO:0016104	swiss_prot
H6VLG5	GO:0033331	ent-kaurene metabolic process	https://www.ebi.ac.uk/QuickGO/term/GO:0033331	swiss_prot
H6VLG5	GO:0009686	gibberellin biosynthetic process	https://www.ebi.ac.uk/QuickGO/term/GO:0009686	swiss_prot
H7CE84	GO:0009820	alkaloid metabolic process	https://www.ebi.ac.uk/QuickGO/term/GO:0009820	swiss_prot
H8ZM71	GO:0016102	diterpenoid biosynthetic process	https://www.ebi.ac.uk/QuickGO/term/GO:0016102	swiss_prot
I1M2G5	GO:0016114	terpenoid biosynthetic process	https://www.ebi.ac.uk/QuickGO/term/GO:0016114	swiss_prot
I1RL13	GO:0016114	terpenoid biosynthetic process	https://www.ebi.ac.uk/QuickGO/term/GO:0016114	swiss_prot
I1RL15	GO:0016114	terpenoid biosynthetic process	https://www.ebi.ac.uk/QuickGO/term/GO:0016114	swiss_prot
I1RL16	GO:0016114	terpenoid biosynthetic process	https://www.ebi.ac.uk/QuickGO/term/GO:0016114	swiss_prot
I1RL18	GO:0016114	terpenoid biosynthetic process	https://www.ebi.ac.uk/QuickGO/term/GO:0016114	swiss_prot
I6QPS5	GO:0016102	diterpenoid biosynthetic process	https://www.ebi.ac.uk/QuickGO/term/GO:0016102	swiss_prot
I6QSN0	GO:0016102	diterpenoid biosynthetic process	https://www.ebi.ac.uk/QuickGO/term/GO:0016102	swiss_prot
I6R4V5	GO:0016102	diterpenoid biosynthetic process	https://www.ebi.ac.uk/QuickGO/term/GO:0016102	swiss_prot
I6RAQ6	GO:0016102	diterpenoid biosynthetic process	https://www.ebi.ac.uk/QuickGO/term/GO:0016102	swiss_prot
I6RE61	GO:0016102	diterpenoid biosynthetic process	https://www.ebi.ac.uk/QuickGO/term/GO:0016102	swiss_prot
J7FIJ6				swiss_prot
J7FIP8				swiss_prot
J7FJH0				swiss_prot
J7FJH1				swiss_prot
J7FJH2	GO:0008299	isoprenoid biosynthetic process	https://www.ebi.ac.uk/QuickGO/term/GO:0008299	swiss_prot
J7FJH2	GO:0043386	mycotoxin biosynthetic process	https://www.ebi.ac.uk/QuickGO/term/GO:0043386	swiss_prot
J7FK08	GO:0009820	alkaloid metabolic process	https://www.ebi.ac.uk/QuickGO/term/GO:0009820	swiss_prot
J7FK10				swiss_prot
J7LH11	GO:1901943	(+)-epi-alpha-bisabolol biosynthetic process	https://www.ebi.ac.uk/QuickGO/term/GO:1901943	swiss_prot
J7LH11	GO:0016102	diterpenoid biosynthetic process	https://www.ebi.ac.uk/QuickGO/term/GO:0016102	swiss_prot
J7LH11	GO:0045339	farnesyl diphosphate catabolic process	https://www.ebi.ac.uk/QuickGO/term/GO:0045339	swiss_prot
J7LJN5	GO:1901937	beta-caryophyllene biosynthetic process	https://www.ebi.ac.uk/QuickGO/term/GO:1901937	swiss_prot
J7LJN5	GO:0016102	diterpenoid biosynthetic process	https://www.ebi.ac.uk/QuickGO/term/GO:0016102	swiss_prot
J7LJN5	GO:0045339	farnesyl diphosphate catabolic process	https://www.ebi.ac.uk/QuickGO/term/GO:0045339	swiss_prot
J7LMP2	GO:1901934	bicyclogermacrene biosynthetic process	https://www.ebi.ac.uk/QuickGO/term/GO:1901934	swiss_prot
J7LMP2	GO:0016102	diterpenoid biosynthetic process	https://www.ebi.ac.uk/QuickGO/term/GO:0016102	swiss_prot
J7LMP2	GO:0045339	farnesyl diphosphate catabolic process	https://www.ebi.ac.uk/QuickGO/term/GO:0045339	swiss_prot
J7LQ09	GO:1901940	(-)-exo-alpha-bergamotene biosynthetic process	https://www.ebi.ac.uk/QuickGO/term/GO:1901940	swiss_prot
J7LQ09	GO:0016102	diterpenoid biosynthetic process	https://www.ebi.ac.uk/QuickGO/term/GO:0016102	swiss_prot
J7LQ09	GO:0045339	farnesyl diphosphate catabolic process	https://www.ebi.ac.uk/QuickGO/term/GO:0045339	swiss_prot
J9QS23	GO:0016102	diterpenoid biosynthetic process	https://www.ebi.ac.uk/QuickGO/term/GO:0016102	swiss_prot
J9QS25	GO:0016114	terpenoid biosynthetic process	https://www.ebi.ac.uk/QuickGO/term/GO:0016114	swiss_prot
J9R388	GO:0016102	diterpenoid biosynthetic process	https://www.ebi.ac.uk/QuickGO/term/GO:0016102	swiss_prot
J9R5V4	GO:0016102	diterpenoid biosynthetic process	https://www.ebi.ac.uk/QuickGO/term/GO:0016102	swiss_prot
J9RLZ7	GO:0016102	diterpenoid biosynthetic process	https://www.ebi.ac.uk/QuickGO/term/GO:0016102	swiss_prot
K0K750	GO:0016114	terpenoid biosynthetic process	https://www.ebi.ac.uk/QuickGO/term/GO:0016114	swiss_prot
K2QVI4	GO:0016114	terpenoid biosynthetic process	https://www.ebi.ac.uk/QuickGO/term/GO:0016114	swiss_prot
K2QVI8	GO:0006633	fatty acid biosynthetic process	https://www.ebi.ac.uk/QuickGO/term/GO:0006633	swiss_prot
K2QVI8	GO:0044550	secondary metabolite biosynthetic process	https://www.ebi.ac.uk/QuickGO/term/GO:0044550	swiss_prot
K2QVI8	GO:0016114	terpenoid biosynthetic process	https://www.ebi.ac.uk/QuickGO/term/GO:0016114	swiss_prot
K2RGJ8	GO:0016114	terpenoid biosynthetic process	https://www.ebi.ac.uk/QuickGO/term/GO:0016114	swiss_prot
K2RLM2	GO:0016114	terpenoid biosynthetic process	https://www.ebi.ac.uk/QuickGO/term/GO:0016114	swiss_prot
K2RLM6	GO:0006633	fatty acid biosynthetic process	https://www.ebi.ac.uk/QuickGO/term/GO:0006633	swiss_prot
K2RLM6	GO:0016114	terpenoid biosynthetic process	https://www.ebi.ac.uk/QuickGO/term/GO:0016114	swiss_prot
K2RU64	GO:0016114	terpenoid biosynthetic process	https://www.ebi.ac.uk/QuickGO/term/GO:0016114	swiss_prot
K2RU68	GO:0016114	terpenoid biosynthetic process	https://www.ebi.ac.uk/QuickGO/term/GO:0016114	swiss_prot
K2SUY0	GO:0008299	isoprenoid biosynthetic process	https://www.ebi.ac.uk/QuickGO/term/GO:0008299	swiss_prot
K2SUY0	GO:0043386	mycotoxin biosynthetic process	https://www.ebi.ac.uk/QuickGO/term/GO:0043386	swiss_prot
K4B6C9				swiss_prot
K4L9M2	GO:0016102	diterpenoid biosynthetic process	https://www.ebi.ac.uk/QuickGO/term/GO:0016102	swiss_prot
K4LMW2	GO:0016102	diterpenoid biosynthetic process	https://www.ebi.ac.uk/QuickGO/term/GO:0016102	swiss_prot
K7NBZ9	GO:0016104	triterpenoid biosynthetic process	https://www.ebi.ac.uk/QuickGO/term/GO:0016104	swiss_prot
K9Y645	GO:0016102	diterpenoid biosynthetic process	https://www.ebi.ac.uk/QuickGO/term/GO:0016102	swiss_prot
K9Y6Y9	GO:0016102	diterpenoid biosynthetic process	https://www.ebi.ac.uk/QuickGO/term/GO:0016102	swiss_prot
L0MXJ1				swiss_prot
L0MXJ3				swiss_prot
L0MXX3				swiss_prot
L0MYS5				swiss_prot
L0MYS8				swiss_prot
L0MZK0				swiss_prot
L0MZK4				swiss_prot
L0N063				swiss_prot
M1UZ07	GO:0008299	isoprenoid biosynthetic process	https://www.ebi.ac.uk/QuickGO/term/GO:0008299	swiss_prot
M1UZ07	GO:0043386	mycotoxin biosynthetic process	https://www.ebi.ac.uk/QuickGO/term/GO:0043386	swiss_prot
M1UZ09	GO:0009820	alkaloid metabolic process	https://www.ebi.ac.uk/QuickGO/term/GO:0009820	swiss_prot
M1V8J8				swiss_prot
M1V8K0				swiss_prot
M1V9Q0				swiss_prot
M1VE36				swiss_prot
M1VJS5				swiss_prot
M1VNH2				swiss_prot
M2T7Z1	GO:0016114	terpenoid biosynthetic process	https://www.ebi.ac.uk/QuickGO/term/GO:0016114	swiss_prot
M2UJ60	GO:0016114	terpenoid biosynthetic process	https://www.ebi.ac.uk/QuickGO/term/GO:0016114	swiss_prot
M2URK9	GO:0016114	terpenoid biosynthetic process	https://www.ebi.ac.uk/QuickGO/term/GO:0016114	swiss_prot
M2V0Z8	GO:0016114	terpenoid biosynthetic process	https://www.ebi.ac.uk/QuickGO/term/GO:0016114	swiss_prot
M2V933	GO:0016114	terpenoid biosynthetic process	https://www.ebi.ac.uk/QuickGO/term/GO:0016114	swiss_prot
M4HXW5	GO:0016102	diterpenoid biosynthetic process	https://www.ebi.ac.uk/QuickGO/term/GO:0016102	swiss_prot
M4HY08	GO:0016102	diterpenoid biosynthetic process	https://www.ebi.ac.uk/QuickGO/term/GO:0016102	swiss_prot
M4HYC8	GO:0016102	diterpenoid biosynthetic process	https://www.ebi.ac.uk/QuickGO/term/GO:0016102	swiss_prot
M4HYP3	GO:0016102	diterpenoid biosynthetic process	https://www.ebi.ac.uk/QuickGO/term/GO:0016102	swiss_prot
M5AWY0	GO:0019383	(+)-camphor catabolic process	https://www.ebi.ac.uk/QuickGO/term/GO:0019383	swiss_prot
N6Z5E2				swiss_prot
O04408	GO:0009686	gibberellin biosynthetic process	https://www.ebi.ac.uk/QuickGO/term/GO:0009686	swiss_prot
O13284	GO:0009686	gibberellin biosynthetic process	https://www.ebi.ac.uk/QuickGO/term/GO:0009686	swiss_prot
O13306	GO:0071466	cellular response to xenobiotic stimulus	https://www.ebi.ac.uk/QuickGO/term/GO:0071466	swiss_prot
O13306	GO:0006696	ergosterol biosynthetic process	https://www.ebi.ac.uk/QuickGO/term/GO:0006696	swiss_prot
O13306	GO:0008204	ergosterol metabolic process	https://www.ebi.ac.uk/QuickGO/term/GO:0008204	swiss_prot
O23390	GO:0010686	tetracyclic triterpenoid biosynthetic process	https://www.ebi.ac.uk/QuickGO/term/GO:0010686	swiss_prot
O23651	GO:0016102	diterpenoid biosynthetic process	https://www.ebi.ac.uk/QuickGO/term/GO:0016102	swiss_prot
O23651	GO:0046246	terpene biosynthetic process	https://www.ebi.ac.uk/QuickGO/term/GO:0046246	swiss_prot
O23945	GO:0016102	diterpenoid biosynthetic process	https://www.ebi.ac.uk/QuickGO/term/GO:0016102	swiss_prot
O49853	GO:0016102	diterpenoid biosynthetic process	https://www.ebi.ac.uk/QuickGO/term/GO:0016102	swiss_prot
O65323	GO:0016102	diterpenoid biosynthetic process	https://www.ebi.ac.uk/QuickGO/term/GO:0016102	swiss_prot
O65402	GO:0009725	response to hormone	https://www.ebi.ac.uk/QuickGO/term/GO:0009725	swiss_prot
O65402	GO:0016126	sterol biosynthetic process	https://www.ebi.ac.uk/QuickGO/term/GO:0016126	swiss_prot
O65403	GO:0009725	response to hormone	https://www.ebi.ac.uk/QuickGO/term/GO:0009725	swiss_prot
O65403	GO:0016126	sterol biosynthetic process	https://www.ebi.ac.uk/QuickGO/term/GO:0016126	swiss_prot
O65435	GO:0016102	diterpenoid biosynthetic process	https://www.ebi.ac.uk/QuickGO/term/GO:0016102	swiss_prot
O65726	GO:0009725	response to hormone	https://www.ebi.ac.uk/QuickGO/term/GO:0009725	swiss_prot
O65726	GO:0016126	sterol biosynthetic process	https://www.ebi.ac.uk/QuickGO/term/GO:0016126	swiss_prot
O65727	GO:0009725	response to hormone	https://www.ebi.ac.uk/QuickGO/term/GO:0009725	swiss_prot
O65727	GO:0016126	sterol biosynthetic process	https://www.ebi.ac.uk/QuickGO/term/GO:0016126	swiss_prot
O74165	GO:0006696	ergosterol biosynthetic process	https://www.ebi.ac.uk/QuickGO/term/GO:0006696	swiss_prot
O74165	GO:0045338	farnesyl diphosphate metabolic process	https://www.ebi.ac.uk/QuickGO/term/GO:0045338	swiss_prot
O81191	GO:0016102	diterpenoid biosynthetic process	https://www.ebi.ac.uk/QuickGO/term/GO:0016102	swiss_prot
O81193	GO:0016102	diterpenoid biosynthetic process	https://www.ebi.ac.uk/QuickGO/term/GO:0016102	swiss_prot
O82146	GO:0010038	response to metal ion	https://www.ebi.ac.uk/QuickGO/term/GO:0010038	swiss_prot
O82146	GO:0002238	response to molecule of fungal origin	https://www.ebi.ac.uk/QuickGO/term/GO:0002238	swiss_prot
O82146	GO:0016104	triterpenoid biosynthetic process	https://www.ebi.ac.uk/QuickGO/term/GO:0016104	swiss_prot
P0C8Y0	GO:0016104	triterpenoid biosynthetic process	https://www.ebi.ac.uk/QuickGO/term/GO:0016104	swiss_prot
P0CU77				swiss_prot
P0CV96	GO:0016102	diterpenoid biosynthetic process	https://www.ebi.ac.uk/QuickGO/term/GO:0016102	swiss_prot
P0DO36	GO:0016114	terpenoid biosynthetic process	https://www.ebi.ac.uk/QuickGO/term/GO:0016114	swiss_prot
P0DXI1	GO:0016104	triterpenoid biosynthetic process	https://www.ebi.ac.uk/QuickGO/term/GO:0016104	swiss_prot
P0DXI2	GO:0016104	triterpenoid biosynthetic process	https://www.ebi.ac.uk/QuickGO/term/GO:0016104	swiss_prot
P0DY22	GO:0044550	secondary metabolite biosynthetic process	https://www.ebi.ac.uk/QuickGO/term/GO:0044550	swiss_prot
P0DY23	GO:0016114	terpenoid biosynthetic process	https://www.ebi.ac.uk/QuickGO/term/GO:0016114	swiss_prot
P22871	GO:0016119	carotene metabolic process	https://www.ebi.ac.uk/QuickGO/term/GO:0016119	swiss_prot
P22871	GO:0016117	carotenoid biosynthetic process	https://www.ebi.ac.uk/QuickGO/term/GO:0016117	swiss_prot
P22871	GO:0046246	terpene biosynthetic process	https://www.ebi.ac.uk/QuickGO/term/GO:0046246	swiss_prot
P33990	GO:0019746	hopanoid biosynthetic process	https://www.ebi.ac.uk/QuickGO/term/GO:0019746	swiss_prot
P40805	GO:0046247	terpene catabolic process	https://www.ebi.ac.uk/QuickGO/term/GO:0046247	swiss_prot
P54924	GO:0019746	hopanoid biosynthetic process	https://www.ebi.ac.uk/QuickGO/term/GO:0019746	swiss_prot
P54980	GO:0016119	carotene metabolic process	https://www.ebi.ac.uk/QuickGO/term/GO:0016119	swiss_prot
P54980	GO:0016117	carotenoid biosynthetic process	https://www.ebi.ac.uk/QuickGO/term/GO:0016117	swiss_prot
P54980	GO:0046246	terpene biosynthetic process	https://www.ebi.ac.uk/QuickGO/term/GO:0046246	swiss_prot
P55348	GO:0019746	hopanoid biosynthetic process	https://www.ebi.ac.uk/QuickGO/term/GO:0019746	swiss_prot
P59287	GO:0016102	diterpenoid biosynthetic process	https://www.ebi.ac.uk/QuickGO/term/GO:0016102	swiss_prot
P78589	GO:0006696	ergosterol biosynthetic process	https://www.ebi.ac.uk/QuickGO/term/GO:0006696	swiss_prot
P78589	GO:0045338	farnesyl diphosphate metabolic process	https://www.ebi.ac.uk/QuickGO/term/GO:0045338	swiss_prot
P9WEE6				swiss_prot
P9WEE8				swiss_prot
P9WEE9				swiss_prot
P9WEF0	GO:0016114	terpenoid biosynthetic process	https://www.ebi.ac.uk/QuickGO/term/GO:0016114	swiss_prot
P9WEG0	GO:0016114	terpenoid biosynthetic process	https://www.ebi.ac.uk/QuickGO/term/GO:0016114	swiss_prot
P9WEG1	GO:0006633	fatty acid biosynthetic process	https://www.ebi.ac.uk/QuickGO/term/GO:0006633	swiss_prot
P9WEG1	GO:0030639	polyketide biosynthetic process	https://www.ebi.ac.uk/QuickGO/term/GO:0030639	swiss_prot
P9WEG1	GO:0006508	proteolysis	https://www.ebi.ac.uk/QuickGO/term/GO:0006508	swiss_prot
P9WEG1	GO:0016114	terpenoid biosynthetic process	https://www.ebi.ac.uk/QuickGO/term/GO:0016114	swiss_prot
P9WEG3	GO:0009820	alkaloid metabolic process	https://www.ebi.ac.uk/QuickGO/term/GO:0009820	swiss_prot
P9WEG3	GO:0016114	terpenoid biosynthetic process	https://www.ebi.ac.uk/QuickGO/term/GO:0016114	swiss_prot
P9WEG4	GO:0016114	terpenoid biosynthetic process	https://www.ebi.ac.uk/QuickGO/term/GO:0016114	swiss_prot
P9WEG5	GO:0016114	terpenoid biosynthetic process	https://www.ebi.ac.uk/QuickGO/term/GO:0016114	swiss_prot
P9WEG8	GO:0016114	terpenoid biosynthetic process	https://www.ebi.ac.uk/QuickGO/term/GO:0016114	swiss_prot
P9WEH0	GO:0016114	terpenoid biosynthetic process	https://www.ebi.ac.uk/QuickGO/term/GO:0016114	swiss_prot
P9WEH2				swiss_prot
P9WEH3				swiss_prot
P9WEP1	GO:0019748	secondary metabolic process	https://www.ebi.ac.uk/QuickGO/term/GO:0019748	swiss_prot
P9WEP1	GO:0016114	terpenoid biosynthetic process	https://www.ebi.ac.uk/QuickGO/term/GO:0016114	swiss_prot
P9WEP3	GO:0016114	terpenoid biosynthetic process	https://www.ebi.ac.uk/QuickGO/term/GO:0016114	swiss_prot
P9WEP4				swiss_prot
P9WEQ3	GO:0016114	terpenoid biosynthetic process	https://www.ebi.ac.uk/QuickGO/term/GO:0016114	swiss_prot
P9WEQ4	GO:0016114	terpenoid biosynthetic process	https://www.ebi.ac.uk/QuickGO/term/GO:0016114	swiss_prot
P9WEQ5	GO:0016114	terpenoid biosynthetic process	https://www.ebi.ac.uk/QuickGO/term/GO:0016114	swiss_prot
P9WEQ7	GO:0140722	mycophenolic acid biosynthetic process	https://www.ebi.ac.uk/QuickGO/term/GO:0140722	swiss_prot
P9WEQ7	GO:0016114	terpenoid biosynthetic process	https://www.ebi.ac.uk/QuickGO/term/GO:0016114	swiss_prot
P9WEQ8	GO:0019748	secondary metabolic process	https://www.ebi.ac.uk/QuickGO/term/GO:0019748	swiss_prot
P9WEQ8	GO:0016114	terpenoid biosynthetic process	https://www.ebi.ac.uk/QuickGO/term/GO:0016114	swiss_prot
P9WER0				swiss_prot
P9WER2				swiss_prot
P9WER4				swiss_prot
P9WER5	GO:0008299	isoprenoid biosynthetic process	https://www.ebi.ac.uk/QuickGO/term/GO:0008299	swiss_prot
P9WER5	GO:0043386	mycotoxin biosynthetic process	https://www.ebi.ac.uk/QuickGO/term/GO:0043386	swiss_prot
P9WER6	GO:0008299	isoprenoid biosynthetic process	https://www.ebi.ac.uk/QuickGO/term/GO:0008299	swiss_prot
P9WER6	GO:0043386	mycotoxin biosynthetic process	https://www.ebi.ac.uk/QuickGO/term/GO:0043386	swiss_prot
P9WEW7	GO:0016114	terpenoid biosynthetic process	https://www.ebi.ac.uk/QuickGO/term/GO:0016114	swiss_prot
P9WEW9	GO:0006633	fatty acid biosynthetic process	https://www.ebi.ac.uk/QuickGO/term/GO:0006633	swiss_prot
P9WEW9	GO:0016114	terpenoid biosynthetic process	https://www.ebi.ac.uk/QuickGO/term/GO:0016114	swiss_prot
P9WEX0	GO:0006633	fatty acid biosynthetic process	https://www.ebi.ac.uk/QuickGO/term/GO:0006633	swiss_prot
P9WEX0	GO:0044550	secondary metabolite biosynthetic process	https://www.ebi.ac.uk/QuickGO/term/GO:0044550	swiss_prot
P9WEX0	GO:0016114	terpenoid biosynthetic process	https://www.ebi.ac.uk/QuickGO/term/GO:0016114	swiss_prot
P9WEX1	GO:0016114	terpenoid biosynthetic process	https://www.ebi.ac.uk/QuickGO/term/GO:0016114	swiss_prot
P9WEX2	GO:0016114	terpenoid biosynthetic process	https://www.ebi.ac.uk/QuickGO/term/GO:0016114	swiss_prot
P9WEX4	GO:0016114	terpenoid biosynthetic process	https://www.ebi.ac.uk/QuickGO/term/GO:0016114	swiss_prot
P9WEX5	GO:0016114	terpenoid biosynthetic process	https://www.ebi.ac.uk/QuickGO/term/GO:0016114	swiss_prot
P9WEX6	GO:0006633	fatty acid biosynthetic process	https://www.ebi.ac.uk/QuickGO/term/GO:0006633	swiss_prot
P9WEX6	GO:0044550	secondary metabolite biosynthetic process	https://www.ebi.ac.uk/QuickGO/term/GO:0044550	swiss_prot
P9WEX6	GO:0016114	terpenoid biosynthetic process	https://www.ebi.ac.uk/QuickGO/term/GO:0016114	swiss_prot
P9WEX7	GO:0016114	terpenoid biosynthetic process	https://www.ebi.ac.uk/QuickGO/term/GO:0016114	swiss_prot
P9WEX8	GO:0016114	terpenoid biosynthetic process	https://www.ebi.ac.uk/QuickGO/term/GO:0016114	swiss_prot
P9WEY0	GO:0016114	terpenoid biosynthetic process	https://www.ebi.ac.uk/QuickGO/term/GO:0016114	swiss_prot
P9WEY1	GO:0016114	terpenoid biosynthetic process	https://www.ebi.ac.uk/QuickGO/term/GO:0016114	swiss_prot
P9WEY2	GO:0016114	terpenoid biosynthetic process	https://www.ebi.ac.uk/QuickGO/term/GO:0016114	swiss_prot
P9WEY4	GO:0046246	terpene biosynthetic process	https://www.ebi.ac.uk/QuickGO/term/GO:0046246	swiss_prot
Q0C898	GO:0016114	terpenoid biosynthetic process	https://www.ebi.ac.uk/QuickGO/term/GO:0016114	swiss_prot
Q0C899	GO:0016114	terpenoid biosynthetic process	https://www.ebi.ac.uk/QuickGO/term/GO:0016114	swiss_prot
Q0C8A0	GO:0016114	terpenoid biosynthetic process	https://www.ebi.ac.uk/QuickGO/term/GO:0016114	swiss_prot
Q0C8A3	GO:0016114	terpenoid biosynthetic process	https://www.ebi.ac.uk/QuickGO/term/GO:0016114	swiss_prot
Q0C8A5	GO:0016114	terpenoid biosynthetic process	https://www.ebi.ac.uk/QuickGO/term/GO:0016114	swiss_prot
Q0C8A6	GO:0016114	terpenoid biosynthetic process	https://www.ebi.ac.uk/QuickGO/term/GO:0016114	swiss_prot
Q0C8A6	GO:0006744	ubiquinone biosynthetic process	https://www.ebi.ac.uk/QuickGO/term/GO:0006744	swiss_prot
Q0C8A7	GO:0016114	terpenoid biosynthetic process	https://www.ebi.ac.uk/QuickGO/term/GO:0016114	swiss_prot
Q0C9L5				swiss_prot
Q0CPG7	GO:0016114	terpenoid biosynthetic process	https://www.ebi.ac.uk/QuickGO/term/GO:0016114	swiss_prot
Q0CPG8	GO:0016106	sesquiterpenoid biosynthetic process	https://www.ebi.ac.uk/QuickGO/term/GO:0016106	swiss_prot
Q0JA83	GO:0016102	diterpenoid biosynthetic process	https://www.ebi.ac.uk/QuickGO/term/GO:0016102	swiss_prot
Q0VHD6	GO:0016102	diterpenoid biosynthetic process	https://www.ebi.ac.uk/QuickGO/term/GO:0016102	swiss_prot
Q15FB2	GO:0008299	isoprenoid biosynthetic process	https://www.ebi.ac.uk/QuickGO/term/GO:0008299	swiss_prot
Q15FB2	GO:0043386	mycotoxin biosynthetic process	https://www.ebi.ac.uk/QuickGO/term/GO:0043386	swiss_prot
Q15FB3	GO:0009820	alkaloid metabolic process	https://www.ebi.ac.uk/QuickGO/term/GO:0009820	swiss_prot
Q15FB5				swiss_prot
Q1AHB2	GO:0016102	diterpenoid biosynthetic process	https://www.ebi.ac.uk/QuickGO/term/GO:0016102	swiss_prot
Q1ZXA1				swiss_prot
Q20HU6	GO:0016102	diterpenoid biosynthetic process	https://www.ebi.ac.uk/QuickGO/term/GO:0016102	swiss_prot
Q20HU6	GO:0009611	response to wounding	https://www.ebi.ac.uk/QuickGO/term/GO:0009611	swiss_prot
Q29VN1	GO:0031347	regulation of defense response	https://www.ebi.ac.uk/QuickGO/term/GO:0031347	swiss_prot
Q29VN1	GO:0009611	response to wounding	https://www.ebi.ac.uk/QuickGO/term/GO:0009611	swiss_prot
Q29VN1	GO:0016114	terpenoid biosynthetic process	https://www.ebi.ac.uk/QuickGO/term/GO:0016114	swiss_prot
Q2R712	GO:0016104	triterpenoid biosynthetic process	https://www.ebi.ac.uk/QuickGO/term/GO:0016104	swiss_prot
Q2U0K2				swiss_prot
Q2XPU6	GO:0010686	tetracyclic triterpenoid biosynthetic process	https://www.ebi.ac.uk/QuickGO/term/GO:0010686	swiss_prot
Q2XPU7	GO:0042335	cuticle development	https://www.ebi.ac.uk/QuickGO/term/GO:0042335	swiss_prot
Q2XPU7	GO:0019745	pentacyclic triterpenoid biosynthetic process	https://www.ebi.ac.uk/QuickGO/term/GO:0019745	swiss_prot
Q2XSC4	GO:0016102	diterpenoid biosynthetic process	https://www.ebi.ac.uk/QuickGO/term/GO:0016102	swiss_prot
Q2XSC4	GO:0046246	terpene biosynthetic process	https://www.ebi.ac.uk/QuickGO/term/GO:0046246	swiss_prot
Q2XSC5	GO:0046248	alpha-pinene biosynthetic process	https://www.ebi.ac.uk/QuickGO/term/GO:0046248	swiss_prot
Q2XSC5	GO:0016102	diterpenoid biosynthetic process	https://www.ebi.ac.uk/QuickGO/term/GO:0016102	swiss_prot
Q2XSC5	GO:0010597	green leaf volatile biosynthetic process	https://www.ebi.ac.uk/QuickGO/term/GO:0010597	swiss_prot
Q2XSC5	GO:0016099	monoterpenoid biosynthetic process	https://www.ebi.ac.uk/QuickGO/term/GO:0016099	swiss_prot
Q2XSC6	GO:0046248	alpha-pinene biosynthetic process	https://www.ebi.ac.uk/QuickGO/term/GO:0046248	swiss_prot
Q2XSC6	GO:0016102	diterpenoid biosynthetic process	https://www.ebi.ac.uk/QuickGO/term/GO:0016102	swiss_prot
Q2XSC6	GO:0010597	green leaf volatile biosynthetic process	https://www.ebi.ac.uk/QuickGO/term/GO:0010597	swiss_prot
Q2XSC6	GO:0016099	monoterpenoid biosynthetic process	https://www.ebi.ac.uk/QuickGO/term/GO:0016099	swiss_prot
Q32KR6	GO:0006695	cholesterol biosynthetic process	https://www.ebi.ac.uk/QuickGO/term/GO:0006695	swiss_prot
Q32KR6	GO:0045338	farnesyl diphosphate metabolic process	https://www.ebi.ac.uk/QuickGO/term/GO:0045338	swiss_prot
Q39760	GO:0016102	diterpenoid biosynthetic process	https://www.ebi.ac.uk/QuickGO/term/GO:0016102	swiss_prot
Q39760	GO:0009620	response to fungus	https://www.ebi.ac.uk/QuickGO/term/GO:0009620	swiss_prot
Q39978	GO:0016102	diterpenoid biosynthetic process	https://www.ebi.ac.uk/QuickGO/term/GO:0016102	swiss_prot
Q39979	GO:0016114	terpenoid biosynthetic process	https://www.ebi.ac.uk/QuickGO/term/GO:0016114	swiss_prot
Q39980	GO:0016102	diterpenoid biosynthetic process	https://www.ebi.ac.uk/QuickGO/term/GO:0016102	swiss_prot
Q4QSN4	GO:0016102	diterpenoid biosynthetic process	https://www.ebi.ac.uk/QuickGO/term/GO:0016102	swiss_prot
Q4WAY4	GO:1902086	fumagillin biosynthetic process	https://www.ebi.ac.uk/QuickGO/term/GO:1902086	swiss_prot
Q4WAY4	GO:0016114	terpenoid biosynthetic process	https://www.ebi.ac.uk/QuickGO/term/GO:0016114	swiss_prot
Q4WAZ2	GO:1902086	fumagillin biosynthetic process	https://www.ebi.ac.uk/QuickGO/term/GO:1902086	swiss_prot
Q4WAZ2	GO:0016114	terpenoid biosynthetic process	https://www.ebi.ac.uk/QuickGO/term/GO:0016114	swiss_prot
Q4WBI0	GO:0016114	terpenoid biosynthetic process	https://www.ebi.ac.uk/QuickGO/term/GO:0016114	swiss_prot
Q4WBI3	GO:0016114	terpenoid biosynthetic process	https://www.ebi.ac.uk/QuickGO/term/GO:0016114	swiss_prot
Q4WBI5	GO:0016114	terpenoid biosynthetic process	https://www.ebi.ac.uk/QuickGO/term/GO:0016114	swiss_prot
Q4WES9	GO:0006696	ergosterol biosynthetic process	https://www.ebi.ac.uk/QuickGO/term/GO:0006696	swiss_prot
Q4WES9	GO:0016104	triterpenoid biosynthetic process	https://www.ebi.ac.uk/QuickGO/term/GO:0016104	swiss_prot
Q4WLC8	GO:0016114	terpenoid biosynthetic process	https://www.ebi.ac.uk/QuickGO/term/GO:0016114	swiss_prot
Q4WLD0	GO:0016114	terpenoid biosynthetic process	https://www.ebi.ac.uk/QuickGO/term/GO:0016114	swiss_prot
Q4WLD2	GO:0016114	terpenoid biosynthetic process	https://www.ebi.ac.uk/QuickGO/term/GO:0016114	swiss_prot
Q4WLD4	GO:0006633	fatty acid biosynthetic process	https://www.ebi.ac.uk/QuickGO/term/GO:0006633	swiss_prot
Q4WLD4	GO:0019748	secondary metabolic process	https://www.ebi.ac.uk/QuickGO/term/GO:0019748	swiss_prot
Q4WLD4	GO:0044550	secondary metabolite biosynthetic process	https://www.ebi.ac.uk/QuickGO/term/GO:0044550	swiss_prot
Q4WLD4	GO:0016114	terpenoid biosynthetic process	https://www.ebi.ac.uk/QuickGO/term/GO:0016114	swiss_prot
Q4WLD5	GO:0016114	terpenoid biosynthetic process	https://www.ebi.ac.uk/QuickGO/term/GO:0016114	swiss_prot
Q4WQ95	GO:0006696	ergosterol biosynthetic process	https://www.ebi.ac.uk/QuickGO/term/GO:0006696	swiss_prot
Q4WQ95	GO:0016104	triterpenoid biosynthetic process	https://www.ebi.ac.uk/QuickGO/term/GO:0016104	swiss_prot
Q54BE5	GO:0051762	sesquiterpene biosynthetic process	https://www.ebi.ac.uk/QuickGO/term/GO:0051762	swiss_prot
Q54DR1	GO:0006695	cholesterol biosynthetic process	https://www.ebi.ac.uk/QuickGO/term/GO:0006695	swiss_prot
Q54DR1	GO:0045338	farnesyl diphosphate metabolic process	https://www.ebi.ac.uk/QuickGO/term/GO:0045338	swiss_prot
Q54P86	GO:0051762	sesquiterpene biosynthetic process	https://www.ebi.ac.uk/QuickGO/term/GO:0051762	swiss_prot
Q54YE1	GO:0051762	sesquiterpene biosynthetic process	https://www.ebi.ac.uk/QuickGO/term/GO:0051762	swiss_prot
Q55D85	GO:0006695	cholesterol biosynthetic process	https://www.ebi.ac.uk/QuickGO/term/GO:0006695	swiss_prot
Q55D85	GO:0016126	sterol biosynthetic process	https://www.ebi.ac.uk/QuickGO/term/GO:0016126	swiss_prot
Q55D85	GO:0016104	triterpenoid biosynthetic process	https://www.ebi.ac.uk/QuickGO/term/GO:0016104	swiss_prot
Q55E23	GO:0051762	sesquiterpene biosynthetic process	https://www.ebi.ac.uk/QuickGO/term/GO:0051762	swiss_prot
Q56RZ2				swiss_prot
Q56RZ6				swiss_prot
Q59723				swiss_prot
Q5AR23	GO:0016114	terpenoid biosynthetic process	https://www.ebi.ac.uk/QuickGO/term/GO:0016114	swiss_prot
Q5AR29	GO:0019748	secondary metabolic process	https://www.ebi.ac.uk/QuickGO/term/GO:0019748	swiss_prot
Q5AR29	GO:0016114	terpenoid biosynthetic process	https://www.ebi.ac.uk/QuickGO/term/GO:0016114	swiss_prot
Q5AR31	GO:1900560	austinol biosynthetic process	https://www.ebi.ac.uk/QuickGO/term/GO:1900560	swiss_prot
Q5AR31	GO:1900563	dehydroaustinol biosynthetic process	https://www.ebi.ac.uk/QuickGO/term/GO:1900563	swiss_prot
Q5AR31	GO:0016114	terpenoid biosynthetic process	https://www.ebi.ac.uk/QuickGO/term/GO:0016114	swiss_prot
Q5AR33	GO:1900560	austinol biosynthetic process	https://www.ebi.ac.uk/QuickGO/term/GO:1900560	swiss_prot
Q5AR33	GO:1900563	dehydroaustinol biosynthetic process	https://www.ebi.ac.uk/QuickGO/term/GO:1900563	swiss_prot
Q5AR33	GO:0016114	terpenoid biosynthetic process	https://www.ebi.ac.uk/QuickGO/term/GO:0016114	swiss_prot
Q5AR46				swiss_prot
Q5KSN4				swiss_prot
Q5MQ85	GO:0009686	gibberellin biosynthetic process	https://www.ebi.ac.uk/QuickGO/term/GO:0009686	swiss_prot
Q5R6U3	GO:0006695	cholesterol biosynthetic process	https://www.ebi.ac.uk/QuickGO/term/GO:0006695	swiss_prot
Q5R6U3	GO:0045338	farnesyl diphosphate metabolic process	https://www.ebi.ac.uk/QuickGO/term/GO:0045338	swiss_prot
Q5SBP0	GO:0046248	alpha-pinene biosynthetic process	https://www.ebi.ac.uk/QuickGO/term/GO:0046248	swiss_prot
Q5SBP0	GO:0016102	diterpenoid biosynthetic process	https://www.ebi.ac.uk/QuickGO/term/GO:0016102	swiss_prot
Q5SBP0	GO:0010597	green leaf volatile biosynthetic process	https://www.ebi.ac.uk/QuickGO/term/GO:0010597	swiss_prot
Q5SBP0	GO:0016099	monoterpenoid biosynthetic process	https://www.ebi.ac.uk/QuickGO/term/GO:0016099	swiss_prot
Q5SBP1	GO:0046248	alpha-pinene biosynthetic process	https://www.ebi.ac.uk/QuickGO/term/GO:0046248	swiss_prot
Q5SBP1	GO:0016102	diterpenoid biosynthetic process	https://www.ebi.ac.uk/QuickGO/term/GO:0016102	swiss_prot
Q5SBP1	GO:0010597	green leaf volatile biosynthetic process	https://www.ebi.ac.uk/QuickGO/term/GO:0010597	swiss_prot
Q5SBP1	GO:0016099	monoterpenoid biosynthetic process	https://www.ebi.ac.uk/QuickGO/term/GO:0016099	swiss_prot
Q5SBP2	GO:0046248	alpha-pinene biosynthetic process	https://www.ebi.ac.uk/QuickGO/term/GO:0046248	swiss_prot
Q5SBP2	GO:0016102	diterpenoid biosynthetic process	https://www.ebi.ac.uk/QuickGO/term/GO:0016102	swiss_prot
Q5SBP2	GO:0010597	green leaf volatile biosynthetic process	https://www.ebi.ac.uk/QuickGO/term/GO:0010597	swiss_prot
Q5SBP2	GO:0016099	monoterpenoid biosynthetic process	https://www.ebi.ac.uk/QuickGO/term/GO:0016099	swiss_prot
Q5SBP3	GO:0016102	diterpenoid biosynthetic process	https://www.ebi.ac.uk/QuickGO/term/GO:0016102	swiss_prot
Q5SBP4	GO:0016102	diterpenoid biosynthetic process	https://www.ebi.ac.uk/QuickGO/term/GO:0016102	swiss_prot
Q5SBP4	GO:0046246	terpene biosynthetic process	https://www.ebi.ac.uk/QuickGO/term/GO:0046246	swiss_prot
Q5SBP5	GO:0016102	diterpenoid biosynthetic process	https://www.ebi.ac.uk/QuickGO/term/GO:0016102	swiss_prot
Q5SBP5	GO:0046246	terpene biosynthetic process	https://www.ebi.ac.uk/QuickGO/term/GO:0046246	swiss_prot
Q5SBP6	GO:0016102	diterpenoid biosynthetic process	https://www.ebi.ac.uk/QuickGO/term/GO:0016102	swiss_prot
Q5SBP6	GO:0046246	terpene biosynthetic process	https://www.ebi.ac.uk/QuickGO/term/GO:0046246	swiss_prot
Q5SBP7	GO:0016102	diterpenoid biosynthetic process	https://www.ebi.ac.uk/QuickGO/term/GO:0016102	swiss_prot
Q5SBP7	GO:0046246	terpene biosynthetic process	https://www.ebi.ac.uk/QuickGO/term/GO:0046246	swiss_prot
Q5W283	GO:0016102	diterpenoid biosynthetic process	https://www.ebi.ac.uk/QuickGO/term/GO:0016102	swiss_prot
Q672V4				swiss_prot
Q672V5	GO:0008299	isoprenoid biosynthetic process	https://www.ebi.ac.uk/QuickGO/term/GO:0008299	swiss_prot
Q672V5	GO:0043386	mycotoxin biosynthetic process	https://www.ebi.ac.uk/QuickGO/term/GO:0043386	swiss_prot
Q675L0	GO:0016102	diterpenoid biosynthetic process	https://www.ebi.ac.uk/QuickGO/term/GO:0016102	swiss_prot
Q675L0	GO:0016106	sesquiterpenoid biosynthetic process	https://www.ebi.ac.uk/QuickGO/term/GO:0016106	swiss_prot
Q6BE24	GO:0016104	triterpenoid biosynthetic process	https://www.ebi.ac.uk/QuickGO/term/GO:0016104	swiss_prot
Q6BE25	GO:0016104	triterpenoid biosynthetic process	https://www.ebi.ac.uk/QuickGO/term/GO:0016104	swiss_prot
Q6E7D7	GO:0009686	gibberellin biosynthetic process	https://www.ebi.ac.uk/QuickGO/term/GO:0009686	swiss_prot
Q6EJ97	GO:0016102	diterpenoid biosynthetic process	https://www.ebi.ac.uk/QuickGO/term/GO:0016102	swiss_prot
Q6EJ97	GO:0080027	response to herbivore	https://www.ebi.ac.uk/QuickGO/term/GO:0080027	swiss_prot
Q6EJ97	GO:0009611	response to wounding	https://www.ebi.ac.uk/QuickGO/term/GO:0009611	swiss_prot
Q6JD69	GO:0016102	diterpenoid biosynthetic process	https://www.ebi.ac.uk/QuickGO/term/GO:0016102	swiss_prot
Q6JD71	GO:0016102	diterpenoid biosynthetic process	https://www.ebi.ac.uk/QuickGO/term/GO:0016102	swiss_prot
Q6PWU2	GO:0016102	diterpenoid biosynthetic process	https://www.ebi.ac.uk/QuickGO/term/GO:0016102	swiss_prot
Q6Q3H3	GO:0016102	diterpenoid biosynthetic process	https://www.ebi.ac.uk/QuickGO/term/GO:0016102	swiss_prot
Q6Z5J6	GO:0016102	diterpenoid biosynthetic process	https://www.ebi.ac.uk/QuickGO/term/GO:0016102	swiss_prot
Q752X9	GO:0006696	ergosterol biosynthetic process	https://www.ebi.ac.uk/QuickGO/term/GO:0006696	swiss_prot
Q752X9	GO:0045338	farnesyl diphosphate metabolic process	https://www.ebi.ac.uk/QuickGO/term/GO:0045338	swiss_prot
Q75F69	GO:0006696	ergosterol biosynthetic process	https://www.ebi.ac.uk/QuickGO/term/GO:0006696	swiss_prot
Q75J90	GO:0051762	sesquiterpene biosynthetic process	https://www.ebi.ac.uk/QuickGO/term/GO:0051762	swiss_prot
Q764T8	GO:0019745	pentacyclic triterpenoid biosynthetic process	https://www.ebi.ac.uk/QuickGO/term/GO:0019745	swiss_prot
Q7KWU0	GO:0051762	sesquiterpene biosynthetic process	https://www.ebi.ac.uk/QuickGO/term/GO:0051762	swiss_prot
Q7S4Z6	GO:0006696	ergosterol biosynthetic process	https://www.ebi.ac.uk/QuickGO/term/GO:0006696	swiss_prot
Q7S4Z6	GO:0045338	farnesyl diphosphate metabolic process	https://www.ebi.ac.uk/QuickGO/term/GO:0045338	swiss_prot
Q7XAS7	GO:0016102	diterpenoid biosynthetic process	https://www.ebi.ac.uk/QuickGO/term/GO:0016102	swiss_prot
Q84KL5	GO:0016102	diterpenoid biosynthetic process	https://www.ebi.ac.uk/QuickGO/term/GO:0016102	swiss_prot
Q84KL5	GO:0045338	farnesyl diphosphate metabolic process	https://www.ebi.ac.uk/QuickGO/term/GO:0045338	swiss_prot
Q84LF0	GO:0016102	diterpenoid biosynthetic process	https://www.ebi.ac.uk/QuickGO/term/GO:0016102	swiss_prot
Q84LF1	GO:0016102	diterpenoid biosynthetic process	https://www.ebi.ac.uk/QuickGO/term/GO:0016102	swiss_prot
Q84LF2	GO:0016102	diterpenoid biosynthetic process	https://www.ebi.ac.uk/QuickGO/term/GO:0016102	swiss_prot
Q84LG0	GO:0016102	diterpenoid biosynthetic process	https://www.ebi.ac.uk/QuickGO/term/GO:0016102	swiss_prot
Q8L7G4	GO:0016102	diterpenoid biosynthetic process	https://www.ebi.ac.uk/QuickGO/term/GO:0016102	swiss_prot
Q8L7G4	GO:0016114	terpenoid biosynthetic process	https://www.ebi.ac.uk/QuickGO/term/GO:0016114	swiss_prot
Q8LSC2	GO:0016102	diterpenoid biosynthetic process	https://www.ebi.ac.uk/QuickGO/term/GO:0016102	swiss_prot
Q8LSC2	GO:0045338	farnesyl diphosphate metabolic process	https://www.ebi.ac.uk/QuickGO/term/GO:0045338	swiss_prot
Q8W3Z1	GO:0019745	pentacyclic triterpenoid biosynthetic process	https://www.ebi.ac.uk/QuickGO/term/GO:0019745	swiss_prot
Q8W3Z2	GO:0019745	pentacyclic triterpenoid biosynthetic process	https://www.ebi.ac.uk/QuickGO/term/GO:0019745	swiss_prot
Q8W3Z3	GO:0010686	tetracyclic triterpenoid biosynthetic process	https://www.ebi.ac.uk/QuickGO/term/GO:0010686	swiss_prot
Q8W3Z4	GO:0010686	tetracyclic triterpenoid biosynthetic process	https://www.ebi.ac.uk/QuickGO/term/GO:0010686	swiss_prot
Q92459	GO:0006696	ergosterol biosynthetic process	https://www.ebi.ac.uk/QuickGO/term/GO:0006696	swiss_prot
Q92459	GO:0045338	farnesyl diphosphate metabolic process	https://www.ebi.ac.uk/QuickGO/term/GO:0045338	swiss_prot
Q92459	GO:1902767	isoprenoid biosynthetic process via mevalonate	https://www.ebi.ac.uk/QuickGO/term/GO:1902767	swiss_prot
Q93X23	GO:0016102	diterpenoid biosynthetic process	https://www.ebi.ac.uk/QuickGO/term/GO:0016102	swiss_prot
Q93YA3	GO:0010597	green leaf volatile biosynthetic process	https://www.ebi.ac.uk/QuickGO/term/GO:0010597	swiss_prot
Q93YA3	GO:0042617	paclitaxel biosynthetic process	https://www.ebi.ac.uk/QuickGO/term/GO:0042617	swiss_prot
Q948R6	GO:0016104	triterpenoid biosynthetic process	https://www.ebi.ac.uk/QuickGO/term/GO:0016104	swiss_prot
Q948Z0	GO:0016102	diterpenoid biosynthetic process	https://www.ebi.ac.uk/QuickGO/term/GO:0016102	swiss_prot
Q94G53	GO:0016102	diterpenoid biosynthetic process	https://www.ebi.ac.uk/QuickGO/term/GO:0016102	swiss_prot
Q94JS8	GO:0016102	diterpenoid biosynthetic process	https://www.ebi.ac.uk/QuickGO/term/GO:0016102	swiss_prot
Q96376	GO:0016102	diterpenoid biosynthetic process	https://www.ebi.ac.uk/QuickGO/term/GO:0016102	swiss_prot
Q96WJ0	GO:0006696	ergosterol biosynthetic process	https://www.ebi.ac.uk/QuickGO/term/GO:0006696	swiss_prot
Q96WJ0	GO:0016104	triterpenoid biosynthetic process	https://www.ebi.ac.uk/QuickGO/term/GO:0016104	swiss_prot
Q9C448	GO:0140873	paxilline biosynthetic process	https://www.ebi.ac.uk/QuickGO/term/GO:0140873	swiss_prot
Q9C451	GO:0140873	paxilline biosynthetic process	https://www.ebi.ac.uk/QuickGO/term/GO:0140873	swiss_prot
Q9C6W6	GO:0016102	diterpenoid biosynthetic process	https://www.ebi.ac.uk/QuickGO/term/GO:0016102	swiss_prot
Q9C8E3	GO:0016102	diterpenoid biosynthetic process	https://www.ebi.ac.uk/QuickGO/term/GO:0016102	swiss_prot
Q9C8E3	GO:0016114	terpenoid biosynthetic process	https://www.ebi.ac.uk/QuickGO/term/GO:0016114	swiss_prot
Q9EUT9				swiss_prot
Q9F1Y5	GO:0042214	terpene metabolic process	https://www.ebi.ac.uk/QuickGO/term/GO:0042214	swiss_prot
Q9F1Y6	GO:0042214	terpene metabolic process	https://www.ebi.ac.uk/QuickGO/term/GO:0042214	swiss_prot
Q9FI27	GO:0016102	diterpenoid biosynthetic process	https://www.ebi.ac.uk/QuickGO/term/GO:0016102	swiss_prot
Q9FJV8	GO:0016104	triterpenoid biosynthetic process	https://www.ebi.ac.uk/QuickGO/term/GO:0016104	swiss_prot
Q9FQ27	GO:0016102	diterpenoid biosynthetic process	https://www.ebi.ac.uk/QuickGO/term/GO:0016102	swiss_prot
Q9FZI2	GO:0016104	triterpenoid biosynthetic process	https://www.ebi.ac.uk/QuickGO/term/GO:0016104	swiss_prot
Q9HGZ6	GO:0006696	ergosterol biosynthetic process	https://www.ebi.ac.uk/QuickGO/term/GO:0006696	swiss_prot
Q9HGZ6	GO:0045338	farnesyl diphosphate metabolic process	https://www.ebi.ac.uk/QuickGO/term/GO:0045338	swiss_prot
Q9HNE5	GO:0016119	carotene metabolic process	https://www.ebi.ac.uk/QuickGO/term/GO:0016119	swiss_prot
Q9HNE5	GO:0046246	terpene biosynthetic process	https://www.ebi.ac.uk/QuickGO/term/GO:0046246	swiss_prot
Q9LH31	GO:0016102	diterpenoid biosynthetic process	https://www.ebi.ac.uk/QuickGO/term/GO:0016102	swiss_prot
Q9LH31	GO:0016114	terpenoid biosynthetic process	https://www.ebi.ac.uk/QuickGO/term/GO:0016114	swiss_prot
Q9LIA1	GO:0016102	diterpenoid biosynthetic process	https://www.ebi.ac.uk/QuickGO/term/GO:0016102	swiss_prot
Q9LIA1	GO:0016114	terpenoid biosynthetic process	https://www.ebi.ac.uk/QuickGO/term/GO:0016114	swiss_prot
Q9LQ27	GO:0016102	diterpenoid biosynthetic process	https://www.ebi.ac.uk/QuickGO/term/GO:0016102	swiss_prot
Q9LQ27	GO:0016114	terpenoid biosynthetic process	https://www.ebi.ac.uk/QuickGO/term/GO:0016114	swiss_prot
Q9LRH7	GO:0019745	pentacyclic triterpenoid biosynthetic process	https://www.ebi.ac.uk/QuickGO/term/GO:0019745	swiss_prot
Q9LRR2	GO:0016102	diterpenoid biosynthetic process	https://www.ebi.ac.uk/QuickGO/term/GO:0016102	swiss_prot
Q9LS76	GO:0016102	diterpenoid biosynthetic process	https://www.ebi.ac.uk/QuickGO/term/GO:0016102	swiss_prot
Q9LVY2	GO:0016104	triterpenoid biosynthetic process	https://www.ebi.ac.uk/QuickGO/term/GO:0016104	swiss_prot
Q9M7D0	GO:0016102	diterpenoid biosynthetic process	https://www.ebi.ac.uk/QuickGO/term/GO:0016102	swiss_prot
Q9M7D1	GO:0016102	diterpenoid biosynthetic process	https://www.ebi.ac.uk/QuickGO/term/GO:0016102	swiss_prot
Q9MB42	GO:0019745	pentacyclic triterpenoid biosynthetic process	https://www.ebi.ac.uk/QuickGO/term/GO:0019745	swiss_prot
Q9SLP9	GO:0016104	triterpenoid biosynthetic process	https://www.ebi.ac.uk/QuickGO/term/GO:0016104	swiss_prot
Q9SXV6	GO:0016104	triterpenoid biosynthetic process	https://www.ebi.ac.uk/QuickGO/term/GO:0016104	swiss_prot
Q9XJ32	GO:0016102	diterpenoid biosynthetic process	https://www.ebi.ac.uk/QuickGO/term/GO:0016102	swiss_prot
Q9Y753	GO:0006696	ergosterol biosynthetic process	https://www.ebi.ac.uk/QuickGO/term/GO:0006696	swiss_prot
Q9Y753	GO:0045338	farnesyl diphosphate metabolic process	https://www.ebi.ac.uk/QuickGO/term/GO:0045338	swiss_prot
R4YVJ8	GO:0016102	diterpenoid biosynthetic process	https://www.ebi.ac.uk/QuickGO/term/GO:0016102	swiss_prot
R9QMR2	GO:0016102	diterpenoid biosynthetic process	https://www.ebi.ac.uk/QuickGO/term/GO:0016102	swiss_prot
R9QMR2	GO:0010597	green leaf volatile biosynthetic process	https://www.ebi.ac.uk/QuickGO/term/GO:0010597	swiss_prot
R9QMR2	GO:0016114	terpenoid biosynthetic process	https://www.ebi.ac.uk/QuickGO/term/GO:0016114	swiss_prot
R9QMW6	GO:0016102	diterpenoid biosynthetic process	https://www.ebi.ac.uk/QuickGO/term/GO:0016102	swiss_prot
R9QMW6	GO:0010597	green leaf volatile biosynthetic process	https://www.ebi.ac.uk/QuickGO/term/GO:0010597	swiss_prot
R9QMW6	GO:0016114	terpenoid biosynthetic process	https://www.ebi.ac.uk/QuickGO/term/GO:0016114	swiss_prot
R9QMY7	GO:0016102	diterpenoid biosynthetic process	https://www.ebi.ac.uk/QuickGO/term/GO:0016102	swiss_prot
R9QMY7	GO:0010597	green leaf volatile biosynthetic process	https://www.ebi.ac.uk/QuickGO/term/GO:0010597	swiss_prot
R9QMY7	GO:0016114	terpenoid biosynthetic process	https://www.ebi.ac.uk/QuickGO/term/GO:0016114	swiss_prot
S0DX56	GO:0016114	terpenoid biosynthetic process	https://www.ebi.ac.uk/QuickGO/term/GO:0016114	swiss_prot
S0ECT9				swiss_prot
S0EGZ9				swiss_prot
U3KYL2	GO:0016102	diterpenoid biosynthetic process	https://www.ebi.ac.uk/QuickGO/term/GO:0016102	swiss_prot
U3LVZ7	GO:1901937	beta-caryophyllene biosynthetic process	https://www.ebi.ac.uk/QuickGO/term/GO:1901937	swiss_prot
U3LVZ7	GO:0016102	diterpenoid biosynthetic process	https://www.ebi.ac.uk/QuickGO/term/GO:0016102	swiss_prot
V6RPN0	GO:0006696	ergosterol biosynthetic process	https://www.ebi.ac.uk/QuickGO/term/GO:0006696	swiss_prot
V6RPN0	GO:0045338	farnesyl diphosphate metabolic process	https://www.ebi.ac.uk/QuickGO/term/GO:0045338	swiss_prot
W0FFD7	GO:0016102	diterpenoid biosynthetic process	https://www.ebi.ac.uk/QuickGO/term/GO:0016102	swiss_prot
W4JX79				swiss_prot
W6Q9B3	GO:0140879	conidiogenone biosynthetic process	https://www.ebi.ac.uk/QuickGO/term/GO:0140879	swiss_prot
W8X5L3	GO:0140647	P450-containing electron transport chain	https://www.ebi.ac.uk/QuickGO/term/GO:0140647	swiss_prot
A0A084R1I1				swiss_prot
A0A084R1I4				swiss_prot
A0A084R1J7				swiss_prot
A0A084R1K1				swiss_prot
A0A084R1K2				swiss_prot
A0A084R1K6				swiss_prot
A0A084R1K7				swiss_prot
A0A084R1N2				swiss_prot
A0A084R1N8				swiss_prot
A0A097ZPD8	GO:0016114	terpenoid biosynthetic process	https://www.ebi.ac.uk/QuickGO/term/GO:0016114	swiss_prot
A0A097ZPE2	GO:0016114	terpenoid biosynthetic process	https://www.ebi.ac.uk/QuickGO/term/GO:0016114	swiss_prot
A0A097ZPE6	GO:0016114	terpenoid biosynthetic process	https://www.ebi.ac.uk/QuickGO/term/GO:0016114	swiss_prot
A0A0B4EB91				swiss_prot
A0A0B4G504				swiss_prot
A0A0E3D8L0				swiss_prot
A0A0E3D8M2				swiss_prot
A0A0E3D8M3				swiss_prot
A0A0E3D8M4				swiss_prot
A0A0E3D8N0				swiss_prot
A0A0E3D8N4	GO:0009820	alkaloid metabolic process	https://www.ebi.ac.uk/QuickGO/term/GO:0009820	swiss_prot
A0A0E3D8N6				swiss_prot
A0A0E3D8P9				swiss_prot
A0A0E3D8Q1	GO:0009820	alkaloid metabolic process	https://www.ebi.ac.uk/QuickGO/term/GO:0009820	swiss_prot
A0A0E3D8Q2				swiss_prot
A0A0F7TN06	GO:0016114	terpenoid biosynthetic process	https://www.ebi.ac.uk/QuickGO/term/GO:0016114	swiss_prot
A0A0F7TN65	GO:0016114	terpenoid biosynthetic process	https://www.ebi.ac.uk/QuickGO/term/GO:0016114	swiss_prot
A0A0F7TN69	GO:0016114	terpenoid biosynthetic process	https://www.ebi.ac.uk/QuickGO/term/GO:0016114	swiss_prot
A0A0F7TQP2	GO:0016114	terpenoid biosynthetic process	https://www.ebi.ac.uk/QuickGO/term/GO:0016114	swiss_prot
A0A0F7TRU0	GO:0016114	terpenoid biosynthetic process	https://www.ebi.ac.uk/QuickGO/term/GO:0016114	swiss_prot
A0A0F7TSZ1	GO:0016114	terpenoid biosynthetic process	https://www.ebi.ac.uk/QuickGO/term/GO:0016114	swiss_prot
A0A0F7TZE0	GO:0016114	terpenoid biosynthetic process	https://www.ebi.ac.uk/QuickGO/term/GO:0016114	swiss_prot
A0A0F7U1Z8	GO:0016114	terpenoid biosynthetic process	https://www.ebi.ac.uk/QuickGO/term/GO:0016114	swiss_prot
A0A0H5BB10	GO:0016102	diterpenoid biosynthetic process	https://www.ebi.ac.uk/QuickGO/term/GO:0016102	swiss_prot
A0A0H5BN57				swiss_prot
A0A0M4KRN2				swiss_prot
A0A0M8MV11				swiss_prot
A0A0M8MZA1	GO:0009820	alkaloid metabolic process	https://www.ebi.ac.uk/QuickGO/term/GO:0009820	swiss_prot
A0A0M9VUP1	GO:0008299	isoprenoid biosynthetic process	https://www.ebi.ac.uk/QuickGO/term/GO:0008299	swiss_prot
A0A0M9VUP1	GO:0043386	mycotoxin biosynthetic process	https://www.ebi.ac.uk/QuickGO/term/GO:0043386	swiss_prot
A0A0N0DCA4				swiss_prot
A0A0U5GFQ6	GO:0016114	terpenoid biosynthetic process	https://www.ebi.ac.uk/QuickGO/term/GO:0016114	swiss_prot
A0A0U5GFR4	GO:0016114	terpenoid biosynthetic process	https://www.ebi.ac.uk/QuickGO/term/GO:0016114	swiss_prot
A0A0U5GGX2	GO:0016114	terpenoid biosynthetic process	https://www.ebi.ac.uk/QuickGO/term/GO:0016114	swiss_prot
A0A0U5GHC1	GO:0016114	terpenoid biosynthetic process	https://www.ebi.ac.uk/QuickGO/term/GO:0016114	swiss_prot
A0A0U5GHH9	GO:0016114	terpenoid biosynthetic process	https://www.ebi.ac.uk/QuickGO/term/GO:0016114	swiss_prot
A0A0U5GJ41	GO:0016114	terpenoid biosynthetic process	https://www.ebi.ac.uk/QuickGO/term/GO:0016114	swiss_prot
A0A0U5GJY1	GO:0016114	terpenoid biosynthetic process	https://www.ebi.ac.uk/QuickGO/term/GO:0016114	swiss_prot
A0A0U5GMR5	GO:0016114	terpenoid biosynthetic process	https://www.ebi.ac.uk/QuickGO/term/GO:0016114	swiss_prot
A0A0U5HAP0	GO:0016114	terpenoid biosynthetic process	https://www.ebi.ac.uk/QuickGO/term/GO:0016114	swiss_prot
A0A140JWS4				swiss_prot
A0A140JWS6				swiss_prot
A0A140JWS7				swiss_prot
A0A140JWS8	GO:0009820	alkaloid metabolic process	https://www.ebi.ac.uk/QuickGO/term/GO:0009820	swiss_prot
A0A140JWS9				swiss_prot
A0A140JWT2				swiss_prot
A0A140JWT5				swiss_prot
A0A140JWT7				swiss_prot
A0A140JWU0	GO:0009820	alkaloid metabolic process	https://www.ebi.ac.uk/QuickGO/term/GO:0009820	swiss_prot
A0A151ZEA6	GO:0046246	terpene biosynthetic process	https://www.ebi.ac.uk/QuickGO/term/GO:0046246	swiss_prot
A0A1E1FFM9	GO:0016114	terpenoid biosynthetic process	https://www.ebi.ac.uk/QuickGO/term/GO:0016114	swiss_prot
A0A1E1FFN5	GO:0016114	terpenoid biosynthetic process	https://www.ebi.ac.uk/QuickGO/term/GO:0016114	swiss_prot
A0A1U8QGE6	GO:0016114	terpenoid biosynthetic process	https://www.ebi.ac.uk/QuickGO/term/GO:0016114	swiss_prot
A0A1U8QLK0	GO:0016114	terpenoid biosynthetic process	https://www.ebi.ac.uk/QuickGO/term/GO:0016114	swiss_prot
A0A1U8QW16				swiss_prot
A0A1X9IRT6	GO:0009686	gibberellin biosynthetic process	https://www.ebi.ac.uk/QuickGO/term/GO:0009686	swiss_prot
A0A1X9IRT6	GO:0042214	terpene metabolic process	https://www.ebi.ac.uk/QuickGO/term/GO:0042214	swiss_prot
A0A284RNH4				swiss_prot
A0A291SJC7				swiss_prot
A0A2I6PIZ1				swiss_prot
A0A2I6PIZ6	GO:0009820	alkaloid metabolic process	https://www.ebi.ac.uk/QuickGO/term/GO:0009820	swiss_prot
A0A2I6PIZ7	GO:0009820	alkaloid metabolic process	https://www.ebi.ac.uk/QuickGO/term/GO:0009820	swiss_prot
A0A2I6PJ02				swiss_prot
A0A2P1DP82	GO:0016114	terpenoid biosynthetic process	https://www.ebi.ac.uk/QuickGO/term/GO:0016114	swiss_prot
A0A2U8U2L2				swiss_prot
A0A2Z4HPZ8	GO:0016114	terpenoid biosynthetic process	https://www.ebi.ac.uk/QuickGO/term/GO:0016114	swiss_prot
A0A2Z6E8J6				swiss_prot
A0A2Z6E917				swiss_prot
A0A348B784				swiss_prot
A0A348B785				swiss_prot
A0A348B790				swiss_prot
A0A348B793				swiss_prot
A0A348B794				swiss_prot
A0A385AJM2	GO:0046246	terpene biosynthetic process	https://www.ebi.ac.uk/QuickGO/term/GO:0046246	swiss_prot
A0A385AJM4	GO:0046246	terpene biosynthetic process	https://www.ebi.ac.uk/QuickGO/term/GO:0046246	swiss_prot
A0A385AJM5	GO:0046246	terpene biosynthetic process	https://www.ebi.ac.uk/QuickGO/term/GO:0046246	swiss_prot
A0A455LM26	GO:0016114	terpenoid biosynthetic process	https://www.ebi.ac.uk/QuickGO/term/GO:0016114	swiss_prot
A0A5M3MFC0				swiss_prot
A0A5M3MYJ1				swiss_prot
A0A6A6H2E0	GO:0016114	terpenoid biosynthetic process	https://www.ebi.ac.uk/QuickGO/term/GO:0016114	swiss_prot
A0A7D0AGU9	GO:0008299	isoprenoid biosynthetic process	https://www.ebi.ac.uk/QuickGO/term/GO:0008299	swiss_prot
A0A7D0AGU9	GO:0042811	pheromone biosynthetic process	https://www.ebi.ac.uk/QuickGO/term/GO:0042811	swiss_prot
A0A7J6FUX2	GO:0008299	isoprenoid biosynthetic process	https://www.ebi.ac.uk/QuickGO/term/GO:0008299	swiss_prot
A0A8D5RZ52				swiss_prot
A0A8H5Z7W4				swiss_prot
A0A8K1AWG4	GO:0016114	terpenoid biosynthetic process	https://www.ebi.ac.uk/QuickGO/term/GO:0016114	swiss_prot
A0AAD9S265				swiss_prot
A1C8C5	GO:0016114	terpenoid biosynthetic process	https://www.ebi.ac.uk/QuickGO/term/GO:0016114	swiss_prot
A1CVK0	GO:0006696	ergosterol biosynthetic process	https://www.ebi.ac.uk/QuickGO/term/GO:0006696	swiss_prot
A1CVK0	GO:0016104	triterpenoid biosynthetic process	https://www.ebi.ac.uk/QuickGO/term/GO:0016104	swiss_prot
A3KI17	GO:0042214	terpene metabolic process	https://www.ebi.ac.uk/QuickGO/term/GO:0042214	swiss_prot
A3KI18	GO:0042214	terpene metabolic process	https://www.ebi.ac.uk/QuickGO/term/GO:0042214	swiss_prot
A4FG18	GO:0042214	terpene metabolic process	https://www.ebi.ac.uk/QuickGO/term/GO:0042214	swiss_prot
A4FG19	GO:0042214	terpene metabolic process	https://www.ebi.ac.uk/QuickGO/term/GO:0042214	swiss_prot
A9GK58				swiss_prot
A9JPE3				swiss_prot
A9JPE4				swiss_prot
B0Y5B4	GO:0006696	ergosterol biosynthetic process	https://www.ebi.ac.uk/QuickGO/term/GO:0006696	swiss_prot
B0Y5B4	GO:0016104	triterpenoid biosynthetic process	https://www.ebi.ac.uk/QuickGO/term/GO:0016104	swiss_prot
B3Y522	GO:0016104	triterpenoid biosynthetic process	https://www.ebi.ac.uk/QuickGO/term/GO:0016104	swiss_prot
B5GRC8				swiss_prot
B5GS26				swiss_prot
B6HV33	GO:0016114	terpenoid biosynthetic process	https://www.ebi.ac.uk/QuickGO/term/GO:0016114	swiss_prot
B6HV38	GO:0016114	terpenoid biosynthetic process	https://www.ebi.ac.uk/QuickGO/term/GO:0016114	swiss_prot
B6HV39	GO:0016114	terpenoid biosynthetic process	https://www.ebi.ac.uk/QuickGO/term/GO:0016114	swiss_prot
B9RHP7	GO:0016102	diterpenoid biosynthetic process	https://www.ebi.ac.uk/QuickGO/term/GO:0016102	swiss_prot
B9RHX7	GO:0016102	diterpenoid biosynthetic process	https://www.ebi.ac.uk/QuickGO/term/GO:0016102	swiss_prot
B9RI00	GO:0016102	diterpenoid biosynthetic process	https://www.ebi.ac.uk/QuickGO/term/GO:0016102	swiss_prot
B9RPM3	GO:0016102	diterpenoid biosynthetic process	https://www.ebi.ac.uk/QuickGO/term/GO:0016102	swiss_prot
B9RXW4	GO:0016102	diterpenoid biosynthetic process	https://www.ebi.ac.uk/QuickGO/term/GO:0016102	swiss_prot
B9S1N2	GO:0016102	diterpenoid biosynthetic process	https://www.ebi.ac.uk/QuickGO/term/GO:0016102	swiss_prot
B9SBV6	GO:0016102	diterpenoid biosynthetic process	https://www.ebi.ac.uk/QuickGO/term/GO:0016102	swiss_prot
B9SCB6	GO:0016102	diterpenoid biosynthetic process	https://www.ebi.ac.uk/QuickGO/term/GO:0016102	swiss_prot
B9T825	GO:0016102	diterpenoid biosynthetic process	https://www.ebi.ac.uk/QuickGO/term/GO:0016102	swiss_prot
C9K1X7				swiss_prot
D2E9W6				swiss_prot
D5SJ87	GO:0016102	diterpenoid biosynthetic process	https://www.ebi.ac.uk/QuickGO/term/GO:0016102	swiss_prot
D7UTD0				swiss_prot
D8S255				swiss_prot
E0D7H5				swiss_prot
E0D7H6				swiss_prot
E3W205	GO:0016102	diterpenoid biosynthetic process	https://www.ebi.ac.uk/QuickGO/term/GO:0016102	swiss_prot
E3W206	GO:0016102	diterpenoid biosynthetic process	https://www.ebi.ac.uk/QuickGO/term/GO:0016102	swiss_prot
E3W207	GO:0016102	diterpenoid biosynthetic process	https://www.ebi.ac.uk/QuickGO/term/GO:0016102	swiss_prot
E3W208	GO:0016102	diterpenoid biosynthetic process	https://www.ebi.ac.uk/QuickGO/term/GO:0016102	swiss_prot
E4V6I8	GO:0006696	ergosterol biosynthetic process	https://www.ebi.ac.uk/QuickGO/term/GO:0006696	swiss_prot
E4V6I8	GO:0016104	triterpenoid biosynthetic process	https://www.ebi.ac.uk/QuickGO/term/GO:0016104	swiss_prot
E9F8R9				swiss_prot
F0ZHE2				swiss_prot
F0ZK52	GO:0046246	terpene biosynthetic process	https://www.ebi.ac.uk/QuickGO/term/GO:0046246	swiss_prot
F0ZLU4	GO:0046246	terpene biosynthetic process	https://www.ebi.ac.uk/QuickGO/term/GO:0046246	swiss_prot
F0ZPL2				swiss_prot
F1A1D4	GO:0046246	terpene biosynthetic process	https://www.ebi.ac.uk/QuickGO/term/GO:0046246	swiss_prot
F1A1D6	GO:0031150	sorocarp stalk development	https://www.ebi.ac.uk/QuickGO/term/GO:0031150	swiss_prot
F1A1D6	GO:0046246	terpene biosynthetic process	https://www.ebi.ac.uk/QuickGO/term/GO:0046246	swiss_prot
F1A3V1	GO:0046246	terpene biosynthetic process	https://www.ebi.ac.uk/QuickGO/term/GO:0046246	swiss_prot
F4Q7D4	GO:0046246	terpene biosynthetic process	https://www.ebi.ac.uk/QuickGO/term/GO:0046246	swiss_prot
F6M8H4	GO:0016102	diterpenoid biosynthetic process	https://www.ebi.ac.uk/QuickGO/term/GO:0016102	swiss_prot
F6M8H5	GO:0016102	diterpenoid biosynthetic process	https://www.ebi.ac.uk/QuickGO/term/GO:0016102	swiss_prot
F6M8H6	GO:0016102	diterpenoid biosynthetic process	https://www.ebi.ac.uk/QuickGO/term/GO:0016102	swiss_prot
F6M8H7	GO:0016102	diterpenoid biosynthetic process	https://www.ebi.ac.uk/QuickGO/term/GO:0016102	swiss_prot
F6M8H8	GO:0016102	diterpenoid biosynthetic process	https://www.ebi.ac.uk/QuickGO/term/GO:0016102	swiss_prot
F8JSS1				swiss_prot
G2P5T1				swiss_prot
H2DH23	GO:0046246	terpene biosynthetic process	https://www.ebi.ac.uk/QuickGO/term/GO:0046246	swiss_prot
I1RL12	GO:0016114	terpenoid biosynthetic process	https://www.ebi.ac.uk/QuickGO/term/GO:0016114	swiss_prot
I2N045				swiss_prot
J7FIP9				swiss_prot
J9R1J8	GO:0016114	terpenoid biosynthetic process	https://www.ebi.ac.uk/QuickGO/term/GO:0016114	swiss_prot
J9R393				swiss_prot
K4IAL8	GO:0009686	gibberellin biosynthetic process	https://www.ebi.ac.uk/QuickGO/term/GO:0009686	swiss_prot
K4IAL8	GO:0042214	terpene metabolic process	https://www.ebi.ac.uk/QuickGO/term/GO:0042214	swiss_prot
K7WDC8	GO:0016114	terpenoid biosynthetic process	https://www.ebi.ac.uk/QuickGO/term/GO:0016114	swiss_prot
M2SPA3				swiss_prot
M5AW86				swiss_prot
O13489	GO:0016106	sesquiterpenoid biosynthetic process	https://www.ebi.ac.uk/QuickGO/term/GO:0016106	swiss_prot
O22184	GO:0016102	diterpenoid biosynthetic process	https://www.ebi.ac.uk/QuickGO/term/GO:0016102	swiss_prot
O34707				swiss_prot
O59947	GO:0016106	sesquiterpenoid biosynthetic process	https://www.ebi.ac.uk/QuickGO/term/GO:0016106	swiss_prot
O65434	GO:0016102	diterpenoid biosynthetic process	https://www.ebi.ac.uk/QuickGO/term/GO:0016102	swiss_prot
P09347	GO:0019383	(+)-camphor catabolic process	https://www.ebi.ac.uk/QuickGO/term/GO:0019383	swiss_prot
P0CJ42				swiss_prot
P0DO46	GO:0016102	diterpenoid biosynthetic process	https://www.ebi.ac.uk/QuickGO/term/GO:0016102	swiss_prot
P0DO47	GO:0016102	diterpenoid biosynthetic process	https://www.ebi.ac.uk/QuickGO/term/GO:0016102	swiss_prot
P0DO48	GO:0016102	diterpenoid biosynthetic process	https://www.ebi.ac.uk/QuickGO/term/GO:0016102	swiss_prot
P0DPK6				swiss_prot
P0DXW0				swiss_prot
P0DXW1				swiss_prot
P27679	GO:0016106	sesquiterpenoid biosynthetic process	https://www.ebi.ac.uk/QuickGO/term/GO:0016106	swiss_prot
P53800	GO:0045338	farnesyl diphosphate metabolic process	https://www.ebi.ac.uk/QuickGO/term/GO:0045338	swiss_prot
P53800	GO:0008610	lipid biosynthetic process	https://www.ebi.ac.uk/QuickGO/term/GO:0008610	swiss_prot
P59954				swiss_prot
P85964				swiss_prot
P9WEE7				swiss_prot
P9WEF8				swiss_prot
P9WEG2	GO:0016114	terpenoid biosynthetic process	https://www.ebi.ac.uk/QuickGO/term/GO:0016114	swiss_prot
P9WEG7				swiss_prot
P9WEP2	GO:0016114	terpenoid biosynthetic process	https://www.ebi.ac.uk/QuickGO/term/GO:0016114	swiss_prot
P9WER1	GO:0051999	mannosyl-inositol phosphorylceramide biosynthetic process	https://www.ebi.ac.uk/QuickGO/term/GO:0051999	swiss_prot
P9WER3				swiss_prot
P9WEY5	GO:0046246	terpene biosynthetic process	https://www.ebi.ac.uk/QuickGO/term/GO:0046246	swiss_prot
P9WEY6	GO:0046246	terpene biosynthetic process	https://www.ebi.ac.uk/QuickGO/term/GO:0046246	swiss_prot
P9WPN2				swiss_prot
P9WPN3				swiss_prot
Q00835	GO:0016106	sesquiterpenoid biosynthetic process	https://www.ebi.ac.uk/QuickGO/term/GO:0016106	swiss_prot
Q15FB1				swiss_prot
Q45221	GO:0016114	terpenoid biosynthetic process	https://www.ebi.ac.uk/QuickGO/term/GO:0016114	swiss_prot
Q4WLC9	GO:0016114	terpenoid biosynthetic process	https://www.ebi.ac.uk/QuickGO/term/GO:0016114	swiss_prot
Q5AR28	GO:1900560	austinol biosynthetic process	https://www.ebi.ac.uk/QuickGO/term/GO:1900560	swiss_prot
Q5AR28	GO:1900563	dehydroaustinol biosynthetic process	https://www.ebi.ac.uk/QuickGO/term/GO:1900563	swiss_prot
Q5AR28	GO:0016114	terpenoid biosynthetic process	https://www.ebi.ac.uk/QuickGO/term/GO:0016114	swiss_prot
Q5UQ90				swiss_prot
Q6A1B7	GO:0016106	sesquiterpenoid biosynthetic process	https://www.ebi.ac.uk/QuickGO/term/GO:0016106	swiss_prot
Q6BE23	GO:0016104	triterpenoid biosynthetic process	https://www.ebi.ac.uk/QuickGO/term/GO:0016104	swiss_prot
Q6Z2X6	GO:0016104	triterpenoid biosynthetic process	https://www.ebi.ac.uk/QuickGO/term/GO:0016104	swiss_prot
Q7LJF8	GO:0016106	sesquiterpenoid biosynthetic process	https://www.ebi.ac.uk/QuickGO/term/GO:0016106	swiss_prot
Q7LJR6	GO:0016106	sesquiterpenoid biosynthetic process	https://www.ebi.ac.uk/QuickGO/term/GO:0016106	swiss_prot
Q82RR7				swiss_prot
Q8L5K3	GO:0016102	diterpenoid biosynthetic process	https://www.ebi.ac.uk/QuickGO/term/GO:0016102	swiss_prot
Q8NIC1	GO:0016106	sesquiterpenoid biosynthetic process	https://www.ebi.ac.uk/QuickGO/term/GO:0016106	swiss_prot
Q8NIC8	GO:0016106	sesquiterpenoid biosynthetic process	https://www.ebi.ac.uk/QuickGO/term/GO:0016106	swiss_prot
Q8NID7	GO:0016106	sesquiterpenoid biosynthetic process	https://www.ebi.ac.uk/QuickGO/term/GO:0016106	swiss_prot
Q8NIG9	GO:0016106	sesquiterpenoid biosynthetic process	https://www.ebi.ac.uk/QuickGO/term/GO:0016106	swiss_prot
Q8NIH0	GO:0016106	sesquiterpenoid biosynthetic process	https://www.ebi.ac.uk/QuickGO/term/GO:0016106	swiss_prot
Q8NIH3	GO:0016106	sesquiterpenoid biosynthetic process	https://www.ebi.ac.uk/QuickGO/term/GO:0016106	swiss_prot
Q8NIH6	GO:0016106	sesquiterpenoid biosynthetic process	https://www.ebi.ac.uk/QuickGO/term/GO:0016106	swiss_prot
Q8NJA1	GO:0016106	sesquiterpenoid biosynthetic process	https://www.ebi.ac.uk/QuickGO/term/GO:0016106	swiss_prot
Q9C748	GO:0016102	diterpenoid biosynthetic process	https://www.ebi.ac.uk/QuickGO/term/GO:0016102	swiss_prot
Q9F1V8	GO:0042214	terpene metabolic process	https://www.ebi.ac.uk/QuickGO/term/GO:0042214	swiss_prot
Q9LRH8	GO:0019745	pentacyclic triterpenoid biosynthetic process	https://www.ebi.ac.uk/QuickGO/term/GO:0019745	swiss_prot
Q9LS68	GO:0016104	triterpenoid biosynthetic process	https://www.ebi.ac.uk/QuickGO/term/GO:0016104	swiss_prot
Q9LUE0	GO:0016102	diterpenoid biosynthetic process	https://www.ebi.ac.uk/QuickGO/term/GO:0016102	swiss_prot
Q9LUE2	GO:0016102	diterpenoid biosynthetic process	https://www.ebi.ac.uk/QuickGO/term/GO:0016102	swiss_prot
Q9LVP7	GO:0016102	diterpenoid biosynthetic process	https://www.ebi.ac.uk/QuickGO/term/GO:0016102	swiss_prot
Q9VFJ0				swiss_prot
S0ENM8				swiss_prot
W8X9R5				swiss_prot
A0A5Q0QMX6				swiss_prot
A0A5Q0QRK8				swiss_prot
B6HUQ5				swiss_prot
P0CV97	GO:0016114	terpenoid biosynthetic process	https://www.ebi.ac.uk/QuickGO/term/GO:0016114	swiss_prot
P55537				swiss_prot
P55538	GO:0016102	diterpenoid biosynthetic process	https://www.ebi.ac.uk/QuickGO/term/GO:0016102	swiss_prot
Q45222				swiss_prot
