Entry	Isoform_ID	DeepSolNet Score	Membrane	Membrane Evidence	Sequence Length	Source
A0A060KY90		0.439918	non-membrane	SL: Nucleus {ECO:0000255|PROSITE-ProRule:PRU00981}.	630	swiss_prot
A0A067DDU9		0.582214	unannotated		733	swiss_prot
A0A067ECN5		0.635112	unannotated		761	swiss_prot
A0A067FI21		0.550147	unannotated		785	swiss_prot
A0A067SEC9		0.274144	unannotated		345	swiss_prot
A0A067Z9B6		0.580186	unannotated		400	swiss_prot
A0A075F9Z3		0.465871	non-membrane	SL: Plastid, chloroplast {ECO:0000255}.	784	swiss_prot
A0A075FA51		0.305463	non-membrane	SL: Plastid, chloroplast {ECO:0000255}.	785	swiss_prot
A0A075FAK4		0.310725	non-membrane	SL: Plastid, chloroplast {ECO:0000255}.	776	swiss_prot
A0A075FBG7		0.332466	non-membrane	SL: Plastid, chloroplast {ECO:0000255}.	580	swiss_prot
A0A075FBT3		0.542264	membrane	"TRANSMEM 606..622; /note=""Helical""; /evidence=""ECO:0000255"""	756	swiss_prot
A0A084R1H6		0.215736	unannotated		2435	swiss_prot
A0A084R1I1		0.446781	unannotated		391	swiss_prot
A0A084R1I4		0.345344	unannotated		276	swiss_prot
A0A084R1J1		0.253805	membrane	"TRANSMEM 20..42; /note=""Helical""; /evidence=""ECO:0000255"""	478	swiss_prot
A0A084R1J2		0.149420	unannotated		446	swiss_prot
A0A084R1J7		0.450224	unannotated		625	swiss_prot
A0A084R1K1		0.391182	unannotated		320	swiss_prot
A0A084R1K2		0.512662	unannotated		253	swiss_prot
A0A084R1K6		0.421897	unannotated		297	swiss_prot
A0A084R1K7		0.351376	unannotated		381	swiss_prot
A0A084R1M6		0.161742	unannotated		513	swiss_prot
A0A084R1M7		0.192269	membrane	"TRANSMEM 13..36; /note=""Helical""; /evidence=""ECO:0000255"""	524	swiss_prot
A0A084R1N2		0.547189	unannotated		234	swiss_prot
A0A084R1N8		0.682318	unannotated		133	swiss_prot
A0A097ZPC9		0.404611	unannotated		252	swiss_prot
A0A097ZPD4		0.258209	unannotated		337	swiss_prot
A0A097ZPD5		0.419095	unannotated		293	swiss_prot
A0A097ZPD8		0.218885	membrane	TRANSMEM x7	236	swiss_prot
A0A097ZPD9		0.534641	unannotated		285	swiss_prot
A0A097ZPE0		0.232716	unannotated		2430	swiss_prot
A0A097ZPE2		0.381072	unannotated		481	swiss_prot
A0A097ZPE3		0.164786	membrane	TRANSMEM x8	327	swiss_prot
A0A097ZPE4		0.187089	unannotated		865	swiss_prot
A0A097ZPE6		0.331348	membrane	TRANSMEM x2	177	swiss_prot
A0A097ZPE8		0.249370	unannotated		290	swiss_prot
A0A097ZPF7		0.100652	membrane	TRANSMEM x2	471	swiss_prot
A0A097ZPG2		0.309611	unannotated		633	swiss_prot
A0A098D1J7		0.134332	membrane	"TRANSMEM 2..19; /note=""Helical""; /evidence=""ECO:0000255"""	529	swiss_prot
A0A098DME4		0.051383	membrane	"TRANSMEM 443..465; /note=""Helical""; /evidence=""ECO:0000255"""	466	swiss_prot
A0A0A2JB87		0.181929	unannotated		331	swiss_prot
A0A0A2JP58		0.293131	unannotated		389	swiss_prot
A0A0A2K6S6		0.258820	non-membrane	SL: Nucleus {ECO:0000255|PROSITE-ProRule:PRU00630}.	786	swiss_prot
A0A0A6ZFR4		0.271283	unannotated		451	swiss_prot
A0A0A6ZFY4		0.435415	unannotated		442	swiss_prot
A0A0B2XGM8		0.262704	membrane	TRANSMEM x2	109	swiss_prot
A0A0B4EB91		0.203480	unannotated		355	swiss_prot
A0A0B4FWC3		0.274064	unannotated		332	swiss_prot
A0A0B4G3Q7		0.257317	unannotated		342	swiss_prot
A0A0B4G504		0.256617	unannotated		331	swiss_prot
A0A0B4GN88		0.219113	unannotated		348	swiss_prot
A0A0B4IF96		0.227633	unannotated		355	swiss_prot
A0A0C3FBR2		0.327633	unannotated		345	swiss_prot
A0A0C9VD04		0.285907	unannotated		347	swiss_prot
A0A0D2L718		0.362100	unannotated		327	swiss_prot
A0A0D4D912		0.396782	non-membrane	SL: Cytoplasm {ECO:0000250|UniProtKB:Q6Q3H2}.	559	swiss_prot
A0A0D5ZDC8		0.262997	unannotated		457	swiss_prot
A0A0E0SP71		0.365662	membrane	SL: Lipid droplet {ECO:0000250|UniProtKB:P38604}. Endoplasmic reticulum membrane {ECO:0000250|UniProtKB:P38604}; Peripheral membrane protein {ECO:0000250|UniProtKB:P38604}. Note=Predominantly in lipid particles. {ECO:0000250|UniProtKB:P38604}.	766	swiss_prot
A0A0E3D8K9		0.179862	membrane	"TRANSMEM 17..37; /note=""Helical""; /evidence=""ECO:0000255"""	517	swiss_prot
A0A0E3D8L0		0.132768	membrane	TRANSMEM x6	368	swiss_prot
A0A0E3D8L2		0.238743	unannotated		204	swiss_prot
A0A0E3D8L3		0.210541	membrane	"TRANSMEM 3..23; /note=""Helical""; /evidence=""ECO:0000255"""	327	swiss_prot
A0A0E3D8L5		0.058953	membrane	TRANSMEM x2	475	swiss_prot
A0A0E3D8L6		0.064051	membrane	TRANSMEM x2	465	swiss_prot
A0A0E3D8L9		0.299880	unannotated		271	swiss_prot
A0A0E3D8M1		0.079330	membrane	"TRANSMEM 4..24; /note=""Helical""; /evidence=""ECO:0000255"""	510	swiss_prot
A0A0E3D8M2		0.259909	membrane	TRANSMEM x7	243	swiss_prot
A0A0E3D8M3		0.113564	membrane	TRANSMEM x6	349	swiss_prot
A0A0E3D8M4		0.215031	unannotated		577	swiss_prot
A0A0E3D8M5		0.551025	unannotated		438	swiss_prot
A0A0E3D8M6		0.137690	membrane	TRANSMEM x2	453	swiss_prot
A0A0E3D8M9		0.291952	unannotated		364	swiss_prot
A0A0E3D8N0		0.354830	unannotated		449	swiss_prot
A0A0E3D8N1		0.101020	membrane	"TRANSMEM 17..37; /note=""Helical""; /evidence=""ECO:0000255"""	342	swiss_prot
A0A0E3D8N3		0.103226	membrane	"TRANSMEM 13..35; /note=""Helical""; /evidence=""ECO:0000255"""	566	swiss_prot
A0A0E3D8N4		0.497489	unannotated		427	swiss_prot
A0A0E3D8N6		0.281149	unannotated		450	swiss_prot
A0A0E3D8N7		0.184360	membrane	"TRANSMEM 1..16; /note=""Helical""; /evidence=""ECO:0000255"""	501	swiss_prot
A0A0E3D8P0		0.211423	membrane	"TRANSMEM 20..36; /note=""Helical""; /evidence=""ECO:0000255"""	515	swiss_prot
A0A0E3D8P4		0.376160	unannotated		341	swiss_prot
A0A0E3D8P5		0.226897	membrane	"TRANSMEM 4..24; /note=""Helical""; /evidence=""ECO:0000255"""	497	swiss_prot
A0A0E3D8P8		0.193004	membrane	"TRANSMEM 9..26; /note=""Helical""; /evidence=""ECO:0000255"""	510	swiss_prot
A0A0E3D8P9		0.365382	unannotated		494	swiss_prot
A0A0E3D8Q1		0.486872	unannotated		425	swiss_prot
A0A0E3D8Q2		0.149966	membrane	TRANSMEM x7	243	swiss_prot
A0A0F7TN06		0.555107	unannotated		151	swiss_prot
A0A0F7TN11		0.121817	membrane	"TRANSMEM 12..32; /note=""Helical""; /evidence=""ECO:0000255"""	496	swiss_prot
A0A0F7TN16		0.469477	unannotated		398	swiss_prot
A0A0F7TN60		0.131693	membrane	"TRANSMEM 31..51; /note=""Helical""; /evidence=""ECO:0000255"""	530	swiss_prot
A0A0F7TN65		0.557226	unannotated		144	swiss_prot
A0A0F7TN69		0.421009	unannotated		172	swiss_prot
A0A0F7TQP2		0.287677	unannotated		482	swiss_prot
A0A0F7TRU0		0.659893	unannotated		147	swiss_prot
A0A0F7TSZ1		0.168577	unannotated		516	swiss_prot
A0A0F7TSZ5		0.179763	membrane	"TRANSMEM 8..28; /note=""Helical""; /evidence=""ECO:0000255"""	500	swiss_prot
A0A0F7TWX5		0.154337	unannotated		405	swiss_prot
A0A0F7TXA0		0.115763	membrane	"TRANSMEM 447..467; /note=""Helical""; /evidence=""ECO:0000255"""	476	swiss_prot
A0A0F7TXA1		0.176851	membrane	TRANSMEM x9	316	swiss_prot
A0A0F7TXA5		0.330071	unannotated		646	swiss_prot
A0A0F7TXA8		0.326554	unannotated		641	swiss_prot
A0A0F7TZD6		0.668008	unannotated		301	swiss_prot
A0A0F7TZE0		0.204883	membrane	TRANSMEM x7	245	swiss_prot
A0A0F7U0K0		0.143063	membrane	"TRANSMEM 6..29; /note=""Helical""; /evidence=""ECO:0000255"""	512	swiss_prot
A0A0F7U103		0.281741	unannotated		2475	swiss_prot
A0A0F7U1Z1		0.312341	unannotated		259	swiss_prot
A0A0F7U1Z8		0.645165	unannotated		279	swiss_prot
A0A0H5BB10		0.317830	unannotated		532	swiss_prot
A0A0H5BB17		0.249959	unannotated		549	swiss_prot
A0A0H5BN57		0.194664	unannotated		329	swiss_prot
A0A0H5BN61		0.238855	unannotated		322	swiss_prot
A0A0M3Q1Q3		0.455357	unannotated		542	swiss_prot
A0A0M4KRN2		0.246562	membrane	TRANSMEM x6	383	swiss_prot
A0A0M4M0T9		0.290697	non-membrane	SL: Plastid, chloroplast {ECO:0000255}.	815	swiss_prot
A0A0M5L832		0.289459	non-membrane	SL: Plastid, chloroplast {ECO:0000255}.	815	swiss_prot
A0A0M8MV11		0.163266	membrane	TRANSMEM x7	245	swiss_prot
A0A0M8MW83		0.149221	membrane	"TRANSMEM 2..22; /note=""Helical""; /evidence=""ECO:0000255"""	495	swiss_prot
A0A0M8MZA1		0.574843	unannotated		413	swiss_prot
A0A0M9VUG7		0.170666	membrane	"TRANSMEM 13..29; /note=""Helical""; /evidence=""ECO:0000255"""	534	swiss_prot
A0A0M9VUP1		0.424437	unannotated		305	swiss_prot
A0A0N0DCA4		0.224912	membrane	TRANSMEM x8	365	swiss_prot
A0A0N0RTK4		0.245383	membrane	"TRANSMEM 7..23; /note=""Helical""; /evidence=""ECO:0000255"""	390	swiss_prot
A0A0P0ZD79		0.347562	unannotated		705	swiss_prot
A0A0P0ZEA9		0.148876	membrane	"TRANSMEM 23..43; /note=""Helical""; /evidence=""ECO:0000255"""	522	swiss_prot
A0A0P0ZEM1		0.421971	unannotated		714	swiss_prot
A0A0S2IHL6		0.685157	unannotated		763	swiss_prot
A0A0U2D9C5		0.236122	non-membrane	SL: Plastid, chloroplast {ECO:0000255}.	776	swiss_prot
A0A0U2U334		0.630801	unannotated		202	swiss_prot
A0A0U2U4F3		0.571629	unannotated		762	swiss_prot
A0A0U3LQ20		0.296188	non-membrane	SL: Plastid, chloroplast {ECO:0000255}.	793	swiss_prot
A0A0U4CDK4		0.274405	non-membrane	SL: Plastid, chloroplast.	806	swiss_prot
A0A0U4ZPJ7		0.123213	membrane	"TRANSMEM 31..51; /note=""Helical""; /evidence=""ECO:0000255"""	529	swiss_prot
A0A0U4ZPL6		0.240278	unannotated		632	swiss_prot
A0A0U4ZX08		0.390562	unannotated		2359	swiss_prot
A0A0U5CJM3		0.194041	membrane	"TRANSMEM 8..28; /note=""Helical""; /evidence=""ECO:0000255"""	517	swiss_prot
A0A0U5CJT8		0.100128	membrane	"TRANSMEM 15..35; /note=""Helical""; /evidence=""ECO:0000255"""	500	swiss_prot
A0A0U5CJU2		0.434780	unannotated		144	swiss_prot
A0A0U5CJU6		0.038221	membrane	"TRANSMEM 443..463; /note=""Helical""; /evidence=""ECO:0000255"""	463	swiss_prot
A0A0U5CJV1		0.097101	membrane	TRANSMEM x8	366	swiss_prot
A0A0U5CNN8		0.471779	unannotated		308	swiss_prot
A0A0U5CNP2		0.332678	unannotated		314	swiss_prot
A0A0U5G0B1		0.389182	unannotated		725	swiss_prot
A0A0U5GFQ6		0.538990	unannotated		279	swiss_prot
A0A0U5GFR4		0.430364	unannotated		298	swiss_prot
A0A0U5GFS8		0.242062	unannotated		2462	swiss_prot
A0A0U5GGX2		0.331024	unannotated		411	swiss_prot
A0A0U5GHC1		0.616548	unannotated		147	swiss_prot
A0A0U5GHD4		0.315248	unannotated		257	swiss_prot
A0A0U5GHG9		0.616682	unannotated		298	swiss_prot
A0A0U5GHH9		0.093129	unannotated		536	swiss_prot
A0A0U5GHU6		0.444204	unannotated		396	swiss_prot
A0A0U5GIM7		0.255890	unannotated		480	swiss_prot
A0A0U5GIU9		0.148050	membrane	TRANSMEM x6	247	swiss_prot
A0A0U5GJ41		0.430367	unannotated		297	swiss_prot
A0A0U5GJY1		0.202145	unannotated		502	swiss_prot
A0A0U5GK88		0.192922	unannotated		2531	swiss_prot
A0A0U5GMR5		0.495657	unannotated		165	swiss_prot
A0A0U5GNT1		0.122078	unannotated		528	swiss_prot
A0A0U5GQ05		0.182924	unannotated		523	swiss_prot
A0A0U5GRB4		0.162356	membrane	"TRANSMEM 2..22; /note=""Helical""; /evidence=""ECO:0000255"""	524	swiss_prot
A0A0U5HAP0		0.373909	unannotated		175	swiss_prot
A0A0U5HAQ4		0.293380	unannotated		670	swiss_prot
A0A125SXN1		0.432634	unannotated		756	swiss_prot
A0A125SXN2		0.294410	unannotated		766	swiss_prot
A0A125SXN3		0.460026	unannotated		755	swiss_prot
A0A140JWS2		0.423901	unannotated		356	swiss_prot
A0A140JWS4		0.358600	unannotated		494	swiss_prot
A0A140JWS5		0.261655	unannotated		271	swiss_prot
A0A140JWS6		0.675802	unannotated		153	swiss_prot
A0A140JWS7		0.207471	unannotated		600	swiss_prot
A0A140JWS8		0.541646	unannotated		427	swiss_prot
A0A140JWS9		0.107974	membrane	TRANSMEM x6	368	swiss_prot
A0A140JWT0		0.188020	membrane	"TRANSMEM 3..23; /note=""Helical""; /evidence=""ECO:0000255"""	514	swiss_prot
A0A140JWT1		0.260896	membrane	"TRANSMEM 8..24; /note=""Helical""; /evidence=""ECO:0000255"""	422	swiss_prot
A0A140JWT2		0.245168	membrane	TRANSMEM x7	243	swiss_prot
A0A140JWT3		0.096203	membrane	"TRANSMEM 17..37; /note=""Helical""; /evidence=""ECO:0000255"""	342	swiss_prot
A0A140JWT4		0.140270	membrane	"TRANSMEM 19..39; /note=""Helical""; /evidence=""ECO:0000255"""	446	swiss_prot
A0A140JWT5		0.446579	unannotated		335	swiss_prot
A0A140JWT6		0.214780	membrane	"TRANSMEM 4..24; /note=""Helical""; /evidence=""ECO:0000255"""	507	swiss_prot
A0A140JWT7		0.329563	unannotated		450	swiss_prot
A0A140JWT8		0.124356	membrane	TRANSMEM x4	515	swiss_prot
A0A140JWT9		0.079775	membrane	"TRANSMEM 2..22; /note=""Helical""; /evidence=""ECO:0000255"""	510	swiss_prot
A0A140JWU0		0.504703	unannotated		425	swiss_prot
A0A140JWU1		0.075111	membrane	TRANSMEM x2	540	swiss_prot
A0A140KFG9		0.400689	unannotated		554	swiss_prot
A0A142BX70		0.420433	non-membrane	SL: Cytoplasm {ECO:0000250|UniProtKB:Q6Q3H2}.	548	swiss_prot
A0A142BX74		0.394314	non-membrane	SL: Cytoplasm {ECO:0000250|UniProtKB:Q6Q3H2}.	548	swiss_prot
A0A151ZEA6		0.360630	unannotated		353	swiss_prot
A0A159AKG3		0.127398	membrane	"TRANSMEM 1..21; /note=""Helical; Signal-anchor for type II membrane protein""; /evidence=""ECO:0000255"""	496	swiss_prot
A0A167V661		0.403315	unannotated		554	swiss_prot
A0A169T193		0.417596	unannotated		716	swiss_prot
A0A178U9Y5		0.327059	non-membrane	SL: Plastid, chloroplast {ECO:0000269|PubMed:27933080}.	592	swiss_prot
A0A1B4XBG5		0.305372	unannotated		367	swiss_prot
A0A1B7YCC9		0.241344	unannotated		2224	swiss_prot
A0A1B7YCK2		0.313893	membrane	TRANSMEM x8	316	swiss_prot
A0A1B7YCL6		0.232323	membrane	"TRANSMEM 51..71; /note=""Helical""; /evidence=""ECO:0000255"""	401	swiss_prot
A0A1B7YCX1		0.252863	membrane	TRANSMEM x7	242	swiss_prot
A0A1C7AAN2		0.294272	non-membrane	SL: Plastid, chloroplast {ECO:0000255}.	815	swiss_prot
A0A1C9J6A7		0.284847	non-membrane	SL: Plastid, chloroplast {ECO:0000255}.	607	swiss_prot
A0A1D6EFT8		0.301197	non-membrane	SL: Cytoplasm {ECO:0000250|UniProtKB:Q6Q3H2}.	557	swiss_prot
A0A1D6F9Y9		0.093608	membrane	"TRANSMEM 1..21; /note=""Helical""; /evidence=""ECO:0000255"""	554	swiss_prot
A0A1D6GQ67		0.161447	membrane	"TRANSMEM 5..25; /note=""Helical""; /evidence=""ECO:0000255"""	506	swiss_prot
A0A1D6HSP4		0.079698	membrane	"TRANSMEM 6..26; /note=""Helical""; /evidence=""ECO:0000255"""	531	swiss_prot
A0A1D6K6U5		0.289551	non-membrane	SL: Plastid, chloroplast {ECO:0000255}.	825	swiss_prot
A0A1D6KUI6		0.273027	non-membrane	SL: Plastid, chloroplast {ECO:0000255}.	848	swiss_prot
A0A1D6LTV0		0.277888	non-membrane	SL: Plastid, chloroplast {ECO:0000269|PubMed:18218975}.	627	swiss_prot
A0A1D8PI71		0.227836	membrane	"TRANSMEM 428..448; /note=""Helical""; /evidence=""ECO:0000255"""	448	swiss_prot
A0A1E1FFL0		0.636020	unannotated		301	swiss_prot
A0A1E1FFL1		0.587317	unannotated		174	swiss_prot
A0A1E1FFL4		0.312818	membrane	"TRANSMEM 10..30; /note=""Helical""; /evidence=""ECO:0000255"""	511	swiss_prot
A0A1E1FFL6		0.126586	membrane	"TRANSMEM 447..467; /note=""Helical""; /evidence=""ECO:0000255"""	476	swiss_prot
A0A1E1FFM3		0.110958	membrane	TRANSMEM x3	489	swiss_prot
A0A1E1FFM8		0.161405	membrane	TRANSMEM x9	316	swiss_prot
A0A1E1FFM9		0.200281	membrane	TRANSMEM x7	245	swiss_prot
A0A1E1FFN3		0.166127	membrane	"TRANSMEM 14..30; /note=""Helical""; /evidence=""ECO:0000255"""	502	swiss_prot
A0A1E1FFN4		0.319236	membrane	"TRANSMEM 80..97; /note=""Helical""; /evidence=""ECO:0000255"""	646	swiss_prot
A0A1E1FFN5		0.643107	unannotated		279	swiss_prot
A0A1E1FFN7		0.273443	unannotated		641	swiss_prot
A0A1E1FFN8		0.316193	unannotated		2475	swiss_prot
A0A1E1FFP5		0.327728	membrane	"TRANSMEM 7..29; /note=""Helical""; /evidence=""ECO:0000255"""	257	swiss_prot
A0A1G9UQQ0		0.214767	unannotated		363	swiss_prot
A0A1G9VRW7		0.245973	unannotated		339	swiss_prot
A0A1L2D3T3		0.387306	unannotated		563	swiss_prot
A0A1L5YKS7		0.275785	unannotated		431	swiss_prot
A0A1L6Z3A0		0.268404	non-membrane	SL: Plastid, chloroplast {ECO:0000255}.	846	swiss_prot
A0A1L6Z3A5		0.406533	unannotated		814	swiss_prot
A0A1L7U8F2		0.289812	unannotated		401	swiss_prot
A0A1L7VEQ6		0.151181	membrane	TRANSMEM x2	526	swiss_prot
A0A1L7VEQ8		0.097377	membrane	TRANSMEM x2	509	swiss_prot
A0A1L7VET6		0.133218	unannotated		517	swiss_prot
A0A1L7VFX3		0.233625	unannotated		753	swiss_prot
A0A1L7VI12		0.126944	membrane	TRANSMEM x5	390	swiss_prot
A0A1L7VZE7		0.329677	unannotated		401	swiss_prot
A0A1L9UKS1		0.286779	unannotated		695	swiss_prot
A0A1L9WQI2		0.362671	unannotated		710	swiss_prot
A0A1L9WQK2		0.079857	membrane	"TRANSMEM 5..27; /note=""Helical""; /evidence=""ECO:0000255"""	528	swiss_prot
A0A1L9WUI2		0.269876	unannotated		442	swiss_prot
A0A1L9WUI4		0.484032	unannotated		318	swiss_prot
A0A1L9WUM2		0.411915	non-membrane	SL: Cytoplasm {ECO:0000250|UniProtKB:P52279}.	448	swiss_prot
A0A1L9WUS5		0.113181	membrane	"TRANSMEM 6..26; /note=""Helical""; /evidence=""ECO:0000255"""	514	swiss_prot
A0A1L9WUV2		0.180583	membrane	"TRANSMEM 43..63; /note=""Helical""; /evidence=""ECO:0000255"""	530	swiss_prot
A0A1L9WUW3		0.231566	unannotated		1078	swiss_prot
A0A1L9WUX8		0.478849	unannotated		298	swiss_prot
A0A1L9WVI3		0.090562	membrane	"TRANSMEM 1..21; /note=""Helical""; /evidence=""ECO:0000255"""	495	swiss_prot
A0A1P7Y0A2		0.262660	membrane	TRANSMEM x2	415	swiss_prot
A0A1P7Y0A8		0.275969	membrane	TRANSMEM x2	415	swiss_prot
A0A1P7Y0C9		0.453717	non-membrane	SL: Endoplasmic reticulum {ECO:0000250|UniProtKB:P53799}.	391	swiss_prot
A0A1P7Y0D0		0.259719	membrane	TRANSMEM x2	415	swiss_prot
A0A1P7Y0D4		0.257483	membrane	TRANSMEM x2	415	swiss_prot
A0A1S5RW73		0.266517	non-membrane	SL: Plastid, chloroplast {ECO:0000255}.	787	swiss_prot
A0A1U8QGE6		0.161359	unannotated		148	swiss_prot
A0A1U8QHE3		0.279649	unannotated		979	swiss_prot
A0A1U8QLK0		0.168172	unannotated		516	swiss_prot
A0A1U8QW16		0.190252	membrane	TRANSMEM x9	351	swiss_prot
A0A1V0E492		0.394264	unannotated		559	swiss_prot
A0A1V0E4A6		0.311676	unannotated		562	swiss_prot
A0A1V0QSF3		0.461064	unannotated		551	swiss_prot
A0A1V0QSF4		0.146832	non-membrane	SL: Plastid, chloroplast {ECO:0000255}.	615	swiss_prot
A0A1V0QSF6		0.428918	unannotated		551	swiss_prot
A0A1V0QSF8		0.132573	non-membrane	SL: Plastid, chloroplast {ECO:0000255}.	632	swiss_prot
A0A1V0QSF9		0.126541	non-membrane	SL: Plastid, chloroplast {ECO:0000255}.	624	swiss_prot
A0A1V0QSG0		0.291991	unannotated		573	swiss_prot
A0A1V0QSG1		0.099281	non-membrane	SL: Plastid, chloroplast {ECO:0000255}.	640	swiss_prot
A0A1V0QSG6		0.370983	unannotated		567	swiss_prot
A0A1V0QSG9		0.492062	membrane	SL: Plastid, chloroplast thylakoid membrane {ECO:0000250|UniProtKB:Q39108}; Peripheral membrane protein {ECO:0000250|UniProtKB:Q39108}. Plastid, chloroplast {ECO:0000255}.	315	swiss_prot
A0A1V0QSH1		0.165079	unannotated		594	swiss_prot
A0A1V0QSH2		0.413502	unannotated		561	swiss_prot
A0A1V0QSH7		0.717801	non-membrane	SL: Cytoplasm {ECO:0000250|UniProtKB:O14230}. Nucleus {ECO:0000250|UniProtKB:O14230}.	341	swiss_prot
A0A1V1FNM9		0.236600	membrane	TRANSMEM x3	547	swiss_prot
A0A1V1FNZ5		0.185153	membrane	"TRANSMEM 38..58; /note=""Helical""; /evidence=""ECO:0000255"""	529	swiss_prot
A0A1V1FVQ6		0.321162	unannotated		728	swiss_prot
A0A1V6NYL5		0.141245	membrane	TRANSMEM x9	367	swiss_prot
A0A1W6GW06		0.464015	unannotated		546	swiss_prot
A0A1W6GW18		0.457973	unannotated		546	swiss_prot
A0A1W6GW32		0.472347	unannotated		546	swiss_prot
A0A1W6QDI6		0.595543	non-membrane	SL: Plastid, chloroplast {ECO:0000250|UniProtKB:A0A0U4CDK4}.	681	swiss_prot
A0A1W6QDI7		0.273883	non-membrane	SL: Plastid, chloroplast {ECO:0000255}.	626	swiss_prot
A0A1W6QDJ1		0.258634	non-membrane	SL: Plastid, chloroplast {ECO:0000255}.	796	swiss_prot
A0A1X9IRP7		0.521847	non-membrane	SL: Plastid, chloroplast {ECO:0000250|UniProtKB:G8GJ96}.	419	swiss_prot
A0A1X9IRQ7		0.442799	non-membrane	SL: Plastid, chloroplast {ECO:0000255}.	798	swiss_prot
A0A1X9IRT6		0.486128	unannotated		746	swiss_prot
A0A1X9ISH5		0.231875	unannotated		782	swiss_prot
A0A1X9ISN9		0.450133	non-membrane	SL: Plastid, chloroplast {ECO:0000305}.	664	swiss_prot
A0A1X9ISP7		0.258551	non-membrane	SL: Plastid, chloroplast {ECO:0000255}.	752	swiss_prot
A0A1Y0BRF1		0.271172	unannotated		2495	swiss_prot
A0A1Y0BRF2		0.313196	membrane	"TRANSMEM 12..32; /note=""Helical""; /evidence=""ECO:0000255"""	508	swiss_prot
A0A1Y0BRF3		0.354677	unannotated		336	swiss_prot
A0A1Y0BRF4		0.249947	unannotated		496	swiss_prot
A0A1Y0BRF5		0.254867	membrane	TRANSMEM x7	245	swiss_prot
A0A1Y0BRF7		0.147996	membrane	TRANSMEM x7	316	swiss_prot
A0A1Y0BRF8		0.430668	unannotated		256	swiss_prot
A0A1Y0BRF9		0.079172	membrane	"TRANSMEM 449..471; /note=""Helical""; /evidence=""ECO:0000255"""	476	swiss_prot
A0A1Y0BRG0		0.612495	unannotated		278	swiss_prot
A0A1Y1C7Q5		0.372274	unannotated		746	swiss_prot
A0A1Y1C7S2		0.151988	membrane	"TRANSMEM 14..34; /note=""Helical""; /evidence=""ECO:0000255"""	513	swiss_prot
A0A1Z3GBK8		0.102798	non-membrane	SL: Plastid, chloroplast {ECO:0000255}.	806	swiss_prot
A0A1Z3GC64		0.299316	non-membrane	SL: Plastid, chloroplast {ECO:0000255}.	794	swiss_prot
A0A1Z3GCD1		0.200180	non-membrane	SL: Plastid, chloroplast {ECO:0000255}.	775	swiss_prot
A0A284RNH4		0.312906	unannotated		342	swiss_prot
A0A291LSD6		0.303476	non-membrane	SL: Cytoplasm {ECO:0000250|UniProtKB:Q6Q3H2}.	571	swiss_prot
A0A291SJC7		0.093902	unannotated		395	swiss_prot
A0A2B7YDW3		0.382352	unannotated		695	swiss_prot
A0A2I1BSU0		0.279870	membrane	"TRANSMEM 89..111; /note=""Helical""; /evidence=""ECO:0000255"""	661	swiss_prot
A0A2I1BSV1		0.072220	membrane	"TRANSMEM 450..470; /note=""Helical""; /evidence=""ECO:0000255"""	470	swiss_prot
A0A2I1BSV7		0.414326	unannotated		278	swiss_prot
A0A2I1BSV9		0.180687	unannotated		2255	swiss_prot
A0A2I1BSW0		0.376663	membrane	"TRANSMEM 9..29; /note=""Helical""; /evidence=""ECO:0000255"""	327	swiss_prot
A0A2I1BSW6		0.272321	unannotated		327	swiss_prot
A0A2I1BSW8		0.320223	membrane	"TRANSMEM 7..26; /note=""Helical""; /evidence=""ECO:0000255"""	257	swiss_prot
A0A2I1BSX0		0.365839	unannotated		278	swiss_prot
A0A2I1BSZ6		0.373054	unannotated		298	swiss_prot
A0A2I1BT01		0.204794	membrane	TRANSMEM x7	243	swiss_prot
A0A2I1BT09		0.277077	membrane	TRANSMEM x9	316	swiss_prot
A0A2I1BT15		0.413745	unannotated		250	swiss_prot
A0A2I1BT56		0.375488	unannotated		342	swiss_prot
A0A2I6PIZ1		0.307699	unannotated		593	swiss_prot
A0A2I6PIZ2		0.070148	membrane	TRANSMEM x2	463	swiss_prot
A0A2I6PIZ6		0.521228	unannotated		434	swiss_prot
A0A2I6PIZ7		0.201020	unannotated		431	swiss_prot
A0A2I6PIZ8		0.363935	unannotated		461	swiss_prot
A0A2I6PIZ9		0.125786	membrane	TRANSMEM x2	507	swiss_prot
A0A2I6PJ00		0.104887	membrane	"TRANSMEM 2..24; /note=""Helical""; /evidence=""ECO:0000255"""	514	swiss_prot
A0A2I6PJ01		0.456612	unannotated		431	swiss_prot
A0A2I6PJ02		0.286101	unannotated		448	swiss_prot
A0A2I6PJ07		0.246506	membrane	TRANSMEM x7	243	swiss_prot
A0A2I6PJ08		0.073792	membrane	TRANSMEM x3	532	swiss_prot
A0A2I6PJ12		0.205816	membrane	"TRANSMEM 8..28; /note=""Helical""; /evidence=""ECO:0000255"""	511	swiss_prot
A0A2I6PJ13		0.149257	membrane	"TRANSMEM 8..28; /note=""Helical""; /evidence=""ECO:0000255"""	326	swiss_prot
A0A2K9RFY0		0.293093	membrane	"TRANSMEM 638..656; /note=""Helical""; /evidence=""ECO:0000255"""	789	swiss_prot
A0A2K9RFZ2		0.298231	non-membrane	SL: Plastid, chloroplast {ECO:0000255}.	589	swiss_prot
A0A2K9RFZ7		0.433675	non-membrane	SL: Plastid, chloroplast {ECO:0000255}.	798	swiss_prot
A0A2K9RFZ8		0.241664	non-membrane	SL: Plastid, chloroplast {ECO:0000255}.	814	swiss_prot
A0A2K9RFZ9		0.254728	non-membrane	SL: Plastid, chloroplast {ECO:0000305|PubMed:29315936}.	594	swiss_prot
A0A2K9RG07		0.395763	non-membrane	SL: Plastid, chloroplast {ECO:0000255}.	800	swiss_prot
A0A2L0VXR0		0.438593	unannotated		959	swiss_prot
A0A2P1DP74		0.196141	membrane	TRANSMEM x7	258	swiss_prot
A0A2P1DP75		0.127358	membrane	TRANSMEM x4	431	swiss_prot
A0A2P1DP77		0.296732	unannotated		330	swiss_prot
A0A2P1DP82		0.255057	unannotated		260	swiss_prot
A0A2P1DP87		0.228465	membrane	TRANSMEM x9	319	swiss_prot
A0A2P1DP89		0.166347	non-membrane	SL: Nucleus {ECO:0000255|PROSITE-ProRule:PRU00227}.	853	swiss_prot
A0A2P1DP90		0.361937	unannotated		338	swiss_prot
A0A2P1DP91		0.193410	unannotated		1783	swiss_prot
A0A2P1DP94		0.087501	membrane	"TRANSMEM 2..22; /note=""Helical""; /evidence=""ECO:0000255"""	536	swiss_prot
A0A2P1DP98		0.101831	unannotated		519	swiss_prot
A0A2P1DPA5		0.169039	membrane	"TRANSMEM 7..29; /note=""Helical""; /evidence=""ECO:0000255"""	510	swiss_prot
A0A2P2GK84		0.056388	unannotated		533	swiss_prot
A0A2R4QKX7		0.323940	unannotated		561	swiss_prot
A0A2U8U2K8		0.404751	unannotated		249	swiss_prot
A0A2U8U2L0		0.297352	membrane	"TRANSMEM 371..391; /note=""Helical""; /evidence=""ECO:0000255"""	423	swiss_prot
A0A2U8U2L2		0.562296	unannotated		115	swiss_prot
A0A2U8U2L3		0.458203	unannotated		340	swiss_prot
A0A2U8U2L4		0.256529	unannotated		430	swiss_prot
A0A2U8U2L5		0.384869	unannotated		430	swiss_prot
A0A2U8U2L6		0.415718	membrane	"TRANSMEM 17..37; /note=""Helical""; /evidence=""ECO:0000255"""	480	swiss_prot
A0A2U8U2M1		0.152311	unannotated		401	swiss_prot
A0A2U8U2M8		0.175380	membrane	"TRANSMEM 9..29; /note=""Helical""; /evidence=""ECO:0000255"""	516	swiss_prot
A0A2Z4HPY0		0.210529	membrane	"TRANSMEM 10..30; /note=""Helical""; /evidence=""ECO:0000255"""	563	swiss_prot
A0A2Z4HPY4		0.120717	membrane	TRANSMEM x4	1314	swiss_prot
A0A2Z4HPY5		0.303820	unannotated		551	swiss_prot
A0A2Z4HPZ0		0.137357	membrane	"TRANSMEM 3..23; /note=""Helical""; /evidence=""ECO:0000255"""	565	swiss_prot
A0A2Z4HPZ5		0.615105	membrane	"TRANSMEM 7..26; /note=""Helical""; /evidence=""ECO:0000255"""	312	swiss_prot
A0A2Z4HPZ6		0.314562	unannotated		400	swiss_prot
A0A2Z4HPZ7		0.205922	membrane	"TRANSMEM 12..34; /note=""Helical""; /evidence=""ECO:0000255"""	505	swiss_prot
A0A2Z4HPZ8		0.558616	unannotated		295	swiss_prot
A0A2Z6AQX6		0.254813	unannotated		778	swiss_prot
A0A2Z6AQX7		0.306882	unannotated		732	swiss_prot
A0A2Z6E8J2		0.178707	membrane	"TRANSMEM 10..30; /note=""Helical""; /evidence=""ECO:0000255"""	534	swiss_prot
A0A2Z6E8J6		0.101801	unannotated		446	swiss_prot
A0A2Z6E914		0.109298	unannotated		594	swiss_prot
A0A2Z6E917		0.220090	membrane	TRANSMEM x7	241	swiss_prot
A0A2Z6E9B9		0.175740	unannotated		789	swiss_prot
A0A2Z6E9C0		0.197405	membrane	"TRANSMEM 21..43; /note=""Helical""; /evidence=""ECO:0000255"""	525	swiss_prot
A0A2Z6FZ19		0.141958	membrane	"TRANSMEM 37..57; /note=""Helical""; /evidence=""ECO:0000255"""	528	swiss_prot
A0A2Z6FZ20		0.137458	membrane	"TRANSMEM 1..21; /note=""Helical""; /evidence=""ECO:0000255"""	510	swiss_prot
A0A2Z6FZ31		0.269837	unannotated		725	swiss_prot
A0A2Z6FZX4		0.508473	unannotated		339	swiss_prot
A0A343W969		0.530187	unannotated		385	swiss_prot
A0A343W970		0.404389	unannotated		405	swiss_prot
A0A345BJQ0		0.299305	membrane	"TRANSMEM 395..415; /note=""Helical""; /evidence=""ECO:0000255"""	415	swiss_prot
A0A348AUV5		0.399118	unannotated		554	swiss_prot
A0A348AUV6		0.397598	unannotated		554	swiss_prot
A0A348AUV7		0.393690	unannotated		554	swiss_prot
A0A348AUV9		0.392729	unannotated		554	swiss_prot
A0A348AUW0		0.391618	unannotated		554	swiss_prot
A0A348AUW1		0.400296	unannotated		554	swiss_prot
A0A348B779		0.354558	unannotated		338	swiss_prot
A0A348B780		0.341150	unannotated		338	swiss_prot
A0A348B781		0.355815	unannotated		365	swiss_prot
A0A348B782		0.284230	unannotated		340	swiss_prot
A0A348B784		0.368811	unannotated		342	swiss_prot
A0A348B785		0.362470	unannotated		344	swiss_prot
A0A348B788		0.420049	unannotated		351	swiss_prot
A0A348B790		0.236873	unannotated		348	swiss_prot
A0A348B793		0.314684	unannotated		332	swiss_prot
A0A348B794		0.165598	unannotated		340	swiss_prot
A0A348DU52		0.283086	unannotated		770	swiss_prot
A0A348FUE1		0.442899	unannotated		963	swiss_prot
A0A385AJM2		0.437822	unannotated		332	swiss_prot
A0A385AJM4		0.322900	unannotated		324	swiss_prot
A0A385AJM5		0.109075	unannotated		356	swiss_prot
A0A385AJM6		0.171680	unannotated		358	swiss_prot
A0A385AJN0		0.080117	unannotated		325	swiss_prot
A0A386JV86		0.546971	unannotated		378	swiss_prot
A0A386KZ50		0.202087	unannotated		482	swiss_prot
A0A386KZI3		0.169406	membrane	"TRANSMEM 49..71; /note=""Helical""; /evidence=""ECO:0000255"""	559	swiss_prot
A0A3G1DJL2		0.285680	membrane	"TRANSMEM 397..417; /note=""Helical""; /evidence=""ECO:0000255"""	419	swiss_prot
A0A3G1HQN7		0.365354	unannotated		393	swiss_prot
A0A3G1QTS7		0.269930	non-membrane	SL: Plastid, chloroplast {ECO:0000255}.	794	swiss_prot
A0A3G1QTT3		0.236515	non-membrane	SL: Plastid, chloroplast {ECO:0000255}.	776	swiss_prot
A0A3G1QTU5		0.432080	non-membrane	SL: Plastid, chloroplast {ECO:0000255}.	766	swiss_prot
A0A3G9GNJ4		0.759287	membrane	TRANSMEM x8	325	swiss_prot
A0A3G9GNK2		0.096492	membrane	"TRANSMEM 15..35; /note=""Helical""; /evidence=""ECO:0000255"""	517	swiss_prot
A0A3G9GQ29		0.278761	unannotated		2592	swiss_prot
A0A3G9GR23		0.512691	unannotated		307	swiss_prot
A0A3G9GUR6		0.161542	membrane	TRANSMEM x3	417	swiss_prot
A0A3G9GX61		0.164460	membrane	"TRANSMEM 453..473; /note=""Helical""; /evidence=""ECO:0000255"""	479	swiss_prot
A0A3G9H185		0.529140	unannotated		293	swiss_prot
A0A3G9H8P0		0.214226	membrane	TRANSMEM x7	240	swiss_prot
A0A3G9HAL8		0.391196	unannotated		256	swiss_prot
A0A3L6G2C1		0.295125	non-membrane	SL: Cytoplasm {ECO:0000250|UniProtKB:Q6Q3H2}.	557	swiss_prot
A0A3L6G998		0.357932	non-membrane	SL: Cytoplasm {ECO:0000250|UniProtKB:Q6Q3H2}.	547	swiss_prot
A0A3Q7GFB5		0.288395	non-membrane	SL: Nucleus {ECO:0000255|PROSITE-ProRule:PRU00223}.	526	swiss_prot
A0A3Q9FEJ4		0.204597	membrane	"TRANSMEM 5..25; /note=""Helical""; /evidence=""ECO:0000255"""	493	swiss_prot
A0A3Q9FFM1		0.193624	unannotated		754	swiss_prot
A0A3S5XFG0		0.510288	unannotated		380	swiss_prot
A0A3S9NM20		0.147694	membrane	"TRANSMEM 7..27; /note=""Helical""; /evidence=""ECO:0000255"""	498	swiss_prot
A0A3T0ZHJ0		0.084734	unannotated		1807	swiss_prot
A0A3T0ZHJ5		0.173691	membrane	TRANSMEM x7	242	swiss_prot
A0A3T0ZHK6		0.133840	membrane	"TRANSMEM 12..34; /note=""Helical""; /evidence=""ECO:0000255"""	496	swiss_prot
A0A3T0ZHK9		0.159138	membrane	"TRANSMEM 19..39; /note=""Helical""; /evidence=""ECO:0000255"""	544	swiss_prot
A0A3T0ZHL2		0.021460	membrane	"TRANSMEM 462..482; /note=""Helical""; /evidence=""ECO:0000255"""	491	swiss_prot
A0A3T0ZHL4		0.205424	membrane	TRANSMEM x9	321	swiss_prot
A0A455LLV4		0.213026	membrane	TRANSMEM x9	754	swiss_prot
A0A455LLV8		0.183461	membrane	"TRANSMEM 22..42; /note=""Helical""; /evidence=""ECO:0000255"""	516	swiss_prot
A0A455LLW0		0.308801	membrane	"TRANSMEM 9..29; /note=""Helical""; /evidence=""ECO:0000255"""	421	swiss_prot
A0A455LLW3		0.224830	membrane	TRANSMEM x9	751	swiss_prot
A0A455LLW7		0.254061	membrane	TRANSMEM x7	756	swiss_prot
A0A455LLW9		0.369997	membrane	"TRANSMEM 12..31; /note=""Helical""; /evidence=""ECO:0000255"""	420	swiss_prot
A0A455LLX1		0.237400	unannotated		2466	swiss_prot
A0A455LLX2		0.493443	unannotated		266	swiss_prot
A0A455LLX4		0.626615	unannotated		198	swiss_prot
A0A455LM21		0.203349	membrane	TRANSMEM x8	310	swiss_prot
A0A455LM26		0.179428	membrane	TRANSMEM x7	435	swiss_prot
A0A455LM27		0.185140	membrane	"TRANSMEM 17..34; /note=""Helical""; /evidence=""ECO:0000255"""	480	swiss_prot
A0A455LN84		0.552513	unannotated		201	swiss_prot
A0A455LN86		0.397897	unannotated		707	swiss_prot
A0A455LRW3		0.380646	unannotated		734	swiss_prot
A0A455LRX2		0.180267	membrane	TRANSMEM x9	312	swiss_prot
A0A455LXK0		0.308917	unannotated		1985	swiss_prot
A0A455M2Y3		0.324385	unannotated		2371	swiss_prot
A0A455M7R7		0.162347	membrane	TRANSMEM x8	760	swiss_prot
A0A455M7S4		0.285514	unannotated		1996	swiss_prot
A0A455R413		0.262999	membrane	TRANSMEM x8	336	swiss_prot
A0A455R4X0		0.236151	membrane	"TRANSMEM 13..33; /note=""Helical""; /evidence=""ECO:0000255"""	534	swiss_prot
A0A455R4Z0		0.070902	membrane	TRANSMEM x7	384	swiss_prot
A0A455R5H4		0.384002	unannotated		1064	swiss_prot
A0A455R5K2		0.440886	unannotated		296	swiss_prot
A0A455R5P9		0.229275	unannotated		2115	swiss_prot
A0A455R624		0.201129	membrane	"TRANSMEM 12..32; /note=""Helical""; /evidence=""ECO:0000255"""	512	swiss_prot
A0A455R7E6		0.379451	unannotated		1093	swiss_prot
A0A455R7M0		0.751577	unannotated		554	swiss_prot
A0A455RAK9		0.244243	membrane	TRANSMEM x7	273	swiss_prot
A0A484FVL2		0.093990	membrane	"TRANSMEM 2..22; /note=""Helical""; /evidence=""ECO:0000255"""	520	swiss_prot
A0A484FXR4		0.134449	membrane	"TRANSMEM 41..61; /note=""Helical""; /evidence=""ECO:0000255"""	534	swiss_prot
A0A4D6IA24		0.481526	unannotated		439	swiss_prot
A0A4D6Q415		0.093472	membrane	"TRANSMEM 2..22; /note=""Helical""; /evidence=""ECO:0000255"""	508	swiss_prot
A0A4P8GEA3		0.136652	unannotated		352	swiss_prot
A0A4P8GEB4		0.114663	unannotated		285	swiss_prot
A0A4P8GEE8		0.334953	unannotated		278	swiss_prot
A0A4P8GF19		0.222466	unannotated		430	swiss_prot
A0A4P8GFV8		0.443224	unannotated		379	swiss_prot
A0A4P8GG75		0.401552	unannotated		313	swiss_prot
A0A4P8GHJ1		0.162055	unannotated		2682	swiss_prot
A0A4S8MAF3		0.395412	unannotated		353	swiss_prot
A0A4V1E8I5		0.280269	membrane	"TRANSMEM 10..30; /note=""Helical""; /evidence=""ECO:0000255"""	446	swiss_prot
A0A4Y5L9K3		0.348974	unannotated		571	swiss_prot
A0A4Y5QVX6		0.454485	unannotated		551	swiss_prot
A0A4Y5QWA6		0.872425	unannotated		554	swiss_prot
A0A4Y5QWK5		0.139254	non-membrane	SL: Plastid, chloroplast {ECO:0000255}.	633	swiss_prot
A0A4Y5QZ62		0.880409	unannotated		554	swiss_prot
A0A516F405		0.368422	unannotated		372	swiss_prot
A0A5B8NBE6		0.590271	unannotated		760	swiss_prot
A0A5B8NBN0		0.617308	unannotated		760	swiss_prot
A0A5M3MFC0		0.336941	unannotated		340	swiss_prot
A0A5M3MX24		0.284044	unannotated		341	swiss_prot
A0A5M3MXY8		0.313156	unannotated		349	swiss_prot
A0A5M3MYJ1		0.308758	unannotated		332	swiss_prot
A0A5P8DHZ6		0.435179	non-membrane	SL: Plastid, chloroplast {ECO:0000255}.	800	swiss_prot
A0A5P8DI06		0.300624	non-membrane	SL: Plastid, chloroplast {ECO:0000255}.	797	swiss_prot
A0A5P8DI07		0.303925	non-membrane	SL: Plastid, chloroplast {ECO:0000255}.	597	swiss_prot
A0A5P8DI15		0.416430	unannotated		711	swiss_prot
A0A5Q0QMX0		0.148559	unannotated		372	swiss_prot
A0A5Q0QMX1		0.362271	unannotated		353	swiss_prot
A0A5Q0QMX6		0.135685	unannotated		307	swiss_prot
A0A5Q0QN66		0.323050	unannotated		659	swiss_prot
A0A5Q0QNH9		0.220546	unannotated		387	swiss_prot
A0A5Q0QNJ2		0.245720	unannotated		389	swiss_prot
A0A5Q0QP64		0.343081	unannotated		342	swiss_prot
A0A5Q0QRJ3		0.306242	unannotated		346	swiss_prot
A0A5Q0QRK8		0.118731	unannotated		355	swiss_prot
A0A5Q0QSI8		0.132473	unannotated		430	swiss_prot
A0A5Q0QU70		0.392454	unannotated		358	swiss_prot
A0A5S9I252		0.419615	unannotated		386	swiss_prot
A0A6A6H2E0		0.358371	unannotated		333	swiss_prot
A0A6P6W6H5		0.426301	non-membrane	SL: Plastid, chloroplast {ECO:0000255}.	606	swiss_prot
A0A6S6QR11		0.436142	unannotated		959	swiss_prot
A0A7C9FSB8		0.477853	non-membrane	SL: Plastid, chloroplast {ECO:0000255}.	287	swiss_prot
A0A7D0AGU9		0.736199	unannotated		303	swiss_prot
A0A7G5KLV0		0.340645	non-membrane	SL: Plastid, chloroplast {ECO:0000269|PubMed:25956881}.	590	swiss_prot
A0A7G5KLV1		0.374520	non-membrane	SL: Cytoplasm {ECO:0000269|PubMed:25956881}.	561	swiss_prot
A0A7G5KLV2		0.395859	non-membrane	SL: Cytoplasm {ECO:0000269|PubMed:25956881}.	547	swiss_prot
A0A7G5KLV3		0.301216	non-membrane	SL: Plastid, chloroplast {ECO:0000269|PubMed:25956881}.	586	swiss_prot
A0A7J6EK66		0.308674	non-membrane	SL: Plastid, chloroplast {ECO:0000255}.	718	swiss_prot
A0A7J6F8C5		0.446688	non-membrane	SL: Plastid, chloroplast stroma {ECO:0000250|UniProtKB:Q94B35}.	464	swiss_prot
A0A7J6FUX2		0.442147	membrane	SL: Plastid, chloroplast thylakoid membrane {ECO:0000250|UniProtKB:Q39108}; Peripheral membrane protein {ECO:0000250|UniProtKB:Q39108}.	287	swiss_prot
A0A7J6G7L9		0.377367	non-membrane	SL: Plastid, chloroplast stroma {ECO:0000250|UniProtKB:Q9XFS9}.	473	swiss_prot
A0A7J6H013		0.129115	membrane	TRANSMEM x3	576	swiss_prot
A0A7J6HK32		0.363645	unannotated		556	swiss_prot
A0A7J6HWR9		0.753523	non-membrane	SL: Cytoplasm {ECO:0000250|UniProtKB:O14230}. Nucleus {ECO:0000250|UniProtKB:O14230}.	340	swiss_prot
A0A803NI27		0.165439	membrane	TRANSMEM x3	588	swiss_prot
A0A803PDZ0		0.362906	non-membrane	SL: Plastid, chloroplast {ECO:0000255}.	713	swiss_prot
A0A858E4Y6		0.567754	unannotated		316	swiss_prot
A0A858E4Y8		0.590668	unannotated		324	swiss_prot
A0A858E6N7		0.611865	unannotated		365	swiss_prot
A0A858E7G0		0.565716	unannotated		364	swiss_prot
A0A858E7J4		0.466163	unannotated		329	swiss_prot
A0A858E899		0.574638	unannotated		324	swiss_prot
A0A858EAD5		0.587448	unannotated		324	swiss_prot
A0A8D5M3V0		0.121276	membrane	"TRANSMEM 440..460; /note=""Helical""; /evidence=""ECO:0000255"""	482	swiss_prot
A0A8D5M3Y5		0.593108	unannotated		383	swiss_prot
A0A8D5M692		0.206022	unannotated		2193	swiss_prot
A0A8D5M6H6		0.384552	unannotated		255	swiss_prot
A0A8D5M7T9		0.187186	membrane	TRANSMEM x7	245	swiss_prot
A0A8D5M7V9		0.324279	membrane	TRANSMEM x8	327	swiss_prot
A0A8D5M8I1		0.153096	membrane	"TRANSMEM 10..30; /note=""Helical""; /evidence=""ECO:0000255"""	493	swiss_prot
A0A8D5RWG4		0.107930	membrane	"TRANSMEM 5..22; /note=""Helical""; /evidence=""ECO:0000255"""	501	swiss_prot
A0A8D5RY40		0.205610	membrane	"TRANSMEM 14..34; /note=""Helical""; /evidence=""ECO:0000255"""	511	swiss_prot
A0A8D5RZ52		0.516483	unannotated		376	swiss_prot
A0A8H4CUY8		0.244778	unannotated		760	swiss_prot
A0A8H5Z7W4		0.304411	unannotated		325	swiss_prot
A0A8H7XMX0		0.425114	unannotated		344	swiss_prot
A0A8H7XP09		0.272714	unannotated		361	swiss_prot
A0A8H7XQ49		0.389263	unannotated		364	swiss_prot
A0A8H8CFI5		0.333991	unannotated		364	swiss_prot
A0A8H8CMW1		0.374660	unannotated		343	swiss_prot
A0A8K1AW51		0.312762	membrane	"TRANSMEM 10..30; /note=""Helical""; /evidence=""ECO:0000255"""	363	swiss_prot
A0A8K1AW54		0.155798	membrane	"TRANSMEM 20..40; /note=""Helical""; /evidence=""ECO:0000255"""	485	swiss_prot
A0A8K1AWG4		0.443563	unannotated		345	swiss_prot
A0A8K1AY78		0.417287	unannotated		764	swiss_prot
A0AA38CJ97		0.272955	non-membrane	SL: Plastid, chloroplast {ECO:0000250|UniProtKB:Q9FT37}.	817	swiss_prot
A0AAD9S265		0.184126	membrane	TRANSMEM x7	242	swiss_prot
A0AAW1L0L7		0.667860	unannotated		760	swiss_prot
A0SJQ5		0.444676	unannotated		467	swiss_prot
A1C8C2		0.165629	membrane	TRANSMEM x3	520	swiss_prot
A1C8C3		0.366689	unannotated		718	swiss_prot
A1C8C5		0.190699	unannotated		482	swiss_prot
A1CVK0		0.267296	unannotated		738	swiss_prot
A1DN29		0.111947	membrane	"TRANSMEM 19..39; /note=""Helical""; /evidence=""ECO:0000255"""	547	swiss_prot
A1DN30		0.291706	unannotated		764	swiss_prot
A1XI29		0.054189	membrane	TRANSMEM x3	124	swiss_prot
A1XI30		0.126986	membrane	TRANSMEM x10	432	swiss_prot
A2PZA5		0.344128	unannotated		719	swiss_prot
A3KI17		0.224573	unannotated		440	swiss_prot
A3KI18		0.311319	unannotated		291	swiss_prot
A4D9R2		0.142870	membrane	"TRANSMEM 26..46; /note=""Helical""; /evidence=""ECO:0000255"""	518	swiss_prot
A4D9R3		0.187742	membrane	"TRANSMEM 5..25; /note=""Helical""; /evidence=""ECO:0000255"""	502	swiss_prot
A4DA41		0.073562	membrane	"TRANSMEM 444..464; /note=""Helical""; /evidence=""ECO:0000255"""	475	swiss_prot
A4FG18		0.339465	unannotated		285	swiss_prot
A4FG19		0.273354	unannotated		354	swiss_prot
A4FVP2		0.272946	non-membrane	SL: Cytoplasm {ECO:0000269|PubMed:20463089}. Plastid, chloroplast stroma {ECO:0000269|PubMed:20463089}.	565	swiss_prot
A4KAG7		0.198307	unannotated		821	swiss_prot
A4KAG8		0.177995	unannotated		821	swiss_prot
A5A8G0		0.253332	non-membrane	SL: Plastid, chloroplast {ECO:0000255}.	881	swiss_prot
A5PHD6		0.261977	unannotated		2729	swiss_prot
A5Y5L5		0.236265	non-membrane	SL: Plastid, chloroplast {ECO:0000255}.	610	swiss_prot
A6XH05		0.217592	non-membrane	SL: Plastid, chloroplast {ECO:0000255}.	591	swiss_prot
A6XH06		0.277942	non-membrane	SL: Plastid, chloroplast {ECO:0000255}.	581	swiss_prot
A7IZZ1		0.144109	non-membrane	SL: Plastid, chloroplast {ECO:0000255}.	623	swiss_prot
A7IZZ2		0.231550	non-membrane	SL: Plastid, chloroplast {ECO:0000255}.	615	swiss_prot
A7NH01		0.203243	unannotated		326	swiss_prot
A8C980		0.641698	unannotated		759	swiss_prot
A8C981		0.542520	unannotated		771	swiss_prot
A8CDT2		0.672483	unannotated		759	swiss_prot
A8CDT3		0.506224	unannotated		761	swiss_prot
A8NE23		0.166865	unannotated		425	swiss_prot
A8NU13		0.307834	unannotated		345	swiss_prot
A9AWD5		0.322167	unannotated		521	swiss_prot
A9FZ87		0.262585	unannotated		329	swiss_prot
A9GK58		0.292290	unannotated		315	swiss_prot
A9JPE0		0.211564	membrane	"TRANSMEM 21..41; /note=""Helical""; /evidence=""ECO:0000255"""	519	swiss_prot
A9JPE1		0.567352	unannotated		435	swiss_prot
A9JPE2		0.231515	membrane	TRANSMEM x2	529	swiss_prot
A9JPE3		0.177462	membrane	TRANSMEM x7	243	swiss_prot
A9JPE4		0.128820	membrane	TRANSMEM x8	366	swiss_prot
B0FGA9		0.433062	unannotated		559	swiss_prot
B0Y565		0.087356	unannotated		738	swiss_prot
B0Y5B4		0.274923	unannotated		735	swiss_prot
B1B1U3		0.409090	unannotated		548	swiss_prot
B1B1U4		0.363027	non-membrane	SL: Cytoplasm {ECO:0000305}.	554	swiss_prot
B1W019		0.281756	unannotated		335	swiss_prot
B2C4D0		0.367176	non-membrane	SL: Cytoplasm {ECO:0000250|UniProtKB:Q6Q3H2}.	547	swiss_prot
B2DBF0		0.200528	unannotated		1004	swiss_prot
B2DBF1		0.292833	unannotated		983	swiss_prot
B2J4A4		0.365090	unannotated		323	swiss_prot
B2KSJ5		0.350580	non-membrane	SL: Cytoplasm {ECO:0000305}.	571	swiss_prot
B2KSJ6		0.494599	non-membrane	SL: Cytoplasm {ECO:0000305}.	560	swiss_prot
B3TPQ6		0.349711	unannotated		550	swiss_prot
B3TPQ7		0.305757	non-membrane	SL: Plastid, chloroplast {ECO:0000305|PubMed:18467455}. Note=The transit peptide can target GFP to both chloroplasts and mitochondria when transiently expressed in a heterologous system. {ECO:0000305|PubMed:18467455}.	592	swiss_prot
B3Y522		0.309806	unannotated		685	swiss_prot
B4FVP3		0.172448	membrane	"TRANSMEM 7..26; /note=""Helical""; /evidence=""ECO:0000255"""	505	swiss_prot
B5A434		0.435988	unannotated		576	swiss_prot
B5A435		0.492601	unannotated		559	swiss_prot
B5GMG2		0.323569	unannotated		330	swiss_prot
B5GRC8		0.072129	unannotated		343	swiss_prot
B5GS26		0.231641	unannotated		327	swiss_prot
B5GW45		0.163234	unannotated		418	swiss_prot
B5H7H3		0.159491	unannotated		372	swiss_prot
B5HDJ6		0.326352	unannotated		365	swiss_prot
B6EXY6		0.564438	unannotated		759	swiss_prot
B6H063		0.300723	unannotated		342	swiss_prot
B6HFX8		0.329665	unannotated		732	swiss_prot
B6HFX9		0.098176	membrane	"TRANSMEM 2..22; /note=""Helical""; /evidence=""ECO:0000255"""	491	swiss_prot
B6HUQ4		0.295841	membrane	"TRANSMEM 12..32; /note=""Helical""; /evidence=""ECO:0000255"""	512	swiss_prot
B6HUQ5		0.134853	unannotated		213	swiss_prot
B6HV32		0.270434	unannotated		2496	swiss_prot
B6HV33		0.371182	unannotated		336	swiss_prot
B6HV34		0.371933	unannotated		255	swiss_prot
B6HV35		0.132146	membrane	TRANSMEM x7	325	swiss_prot
B6HV36		0.107441	membrane	"TRANSMEM 426..446; /note=""Helical""; /evidence=""ECO:0000255"""	451	swiss_prot
B6HV37		0.231518	membrane	TRANSMEM x7	247	swiss_prot
B6HV38		0.299884	unannotated		497	swiss_prot
B6HV39		0.575383	unannotated		277	swiss_prot
B6K412		0.272212	unannotated		656	swiss_prot
B6SCF3		0.271047	non-membrane	SL: Plastid, chloroplast {ECO:0000255}.	585	swiss_prot
B6SCF4		0.206807	membrane	"TRANSMEM 455..475; /note=""Helical""; /evidence=""ECO:0000255"""	613	swiss_prot
B6SCF5		0.511364	unannotated		563	swiss_prot
B6SCF6		0.464150	unannotated		563	swiss_prot
B7FXW1		0.227198	membrane	TRANSMEM x5	348	swiss_prot
B7TWW5		0.177773	membrane	TRANSMEM x3	545	swiss_prot
B8NHD6		0.316388	unannotated		849	swiss_prot
B8NHD7		0.352495	unannotated		307	swiss_prot
B8NHD8		0.159343	membrane	"TRANSMEM 17..37; /note=""Helical""; /evidence=""ECO:0000255"""	538	swiss_prot
B8NHD9		0.150290	membrane	"TRANSMEM 13..35; /note=""Helical""; /evidence=""ECO:0000255"""	511	swiss_prot
B8NHE0		0.324675	unannotated		390	swiss_prot
B8NHE1		0.407198	unannotated		366	swiss_prot
B8NHE2		0.305409	non-membrane	SL: Cytoplasm {ECO:0000250|UniProtKB:P08432}.	425	swiss_prot
B8NHE3		0.506216	unannotated		178	swiss_prot
B8NHE4		0.251757	unannotated		1071	swiss_prot
B8PD44		0.356532	unannotated		336	swiss_prot
B8PQ84		0.486320	non-membrane	SL: Plastid, chloroplast {ECO:0000255}.	793	swiss_prot
B8XA41		0.181948	non-membrane	SL: Plastid, chloroplast {ECO:0000269|PubMed:19155349}.	777	swiss_prot
B9RHP7		0.199568	unannotated		572	swiss_prot
B9RHX7		0.311634	unannotated		563	swiss_prot
B9RI00		0.502644	unannotated		555	swiss_prot
B9RPM3		0.261995	unannotated		584	swiss_prot
B9RXW0		0.346100	unannotated		564	swiss_prot
B9RXW4		0.292228	unannotated		572	swiss_prot
B9S1N2		0.385257	unannotated		551	swiss_prot
B9S9Z3		0.494706	unannotated		558	swiss_prot
B9SBU9		0.419635	unannotated		552	swiss_prot
B9SBV6		0.421576	unannotated		547	swiss_prot
B9SCB6		0.390947	unannotated		550	swiss_prot
B9SIL7		0.331391	non-membrane	SL: Plastid, chloroplast {ECO:0000255}.	778	swiss_prot
B9SIM2		0.410633	non-membrane	SL: Plastid, chloroplast {ECO:0000255}.	778	swiss_prot
B9SIM3		0.379901	non-membrane	SL: Plastid, chloroplast {ECO:0000255}.	774	swiss_prot
B9T536		0.463520	unannotated		551	swiss_prot
B9T625		0.449510	unannotated		738	swiss_prot
B9T825		0.280585	unannotated		587	swiss_prot
B9X0J1		0.590469	unannotated		761	swiss_prot
C0KWV3		0.296335	non-membrane	SL: Plastid, chloroplast {ECO:0000255}.	603	swiss_prot
C0KWV4		0.288913	non-membrane	SL: Plastid, chloroplast {ECO:0000255}.	603	swiss_prot
C0KWV5		0.323552	non-membrane	SL: Plastid, chloroplast {ECO:0000255}.	604	swiss_prot
C0KWV6		0.274714	non-membrane	SL: Plastid, chloroplast {ECO:0000255}.	603	swiss_prot
C0KWV7		0.323840	non-membrane	SL: Plastid, chloroplast {ECO:0000255}.	604	swiss_prot
C0PPM5		0.380002	unannotated		579	swiss_prot
C0PPR1		0.169216	non-membrane	SL: Plastid, chloroplast {ECO:0000255}.	626	swiss_prot
C0PT35		0.263690	non-membrane	SL: Plastid, chloroplast {ECO:0000255}.	612	swiss_prot
C0PTH8		0.291406	non-membrane	SL: Plastid, chloroplast {ECO:0000255}.	624	swiss_prot
C1K5M2		0.272087	non-membrane	SL: Plastid, chloroplast {ECO:0000269|PubMed:23134568}.	303	swiss_prot
C1K5M3		0.156718	non-membrane	SL: Plastid, chloroplast {ECO:0000305}.	778	swiss_prot
C3RSF5		0.320366	non-membrane	SL: Plastid, chloroplast {ECO:0000255}.	628	swiss_prot
C5H429		0.423411	non-membrane	SL: Cytoplasm, cytosol {ECO:0000269|PubMed:18495659}.	388	swiss_prot
C5I9X1		0.423051	non-membrane	SL: Cytoplasm, cytosol {ECO:0000250|UniProtKB:P20000}.	499	swiss_prot
C5YHH7		0.398349	non-membrane	SL: Cytoplasm {ECO:0000305}.	541	swiss_prot
C5YHI2		0.381225	non-membrane	SL: Cytoplasm {ECO:0000305}.	545	swiss_prot
C7ASI9		0.247417	non-membrane	SL: Plastid, chloroplast {ECO:0000305}.	627	swiss_prot
C7E5V7		0.387668	non-membrane	SL: Cytoplasm {ECO:0000305}.	534	swiss_prot
C7E5V8		0.395564	non-membrane	SL: Cytoplasm {ECO:0000305}.	533	swiss_prot
C7E5V9		0.394606	non-membrane	SL: Cytoplasm {ECO:0000305}.	533	swiss_prot
C7E5W0		0.373885	non-membrane	SL: Cytoplasm {ECO:0000305}.	533	swiss_prot
C7PLV2		0.326494	unannotated		321	swiss_prot
C8VE79		0.260222	membrane	"TRANSMEM 111..131; /note=""Helical""; /evidence=""ECO:0000255"""	683	swiss_prot
C8VE82		0.464280	unannotated		282	swiss_prot
C8VN91		0.264107	membrane	"TRANSMEM 25..45; /note=""Helical""; /evidence=""ECO:0000255"""	534	swiss_prot
C8VQ92		0.517690	unannotated		162	swiss_prot
C8VQ93		0.442938	unannotated		398	swiss_prot
C8VQ98		0.053446	membrane	"TRANSMEM 449..469; /note=""Helical""; /evidence=""ECO:0000255"""	479	swiss_prot
C8XPS0		0.377176	non-membrane	SL: Plastid, chloroplast {ECO:0000255}.	595	swiss_prot
C9E894		0.249149	membrane	TRANSMEM x2	415	swiss_prot
C9K1X5		0.257685	unannotated		307	swiss_prot
C9K1X6		0.178713	unannotated		459	swiss_prot
C9K1X7		0.264034	unannotated		459	swiss_prot
C9K2Q2		0.441492	unannotated		397	swiss_prot
C9K2Q3		0.334947	unannotated		697	swiss_prot
D0UZK2		0.561514	unannotated		548	swiss_prot
D0VMR5		0.528637	unannotated		547	swiss_prot
D0VMR6		0.549669	unannotated		547	swiss_prot
D0VMR7		0.515369	unannotated		547	swiss_prot
D0VMR8		0.527542	unannotated		547	swiss_prot
D1MX85		0.136464	membrane	"TRANSMEM 15..35; /note=""Helical""; /evidence=""ECO:0000255"""	527	swiss_prot
D1MX86		0.190581	membrane	"TRANSMEM 12..32; /note=""Helical""; /evidence=""ECO:0000255"""	525	swiss_prot
D1MX87		0.135887	membrane	"TRANSMEM 16..36; /note=""Helical""; /evidence=""ECO:0000255"""	523	swiss_prot
D1MX88		0.067216	membrane	"TRANSMEM 12..32; /note=""Helical""; /evidence=""ECO:0000255"""	495	swiss_prot
D1MX89		0.138064	membrane	"TRANSMEM 16..33; /note=""Helical""; /evidence=""ECO:0000255"""	517	swiss_prot
D2B747		0.376113	unannotated		330	swiss_prot
D2E9W6		0.168989	membrane	TRANSMEM x8	369	swiss_prot
D2K762		0.233190	membrane	TRANSMEM x2	415	swiss_prot
D2YZP9		0.422475	unannotated		550	swiss_prot
D3KYU2		0.076235	unannotated		481	swiss_prot
D3KYU3		0.296348	unannotated		300	swiss_prot
D5KXD2		0.422621	unannotated		548	swiss_prot
D5SJ87		0.067079	unannotated		545	swiss_prot
D5SK09		0.265814	unannotated		321	swiss_prot
D5SL78		0.130972	unannotated		329	swiss_prot
D7NJ68		0.404693	membrane	SL: Lipid droplet {ECO:0000250|UniProtKB:P38604}. Endoplasmic reticulum membrane {ECO:0000250|UniProtKB:P38604}; Peripheral membrane protein {ECO:0000250|UniProtKB:P38604}.	726	swiss_prot
D7PHY9		0.224416	unannotated		534	swiss_prot
D7PHZ0		0.370332	unannotated		388	swiss_prot
D7PHZ1		0.141019	unannotated		413	swiss_prot
D7PHZ2		0.223477	unannotated		1824	swiss_prot
D7PHZ3		0.254438	unannotated		723	swiss_prot
D7PHZ4		0.369408	unannotated		483	swiss_prot
D7PHZ5		0.498767	unannotated		349	swiss_prot
D7PHZ6		0.084717	membrane	"TRANSMEM 16..36; /note=""Helical""; /evidence=""ECO:0000255"""	520	swiss_prot
D7PHZ7		0.289474	unannotated		238	swiss_prot
D7PHZ8		0.378667	unannotated		307	swiss_prot
D7PHZ9		0.330587	unannotated		413	swiss_prot
D7UTD0		0.236855	unannotated		334	swiss_prot
D7UTD1		0.545012	unannotated		398	swiss_prot
D8RLD3		0.217188	unannotated		348	swiss_prot
D8RNZ9		0.133608	unannotated		368	swiss_prot
D8S255		0.196212	unannotated		353	swiss_prot
D9XD61		0.320608	unannotated		343	swiss_prot
D9XDR8		0.246136	unannotated		338	swiss_prot
E0D7H5		0.317525	unannotated		274	swiss_prot
E0D7H6		0.612240	unannotated		399	swiss_prot
E1XUJ2		0.135418	non-membrane	SL: Periplasm {ECO:0000305|PubMed:20663876}.	397	swiss_prot
E2E2N3		0.267484	non-membrane	SL: Plastid, chloroplast {ECO:0000255}.	595	swiss_prot
E2E2N4		0.253332	unannotated		554	swiss_prot
E2E2N5		0.303090	unannotated		554	swiss_prot
E2E2N7		0.403570	unannotated		555	swiss_prot
E2E2N8		0.354878	unannotated		563	swiss_prot
E2E2P0		0.257750	non-membrane	SL: Plastid, chloroplast {ECO:0000305}.	594	swiss_prot
E2E2P1		0.277094	non-membrane	SL: Plastid, chloroplast {ECO:0000255}.	601	swiss_prot
E2E2P2		0.261833	non-membrane	SL: Plastid, chloroplast {ECO:0000255}.	601	swiss_prot
E2IHE0		0.315803	non-membrane	SL: Plastid, chloroplast {ECO:0000305}.	808	swiss_prot
E2IUA6		0.596869	unannotated		779	swiss_prot
E2IUA7		0.636288	unannotated		767	swiss_prot
E2IUA8		0.639423	unannotated		767	swiss_prot
E2IUA9		0.658042	unannotated		765	swiss_prot
E2IUB0		0.529058	membrane	"TRANSMEM 609..629; /note=""Helical""; /evidence=""ECO:0000255"""	764	swiss_prot
E3UBL5		0.151441	membrane	TRANSMEM x7	356	swiss_prot
E3UBL6		0.224020	membrane	TRANSMEM x7	243	swiss_prot
E3VWJ0		0.380231	unannotated		337	swiss_prot
E3W202		0.280017	unannotated		569	swiss_prot
E3W203		0.273418	unannotated		569	swiss_prot
E3W204		0.278742	unannotated		569	swiss_prot
E3W205		0.437039	unannotated		576	swiss_prot
E3W206		0.395016	unannotated		576	swiss_prot
E3W207		0.455006	unannotated		559	swiss_prot
E3W208		0.455550	unannotated		562	swiss_prot
E4MYY0		0.297906	unannotated		338	swiss_prot
E4N7E5		0.244817	unannotated		320	swiss_prot
E4V6I8		0.299445	unannotated		735	swiss_prot
E7DN63		0.655336	unannotated		761	swiss_prot
E7DN64		0.613788	unannotated		763	swiss_prot
E8W6C7		0.325838	unannotated		356	swiss_prot
E9E766		0.277471	unannotated		349	swiss_prot
E9F5E7		0.204477	unannotated		2181	swiss_prot
E9F5E8		0.152390	membrane	TRANSMEM x4	173	swiss_prot
E9F5E9		0.557031	unannotated		337	swiss_prot
E9F5F0		0.281568	unannotated		322	swiss_prot
E9F5F1		0.157709	unannotated		509	swiss_prot
E9F8R9		0.215330	unannotated		355	swiss_prot
F0ZDD0		0.294671	unannotated		310	swiss_prot
F0ZHE2		0.350777	unannotated		331	swiss_prot
F0ZK52		0.353977	unannotated		341	swiss_prot
F0ZL92		0.344132	unannotated		333	swiss_prot
F0ZLU4		0.218323	unannotated		377	swiss_prot
F0ZPL2		0.396106	unannotated		317	swiss_prot
F1A1D4		0.213966	unannotated		366	swiss_prot
F1A1D6		0.284152	unannotated		360	swiss_prot
F1A3V1		0.315566	unannotated		329	swiss_prot
F1CKI6		0.244140	non-membrane	SL: Plastid, chloroplast {ECO:0000305}.	627	swiss_prot
F1CKI8		0.223720	non-membrane	SL: Plastid, chloroplast {ECO:0000305}.	627	swiss_prot
F1CKI9		0.229304	non-membrane	SL: Plastid, chloroplast {ECO:0000305}.	627	swiss_prot
F1CKJ1		0.217271	non-membrane	SL: Plastid, chloroplast {ECO:0000305}.	627	swiss_prot
F1SWA0		0.709291	unannotated		267	swiss_prot
F2XF92		0.368258	non-membrane	SL: Plastid, chloroplast {ECO:0000255}.	874	swiss_prot
F2XF93		0.163773	non-membrane	SL: Plastid, chloroplast {ECO:0000255}.	627	swiss_prot
F2XF94		0.238072	non-membrane	SL: Plastid, chloroplast {ECO:0000255}.	627	swiss_prot
F2XF95		0.300740	non-membrane	SL: Plastid, chloroplast {ECO:0000255}.	627	swiss_prot
F2XF96		0.304475	non-membrane	SL: Plastid, chloroplast {ECO:0000255}.	627	swiss_prot
F2XF97		0.368527	unannotated		575	swiss_prot
F2XF98		0.277228	non-membrane	SL: Plastid, chloroplast {ECO:0000255}.	612	swiss_prot
F2XF99		0.354785	unannotated		580	swiss_prot
F2XFA0		0.376400	unannotated		578	swiss_prot
F2XFA1		0.299921	non-membrane	SL: Plastid, chloroplast {ECO:0000255}.	624	swiss_prot
F2XFA2		0.264359	non-membrane	SL: Plastid, chloroplast {ECO:0000255}.	612	swiss_prot
F2XFA4		0.293443	non-membrane	SL: Plastid, chloroplast {ECO:0000255}.	624	swiss_prot
F2XFA5		0.295462	non-membrane	SL: Plastid, chloroplast {ECO:0000255}.	624	swiss_prot
F2XFA6		0.151842	non-membrane	SL: Plastid, chloroplast {ECO:0000255}.	627	swiss_prot
F2XFA8		0.295853	non-membrane	SL: Plastid, chloroplast {ECO:0000255}.	627	swiss_prot
F2XFB2		0.347352	non-membrane	SL: Plastid, chloroplast {ECO:0000255}.	859	swiss_prot
F4Q7D4		0.331304	unannotated		338	swiss_prot
F6M8H4		0.445334	unannotated		559	swiss_prot
F6M8H5		0.397392	unannotated		562	swiss_prot
F6M8H6		0.412645	unannotated		562	swiss_prot
F6M8H7		0.423861	unannotated		562	swiss_prot
F6M8H8		0.279611	unannotated		569	swiss_prot
F6M8I0		0.433551	unannotated		576	swiss_prot
F8JK18		0.083331	unannotated		367	swiss_prot
F8JSS1		0.057952	unannotated		532	swiss_prot
F8UL80		0.355525	unannotated		559	swiss_prot
F8UL81		0.534080	unannotated		548	swiss_prot
F8WQD0		0.535109	unannotated		761	swiss_prot
G0Y7D1		0.429868	non-membrane	SL: Plastid, chloroplast {ECO:0000255}.	582	swiss_prot
G0Y7D2		0.364252	non-membrane	SL: Plastid, chloroplast {ECO:0000255}.	580	swiss_prot
G0Y7D3		0.371179	non-membrane	SL: Plastid, chloroplast {ECO:0000255}.	580	swiss_prot
G1DGI7		0.416555	unannotated		750	swiss_prot
G1JUH1		0.179328	non-membrane	SL: Plastid, chloroplast {ECO:0000255}.	607	swiss_prot
G2P5T1		0.105953	unannotated		384	swiss_prot
G3CCC0		0.270173	non-membrane	SL: Plastid, chloroplast {ECO:0000250}.	802	swiss_prot
G3CCC1		0.230430	non-membrane	SL: Plastid, chloroplast {ECO:0000250}.	792	swiss_prot
G3E4M4		0.218525	non-membrane	SL: Plastid, chloroplast {ECO:0000255}.	794	swiss_prot
G3E4M6		0.403665	unannotated		710	swiss_prot
G5CV45		0.508164	non-membrane	SL: Cytoplasm {ECO:0000305}.	548	swiss_prot
G5CV46		0.352524	non-membrane	SL: Cytoplasm {ECO:0000305}.	555	swiss_prot
G5CV52		0.347508	unannotated		554	swiss_prot
G5CV54		0.379133	unannotated		568	swiss_prot
G8GJ94		0.293034	non-membrane	SL: Plastid, chloroplast {ECO:0000269|PubMed:22834731}.	575	swiss_prot
G8GJ95		0.450511	non-membrane	SL: Plastid, chloroplast {ECO:0000250|UniProtKB:G8GJ96}.	785	swiss_prot
G8GJ96		0.421308	non-membrane	SL: Plastid, chloroplast {ECO:0000269|PubMed:22834731}.	784	swiss_prot
G8H5M7		0.384642	unannotated		544	swiss_prot
G8H5M8		0.399968	unannotated		545	swiss_prot
G8H5M9		0.365723	unannotated		554	swiss_prot
G8H5N0		0.319968	unannotated		554	swiss_prot
G8H5N1		0.343413	unannotated		554	swiss_prot
G8H5N2		0.434100	unannotated		540	swiss_prot
G8H5N3		0.434085	unannotated		553	swiss_prot
G9MAN7		0.270831	non-membrane	SL: Plastid, chloroplast {ECO:0000305}.	867	swiss_prot
H1VM35		0.065657	membrane	"TRANSMEM 447..463; /note=""Helical""; /evidence=""ECO:0000255"""	470	swiss_prot
H1VN83		0.294046	unannotated		268	swiss_prot
H1VQB1		0.503340	unannotated		322	swiss_prot
H1VQW0		0.213939	unannotated		473	swiss_prot
H1ZV37		0.262200	unannotated		478	swiss_prot
H1ZV38		0.336001	unannotated		373	swiss_prot
H2DH23		0.205749	unannotated		245	swiss_prot
H2ELN1		0.857214	non-membrane	SL: Plastid, chloroplast {ECO:0000255}.	522	swiss_prot
H2KWF1		0.392754	membrane	"TRANSMEM 118..138; /note=""Helical""; /evidence=""ECO:0000255"""	759	swiss_prot
H3JQW0		0.318932	unannotated		545	swiss_prot
H6U1I8		0.111718	non-membrane	SL: Secreted, extracellular space {ECO:0000269|PubMed:22385412}.	365	swiss_prot
H6VLG5		0.261915	non-membrane	SL: Plastid, chloroplast {ECO:0000255}.	811	swiss_prot
H6WZF2		0.489465	non-membrane	SL: Plastid, chloroplast {ECO:0000255}.	543	swiss_prot
H7CE84		0.517241	unannotated		453	swiss_prot
H8ZM70		0.926262	non-membrane	SL: Plastid, chloroplast {ECO:0000250}.	844	swiss_prot
H8ZM71		0.761421	non-membrane	SL: Plastid, chloroplast {ECO:0000250}.	852	swiss_prot
H8ZM73		0.307876	non-membrane	SL: Plastid, chloroplast {ECO:0000250}.	867	swiss_prot
H9L9E5		0.404135	unannotated		556	swiss_prot
I1M2G5		0.340622	non-membrane	SL: Plastid, chloroplast {ECO:0000269|PubMed:24124526}.	534	swiss_prot
I1RL11		0.220888	unannotated		2172	swiss_prot
I1RL12		0.296615	unannotated		298	swiss_prot
I1RL13		0.143509	membrane	"TRANSMEM 23..43; /note=""Helical""; /evidence=""ECO:0000255"""	481	swiss_prot
I1RL14		0.339956	unannotated		368	swiss_prot
I1RL15		0.249885	membrane	"TRANSMEM 9..31; /note=""Helical""; /evidence=""ECO:0000255"""	349	swiss_prot
I1RL16		0.146852	membrane	TRANSMEM x7	330	swiss_prot
I1RL18		0.341034	unannotated		378	swiss_prot
I1RQ76		0.149851	membrane	TRANSMEM x3	500	swiss_prot
I1S104		0.419574	unannotated		339	swiss_prot
I1ZHA5		0.316154	unannotated		603	swiss_prot
I2N045		0.312368	unannotated		332	swiss_prot
I6QPS5		0.467845	unannotated		549	swiss_prot
I6QSN0		0.322668	unannotated		563	swiss_prot
I6R4V5		0.425988	unannotated		546	swiss_prot
I6RAQ6		0.554315	unannotated		547	swiss_prot
I6RE61		0.308821	non-membrane	SL: Plastid, chloroplast {ECO:0000255}.	596	swiss_prot
I7GPX8		0.250423	non-membrane	SL: Mitochondrion {ECO:0000269|PubMed:23072391}.	595	swiss_prot
I7H727		0.509090	unannotated		556	swiss_prot
J7FIJ6		0.131594	membrane	TRANSMEM x6	239	swiss_prot
J7FIP8		0.145327	unannotated		498	swiss_prot
J7FIP9		0.140291	membrane	TRANSMEM x5	259	swiss_prot
J7FIX8		0.307420	unannotated		334	swiss_prot
J7FJH0		0.135370	membrane	TRANSMEM x5	283	swiss_prot
J7FJH1		0.174400	membrane	"TRANSMEM 11..31; /note=""Helical""; /evidence=""ECO:0000255"""	529	swiss_prot
J7FJH2		0.275456	unannotated		367	swiss_prot
J7FK08		0.544709	unannotated		427	swiss_prot
J7FK10		0.087437	membrane	"TRANSMEM 448..468; /note=""Helical""; /evidence=""ECO:0000255"""	491	swiss_prot
J7LH11		0.404548	unannotated		546	swiss_prot
J7LJN5		0.547863	unannotated		555	swiss_prot
J7LMP2		0.478529	unannotated		565	swiss_prot
J7LP58		0.418051	unannotated		564	swiss_prot
J7LQ09		0.405279	unannotated		542	swiss_prot
J9QS23		0.390128	unannotated		739	swiss_prot
J9QS25		0.201632	unannotated		367	swiss_prot
J9R1J8		0.215952	unannotated		349	swiss_prot
J9R388		0.404773	unannotated		740	swiss_prot
J9R393		0.194991	unannotated		358	swiss_prot
J9R5V4		0.321368	unannotated		562	swiss_prot
J9RLZ7		0.406503	unannotated		563	swiss_prot
K0K750		0.148692	unannotated		353	swiss_prot
K2QVI4		0.070664	membrane	"TRANSMEM 448..468; /note=""Helical""; /evidence=""ECO:0000255"""	472	swiss_prot
K2QVI8		0.318876	unannotated		2214	swiss_prot
K2RGJ8		0.264245	unannotated		196	swiss_prot
K2RLM2		0.132241	membrane	"TRANSMEM 4..24; /note=""Helical""; /evidence=""ECO:0000255"""	337	swiss_prot
K2RLM6		0.236934	unannotated		175	swiss_prot
K2RU64		0.194890	membrane	TRANSMEM x7	243	swiss_prot
K2RU68		0.139124	unannotated		203	swiss_prot
K2SUY0		0.309963	unannotated		698	swiss_prot
K4B6C9		0.878972	non-membrane	SL: Nucleus {ECO:0000269|PubMed:24142382}.	351	swiss_prot
K4IAL8		0.199140	non-membrane	SL: Plastid, chloroplast {ECO:0000255}.	774	swiss_prot
K4L9M2		0.404996	non-membrane	SL: Cytoplasm {ECO:0000305}.	561	swiss_prot
K4LMW2		0.401023	non-membrane	SL: Cytoplasm {ECO:0000305}.	561	swiss_prot
K7NBZ9		0.482800	unannotated		759	swiss_prot
K7WDC8		0.378266	non-membrane	SL: Cytoplasm {ECO:0000250|UniProtKB:Q6Q3H2}.	297	swiss_prot
K7WDL7		0.353072	non-membrane	SL: Cytoplasm, cytosol {ECO:0000269|PubMed:23172143}.	388	swiss_prot
K7WQ45		0.251248	non-membrane	SL: Plastid, chloroplast {ECO:0000269|PubMed:23134568}.	314	swiss_prot
K9Y645		0.289422	non-membrane	SL: Plastid, chloroplast {ECO:0000255}.	596	swiss_prot
K9Y6Y9		0.307409	non-membrane	SL: Plastid, chloroplast {ECO:0000255}.	596	swiss_prot
L0HAM7		0.251170	non-membrane	SL: Plastid, chloroplast {ECO:0000255}.	603	swiss_prot
L0HB77		0.236488	non-membrane	SL: Plastid, chloroplast {ECO:0000255}.	597	swiss_prot
L0MXJ1		0.109604	membrane	"TRANSMEM 34..56; /note=""Helical""; /evidence=""ECO:0000255"""	526	swiss_prot
L0MXJ3		0.104124	membrane	TRANSMEM x9	497	swiss_prot
L0MXX3		0.508290	unannotated		427	swiss_prot
L0MYS5		0.219295	membrane	"TRANSMEM 7..29; /note=""Helical""; /evidence=""ECO:0000255"""	511	swiss_prot
L0MYS8		0.191882	membrane	"TRANSMEM 16..36; /note=""Helical""; /evidence=""ECO:0000255"""	519	swiss_prot
L0MZK0		0.422835	unannotated		406	swiss_prot
L0MZK4		0.203494	unannotated		490	swiss_prot
L0N063		0.187197	membrane	"TRANSMEM 16..36; /note=""Helical""; /evidence=""ECO:0000255"""	524	swiss_prot
L0N065		0.160791	membrane	"TRANSMEM 12..29; /note=""Helical""; /evidence=""ECO:0000255"""	518	swiss_prot
M1UZ07		0.331157	unannotated		337	swiss_prot
M1UZ09		0.606854	unannotated		433	swiss_prot
M1V8J8		0.232593	membrane	"TRANSMEM 21..43; /note=""Helical""; /evidence=""ECO:0000255"""	526	swiss_prot
M1V8K0		0.094296	membrane	"TRANSMEM 2..22; /note=""Helical""; /evidence=""ECO:0000255"""	501	swiss_prot
M1V9Q0		0.289164	unannotated		371	swiss_prot
M1VDX3		0.280469	unannotated		343	swiss_prot
M1VE36		0.096089	membrane	"TRANSMEM 441..461; /note=""Helical""; /evidence=""ECO:0000255"""	473	swiss_prot
M1VJS5		0.192551	membrane	TRANSMEM x7	241	swiss_prot
M1VNH2		0.126702	membrane	"TRANSMEM 10..30; /note=""Helical""; /evidence=""ECO:0000255"""	555	swiss_prot
M2SPA3		0.304411	unannotated		325	swiss_prot
M2T7Z1		0.107023	unannotated		518	swiss_prot
M2U578		0.282119	unannotated		704	swiss_prot
M2UJ60		0.142870	membrane	"TRANSMEM 13..33; /note=""Helical""; /evidence=""ECO:0000255"""	525	swiss_prot
M2URK9		0.185749	unannotated		483	swiss_prot
M2V0Z8		0.133275	unannotated		506	swiss_prot
M2V8C1		0.399400	unannotated		721	swiss_prot
M2V933		0.281244	membrane	TRANSMEM x3	524	swiss_prot
M4HXU6		0.354048	non-membrane	SL: Plastid, chloroplast {ECO:0000255}.	857	swiss_prot
M4HXW5		0.280147	non-membrane	SL: Plastid, chloroplast {ECO:0000255}.	876	swiss_prot
M4HY05		0.361365	non-membrane	SL: Plastid, chloroplast {ECO:0000255}.	857	swiss_prot
M4HY08		0.233341	unannotated		868	swiss_prot
M4HYC6		0.315883	non-membrane	SL: Plastid, chloroplast {ECO:0000255}.	850	swiss_prot
M4HYC8		0.219161	unannotated		868	swiss_prot
M4HYP3		0.273922	non-membrane	SL: Plastid, chloroplast {ECO:0000255}.	876	swiss_prot
M4I1C6		0.710233	non-membrane	SL: Cytoplasm {ECO:0000269|PubMed:26138978}.	150	swiss_prot
M4VQY9		0.130297	membrane	TRANSMEM x6	289	swiss_prot
M5AW86		0.339950	unannotated		352	swiss_prot
M5AWY0		0.401316	unannotated		363	swiss_prot
N4V6D4		0.249656	unannotated		712	swiss_prot
N6Z5E2		0.296888	membrane	TRANSMEM x4	644	swiss_prot
O04408		0.235373	non-membrane	SL: Plastid, chloroplast.	801	swiss_prot
O13284		0.155806	unannotated		946	swiss_prot
O13306		0.216496	membrane	TRANSMEM x3	489	swiss_prot
O13489		0.445683	unannotated		385	swiss_prot
O22184		0.261021	non-membrane	SL: Cytoplasm {ECO:0000305}.	596	swiss_prot
O22340		0.231029	non-membrane	SL: Plastid, chloroplast.	637	swiss_prot
O23390		0.501986	unannotated		759	swiss_prot
O23651		0.211740	non-membrane	SL: Cytoplasm {ECO:0000305}.	598	swiss_prot
O23945		0.418738	non-membrane	SL: Cytoplasm, cytosol {ECO:0000269|PubMed:15522848}.	556	swiss_prot
O24474		0.283846	non-membrane	SL: Plastid, chloroplast.	627	swiss_prot
O24475		0.388091	non-membrane	SL: Plastid, chloroplast.	628	swiss_prot
O34707		0.314466	unannotated		367	swiss_prot
O48651		0.223210	membrane	TRANSMEM x3	539	swiss_prot
O48666		0.285473	membrane	TRANSMEM x2	415	swiss_prot
O48935		0.380337	non-membrane	SL: Cytoplasm {ECO:0000305}.	550	swiss_prot
O49853		0.434890	unannotated		554	swiss_prot
O50406		0.325387	unannotated		501	swiss_prot
O59947		0.477695	unannotated		383	swiss_prot
O64404		0.361174	non-membrane	SL: Cytoplasm {ECO:0000305}.	581	swiss_prot
O64405		0.354033	non-membrane	SL: Cytoplasm {ECO:0000305}.	593	swiss_prot
O64961		0.323923	non-membrane	SL: Cytoplasm {ECO:0000305}.	548	swiss_prot
O65323		0.346026	non-membrane	SL: Cytoplasm {ECO:0000305}.	559	swiss_prot
O65402		0.189867	membrane	TRANSMEM x3	517	swiss_prot
O65403		0.165534	membrane	TRANSMEM x3	516	swiss_prot
O65404		0.178874	membrane	TRANSMEM x3	516	swiss_prot
O65434		0.290932	non-membrane	SL: Cytoplasm {ECO:0000305}.	604	swiss_prot
O65435		0.353300	non-membrane	SL: Plastid {ECO:0000269|PubMed:23512856}.	600	swiss_prot
O65726		0.102206	membrane	TRANSMEM x3	518	swiss_prot
O65727		0.220624	membrane	TRANSMEM x3	506	swiss_prot
O74165		0.236783	membrane	TRANSMEM x2	443	swiss_prot
O81000		0.171801	membrane	TRANSMEM x4	585	swiss_prot
O81086		0.422656	non-membrane	SL: Cytoplasm {ECO:0000305}.	817	swiss_prot
O81191		0.203439	non-membrane	SL: Plastid, chloroplast.	591	swiss_prot
O81192		0.241806	non-membrane	SL: Plastid, chloroplast.	598	swiss_prot
O81193		0.282869	non-membrane	SL: Plastid, chloroplast.	590	swiss_prot
O82139		0.572807	membrane	"TRANSMEM 122..142; /note=""Helical""; /evidence=""ECO:0000255"""	758	swiss_prot
O82140		0.649585	membrane	SL: Endoplasmic reticulum membrane {ECO:0000250|UniProtKB:P48449}; Peripheral membrane protein {ECO:0000250|UniProtKB:P48449}.	763	swiss_prot
O82146		0.603391	membrane	SL: Endoplasmic reticulum membrane {ECO:0000250|UniProtKB:P48449}; Peripheral membrane protein {ECO:0000250|UniProtKB:P48449}.	761	swiss_prot
P00183		0.360605	non-membrane	SL: Cytoplasm {ECO:0000250}.	415	swiss_prot
P09347		0.410384	unannotated		361	swiss_prot
P0C565		0.433639	non-membrane	SL: Plastid, chloroplast {ECO:0000269|PubMed:25378387}.	393	swiss_prot
P0C8Y0		0.530473	unannotated		769	swiss_prot
P0CJ42		0.155264	non-membrane	SL: Plastid, chloroplast {ECO:0000305}.	66	swiss_prot
P0CJ43		0.286845	non-membrane	SL: Plastid, chloroplast {ECO:0000269|PubMed:20463089}.	589	swiss_prot
P0CU77		0.176095	membrane	TRANSMEM x8	368	swiss_prot
P0CV94		0.469832	non-membrane	SL: Cytoplasm, cytosol {ECO:0000269|PubMed:15522848}.	519	swiss_prot
P0CV95		0.291750	non-membrane	SL: Mitochondrion {ECO:0000269|PubMed:15522848}. Plastid, chloroplast {ECO:0000269|PubMed:15522848}.	578	swiss_prot
P0CV96		0.314698	non-membrane	SL: Plastid, chloroplast {ECO:0000269|PubMed:15522848}.	580	swiss_prot
P0CV97		0.492979	unannotated		252	swiss_prot
P0DI76		0.256811	non-membrane	SL: Plastid, chloroplast {ECO:0000305}.	600	swiss_prot
P0DI77		0.256811	non-membrane	SL: Plastid, chloroplast {ECO:0000305}.	600	swiss_prot
P0DL13		0.384703	unannotated		345	swiss_prot
P0DO35		0.127137	membrane	"TRANSMEM 1..21; /note=""Helical; Signal-anchor for type II membrane protein""; /evidence=""ECO:0000255"""	496	swiss_prot
P0DO36		0.117517	membrane	"TRANSMEM 1..21; /note=""Helical; Signal-anchor for type II membrane protein""; /evidence=""ECO:0000255"""	496	swiss_prot
P0DO37		0.110387	membrane	"TRANSMEM 1..21; /note=""Helical; Signal-anchor for type II membrane protein""; /evidence=""ECO:0000255"""	496	swiss_prot
P0DO38		0.113735	membrane	"TRANSMEM 1..21; /note=""Helical; Signal-anchor for type II membrane protein""; /evidence=""ECO:0000255"""	496	swiss_prot
P0DO39		0.111515	membrane	"TRANSMEM 1..21; /note=""Helical; Signal-anchor for type II membrane protein""; /evidence=""ECO:0000255"""	496	swiss_prot
P0DO40		0.113344	membrane	"TRANSMEM 1..21; /note=""Helical; Signal-anchor for type II membrane protein""; /evidence=""ECO:0000255"""	496	swiss_prot
P0DO41		0.120917	membrane	"TRANSMEM 1..21; /note=""Helical; Signal-anchor for type II membrane protein""; /evidence=""ECO:0000255"""	496	swiss_prot
P0DO42		0.119358	membrane	"TRANSMEM 1..21; /note=""Helical; Signal-anchor for type II membrane protein""; /evidence=""ECO:0000255"""	496	swiss_prot
P0DO46		0.552246	unannotated		430	swiss_prot
P0DO47		0.249363	unannotated		405	swiss_prot
P0DO48		0.361531	unannotated		498	swiss_prot
P0DPK6		0.244859	unannotated		359	swiss_prot
P0DXI1		0.391844	unannotated		774	swiss_prot
P0DXI2		0.579156	unannotated		762	swiss_prot
P0DXW0		0.117716	membrane	TRANSMEM x8	342	swiss_prot
P0DXW1		0.123614	membrane	TRANSMEM x8	337	swiss_prot
P0DY22		0.252184	unannotated		604	swiss_prot
P0DY23		0.221739	membrane	TRANSMEM x6	242	swiss_prot
P11712		0.253683	membrane	SL: Endoplasmic reticulum membrane; Peripheral membrane protein. Microsome membrane {ECO:0000269|PubMed:21576599}; Peripheral membrane protein.	490	swiss_prot
P13513		0.385630	unannotated		374	swiss_prot
P16640		0.322779	unannotated		422	swiss_prot
P22871		0.305727	unannotated		492	swiss_prot
P27679		0.271995	unannotated		383	swiss_prot
P29704		0.266612	membrane	"TRANSMEM 421..441; /note=""Helical""; /evidence=""ECO:0000255"""	444	swiss_prot
P32476		0.287316	membrane	TRANSMEM x2	496	swiss_prot
P33247		0.388263	membrane	SL: Cell membrane; Peripheral membrane protein {ECO:0000269|PubMed:2253626, ECO:0000269|Ref.6}. Note=Seems to be anchored in the membrane by strong hydrophobic interactions but is not an integral membrane protein. {ECO:0000269|PubMed:2253626, ECO:0000269|Ref.6}.	631	swiss_prot
P33261		0.275137	membrane	SL: Endoplasmic reticulum membrane; Peripheral membrane protein. Microsome membrane; Peripheral membrane protein.	490	swiss_prot
P33990		0.307897	membrane	SL: Cell membrane {ECO:0000250}; Peripheral membrane protein {ECO:0000250}.	658	swiss_prot
P36596		0.248844	membrane	"TRANSMEM 425..445; /note=""Helical""; /evidence=""ECO:0000255"""	460	swiss_prot
P37268		0.361866	membrane	TRANSMEM x2	417	swiss_prot
P38604		0.373725	membrane	SL: Lipid droplet {ECO:0000269|PubMed:11706015}. Endoplasmic reticulum membrane {ECO:0000269|PubMed:11706015, ECO:0000269|PubMed:14562095}; Peripheral membrane protein {ECO:0000269|PubMed:11706015}. Note=Predominantly in lipid particles. {ECO:0000269|PubMed:11706015}.	731	swiss_prot
P38605		0.650764	unannotated		759	swiss_prot
P40805		0.361681	non-membrane	SL: Cytoplasm {ECO:0000269|PubMed:17190806}.	259	swiss_prot
P48449		0.328845	membrane	SL: Endoplasmic reticulum membrane {ECO:0000269|PubMed:14766201, ECO:0000269|PubMed:15525992, ECO:0000269|PubMed:30401459}; Peripheral membrane protein {ECO:0000269|PubMed:14766201, ECO:0000269|PubMed:15525992}.	732	swiss_prot
P48450		0.304304	membrane	SL: Endoplasmic reticulum membrane {ECO:0000250|UniProtKB:P48449}; Peripheral membrane protein {ECO:0000250|UniProtKB:P48449}.	733	swiss_prot
P49350		0.727296	non-membrane	SL: Cytoplasm {ECO:0000250|UniProtKB:O14230}. Nucleus {ECO:0000250|UniProtKB:O14230}.	343	swiss_prot
P52019		0.178586	membrane	SL: Microsome membrane {ECO:0000250|UniProtKB:P52020}; Peripheral membrane protein {ECO:0000250|UniProtKB:Q14534}. Endoplasmic reticulum membrane {ECO:0000250|UniProtKB:Q14534}; Peripheral membrane protein {ECO:0000250|UniProtKB:Q14534}.	572	swiss_prot
P52020		0.190278	membrane	SL: Microsome membrane {ECO:0000269|PubMed:7814369}; Peripheral membrane protein {ECO:0000250|UniProtKB:Q14534}. Endoplasmic reticulum membrane; Peripheral membrane protein {ECO:0000250|UniProtKB:Q14534}.	573	swiss_prot
P53798		0.347836	membrane	TRANSMEM x2	416	swiss_prot
P53799		0.282097	membrane	TRANSMEM x2	410	swiss_prot
P53800		0.232181	membrane	TRANSMEM x2	411	swiss_prot
P54924		0.198937	membrane	SL: Cell membrane {ECO:0000250}; Peripheral membrane protein {ECO:0000250}.	660	swiss_prot
P54980		0.234438	unannotated		518	swiss_prot
P55348		0.235087	unannotated		647	swiss_prot
P55537		0.260255	unannotated		301	swiss_prot
P55538		0.268303	unannotated		516	swiss_prot
P59287		0.351666	non-membrane	SL: Plastid, chloroplast.	601	swiss_prot
P59954		0.182084	unannotated		461	swiss_prot
P62623		0.416483	unannotated		316	swiss_prot
P77735		0.468238	unannotated		324	swiss_prot
P78589		0.236397	membrane	"TRANSMEM 420..440; /note=""Helical""; /evidence=""ECO:0000255"""	448	swiss_prot
P82679		0.508371	unannotated		31	swiss_prot
P84466		0.297116	membrane	SL: Endoplasmic reticulum membrane {ECO:0000250|UniProtKB:P48449}; Peripheral membrane protein {ECO:0000250|UniProtKB:P48449}.	732	swiss_prot
P85964		0.872275	non-membrane	SL: Cytoplasm {ECO:0000250}.	66	swiss_prot
P93665		0.415529	unannotated		554	swiss_prot
P9WEE6		0.221293	membrane	TRANSMEM x5	283	swiss_prot
P9WEE7		0.282692	unannotated		348	swiss_prot
P9WEE8		0.121069	membrane	"TRANSMEM 24..44; /note=""Helical""; /evidence=""ECO:0000255"""	510	swiss_prot
P9WEE9		0.178268	membrane	"TRANSMEM 2..24; /note=""Helical""; /evidence=""ECO:0000255"""	575	swiss_prot
P9WEF0		0.303934	unannotated		591	swiss_prot
P9WEF8		0.311156	unannotated		344	swiss_prot
P9WEG0		0.130656	membrane	"TRANSMEM 3..23; /note=""Helical""; /evidence=""ECO:0000255"""	515	swiss_prot
P9WEG1		0.279633	unannotated		2493	swiss_prot
P9WEG2		0.356955	unannotated		377	swiss_prot
P9WEG3		0.546227	unannotated		442	swiss_prot
P9WEG4		0.514237	unannotated		401	swiss_prot
P9WEG5		0.068683	membrane	TRANSMEM x2	493	swiss_prot
P9WEG7		0.154485	membrane	TRANSMEM x8	349	swiss_prot
P9WEG8		0.072410	membrane	TRANSMEM x6	419	swiss_prot
P9WEG9		0.136968	membrane	"TRANSMEM 28..48; /note=""Helical""; /evidence=""ECO:0000255"""	578	swiss_prot
P9WEH0		0.147483	membrane	"TRANSMEM 3..23; /note=""Helical""; /evidence=""ECO:0000255"""	547	swiss_prot
P9WEH1		0.203504	unannotated		1338	swiss_prot
P9WEH2		0.119828	unannotated		585	swiss_prot
P9WEH3		0.150300	membrane	"TRANSMEM 4..24; /note=""Helical""; /evidence=""ECO:0000255"""	529	swiss_prot
P9WEP0		0.361749	unannotated		710	swiss_prot
P9WEP1		0.144998	membrane	"TRANSMEM 38..58; /note=""Helical""; /evidence=""ECO:0000255"""	548	swiss_prot
P9WEP2		0.154302	unannotated		197	swiss_prot
P9WEP3		0.535019	non-membrane	SL: Peroxisome matrix {ECO:0000305|PubMed:30090271}.	302	swiss_prot
P9WEP4		0.163490	membrane	TRANSMEM x14	579	swiss_prot
P9WEQ0		0.229126	unannotated		2443	swiss_prot
P9WEQ1		0.107911	membrane	"TRANSMEM 5..27; /note=""Helical""; /evidence=""ECO:0000255"""	491	swiss_prot
P9WEQ2		0.686120	unannotated		333	swiss_prot
P9WEQ3		0.245689	membrane	TRANSMEM x7	241	swiss_prot
P9WEQ4		0.042215	membrane	"TRANSMEM 9..29; /note=""Helical""; /evidence=""ECO:0000255"""	465	swiss_prot
P9WEQ5		0.387655	unannotated		258	swiss_prot
P9WEQ6		0.107377	membrane	"TRANSMEM 15..35; /note=""Helical""; /evidence=""ECO:0000255"""	493	swiss_prot
P9WEQ7		0.194790	membrane	TRANSMEM x9	330	swiss_prot
P9WEQ8		0.287850	unannotated		546	swiss_prot
P9WEQ9		0.191540	membrane	"TRANSMEM 21..43; /note=""Helical""; /evidence=""ECO:0000255"""	527	swiss_prot
P9WER0		0.348809	unannotated		375	swiss_prot
P9WER1		0.372043	unannotated		421	swiss_prot
P9WER2		0.230287	membrane	"TRANSMEM 4..24; /note=""Helical""; /evidence=""ECO:0000255"""	504	swiss_prot
P9WER3		0.220886	unannotated		245	swiss_prot
P9WER4		0.074337	membrane	TRANSMEM x15	1481	swiss_prot
P9WER5		0.366527	unannotated		671	swiss_prot
P9WER6		0.208664	unannotated		716	swiss_prot
P9WEV2		0.311154	unannotated		778	swiss_prot
P9WEV3		0.204709	membrane	"TRANSMEM 24..44; /note=""Helical""; /evidence=""ECO:0000255"""	530	swiss_prot
P9WEV6		0.322110	unannotated		728	swiss_prot
P9WEV7		0.216121	unannotated		744	swiss_prot
P9WEW0		0.388107	unannotated		351	swiss_prot
P9WEW1		0.314930	unannotated		350	swiss_prot
P9WEW2		0.395953	unannotated		369	swiss_prot
P9WEW7		0.280524	membrane	TRANSMEM x8	345	swiss_prot
P9WEW8		0.464409	unannotated		324	swiss_prot
P9WEW9		0.450948	unannotated		270	swiss_prot
P9WEX0		0.182815	unannotated		2159	swiss_prot
P9WEX1		0.177551	membrane	TRANSMEM x7	243	swiss_prot
P9WEX2		0.218931	membrane	TRANSMEM x8	336	swiss_prot
P9WEX3		0.527940	unannotated		332	swiss_prot
P9WEX4		0.094762	membrane	"TRANSMEM 441..461; /note=""Helical""; /evidence=""ECO:0000255"""	476	swiss_prot
P9WEX5		0.186433	unannotated		473	swiss_prot
P9WEX6		0.206388	unannotated		2181	swiss_prot
P9WEX7		0.164865	membrane	TRANSMEM x6	243	swiss_prot
P9WEX8		0.102271	membrane	TRANSMEM x8	295	swiss_prot
P9WEX9		0.562796	unannotated		331	swiss_prot
P9WEY0		0.191402	membrane	TRANSMEM x7	242	swiss_prot
P9WEY1		0.121431	membrane	"TRANSMEM 440..460; /note=""Helical""; /evidence=""ECO:0000255"""	472	swiss_prot
P9WEY2		0.166616	unannotated		509	swiss_prot
P9WEY4		0.253005	unannotated		337	swiss_prot
P9WEY5		0.258539	unannotated		353	swiss_prot
P9WEY6		0.249809	unannotated		347	swiss_prot
P9WEY7		0.368506	unannotated		334	swiss_prot
P9WPN2		0.182084	unannotated		461	swiss_prot
P9WPN3		0.186617	unannotated		461	swiss_prot
Q00835		0.382634	unannotated		377	swiss_prot
Q00870		0.217718	non-membrane	SL: Secreted {ECO:0000269|PubMed:1366757, ECO:0000269|PubMed:7655061}.	350	swiss_prot
Q00909		0.404604	unannotated		375	swiss_prot
Q00G37		0.254715	unannotated		830	swiss_prot
Q02769		0.362548	membrane	TRANSMEM x2	416	swiss_prot
Q03471		0.286883	unannotated		342	swiss_prot
Q04782		0.360342	membrane	SL: Lipid droplet {ECO:0000250|UniProtKB:P38604}. Endoplasmic reticulum membrane {ECO:0000250|UniProtKB:P38604}; Peripheral membrane protein {ECO:0000250|UniProtKB:P38604}. Note=Predominantly in lipid particles. {ECO:0000250|UniProtKB:P38604}.	728	swiss_prot
Q08IT1		0.436173	membrane	"TRANSMEM 612..632; /note=""Helical""; /evidence=""ECO:0000255"""	769	swiss_prot
Q0C898		0.343296	unannotated		233	swiss_prot
Q0C899		0.030783	unannotated		397	swiss_prot
Q0C8A0		0.489019	unannotated		286	swiss_prot
Q0C8A1		0.175927	membrane	"TRANSMEM 10..30; /note=""Helical""; /evidence=""ECO:0000255"""	489	swiss_prot
Q0C8A2		0.559073	unannotated		142	swiss_prot
Q0C8A3		0.565510	unannotated		279	swiss_prot
Q0C8A4		0.167439	unannotated		2422	swiss_prot
Q0C8A5		0.329705	unannotated		648	swiss_prot
Q0C8A6		0.189667	membrane	TRANSMEM x9	342	swiss_prot
Q0C8A7		0.190176	membrane	TRANSMEM x5	204	swiss_prot
Q0C9L5		0.128421	membrane	TRANSMEM x8	348	swiss_prot
Q0CPG7		0.119249	membrane	"TRANSMEM 5..25; /note=""Helical""; /evidence=""ECO:0000255"""	512	swiss_prot
Q0CPG8		0.183160	unannotated		409	swiss_prot
Q0CRW6		0.310574	unannotated		773	swiss_prot
Q0CRW7		0.182062	membrane	"TRANSMEM 24..44; /note=""Helical""; /evidence=""ECO:0000255"""	530	swiss_prot
Q0E088		0.256171	unannotated		829	swiss_prot
Q0JA81		0.140629	non-membrane	SL: Plastid, chloroplast {ECO:0000269|PubMed:25824047}.	819	swiss_prot
Q0JA82		0.327083	non-membrane	SL: Plastid, chloroplast {ECO:0000305}.	756	swiss_prot
Q0JA83		0.219656	unannotated		739	swiss_prot
Q0JEZ8		0.202846	non-membrane	SL: Plastid, chloroplast {ECO:0000255}.	842	swiss_prot
Q0JF02		0.271617	non-membrane	SL: Plastid, chloroplast {ECO:0000255}.	767	swiss_prot
Q0VHD6		0.358745	non-membrane	SL: Cytoplasm {ECO:0000305}.	550	swiss_prot
Q0WQ07		0.089492	membrane	"TRANSMEM 9..29; /note=""Helical""; /evidence=""ECO:0000255"""	513	swiss_prot
Q10231		0.448021	membrane	SL: Lipid droplet {ECO:0000250|UniProtKB:P38604}. Endoplasmic reticulum membrane {ECO:0000250|UniProtKB:P38604}; Peripheral membrane protein {ECO:0000250|UniProtKB:P38604}. Note=Predominantly in lipid particles. {ECO:0000250|UniProtKB:P38604}.	721	swiss_prot
Q14534		0.158492	membrane	SL: Microsome membrane {ECO:0000269|PubMed:26434806, ECO:0000269|PubMed:28972164, ECO:0000269|PubMed:30626872}; Peripheral membrane protein {ECO:0000269|PubMed:26434806, ECO:0000269|PubMed:28972164}. Endoplasmic reticulum membrane {ECO:0000305|PubMed:26434806}; Peripheral membrane protein {ECO:0000269|PubMed:26434806, ECO:0000269|PubMed:28972164}.	574	swiss_prot
Q15FB1		0.122101	membrane	TRANSMEM x7	227	swiss_prot
Q15FB2		0.215247	unannotated		345	swiss_prot
Q15FB3		0.441151	unannotated		439	swiss_prot
Q15FB4		0.151084	membrane	"TRANSMEM 10..30; /note=""Helical""; /evidence=""ECO:0000255"""	537	swiss_prot
Q15FB5		0.089076	unannotated		498	swiss_prot
Q15FB6		0.136700	membrane	"TRANSMEM 21..43; /note=""Helical""; /evidence=""ECO:0000255"""	525	swiss_prot
Q15FB7		0.319015	unannotated		788	swiss_prot
Q1AHB2		0.209242	unannotated		816	swiss_prot
Q1EG72		0.316076	non-membrane	SL: Cytoplasm {ECO:0000250|UniProtKB:Q6Q3H2}.	548	swiss_prot
Q1G1A4		0.416329	unannotated		756	swiss_prot
Q1PS23		0.114455	membrane	"TRANSMEM 7..29; /note=""Helical; Signal-anchor for type II membrane protein""; /evidence=""ECO:0000255"""	495	swiss_prot
Q1XBU5		0.089744	non-membrane	SL: Plastid, chloroplast {ECO:0000255}.	609	swiss_prot
Q1ZXA1		0.076104	membrane	"TRANSMEM 1..21; /note=""Helical""; /evidence=""ECO:0000255"""	491	swiss_prot
Q20HU6		0.361603	non-membrane	SL: Plastid, chloroplast {ECO:0000255}.	575	swiss_prot
Q20HU7		0.272540	non-membrane	SL: Plastid, chloroplast {ECO:0000255}.	634	swiss_prot
Q24FB1		0.299484	membrane	SL: Membrane {ECO:0000269|PubMed:1892870}; Peripheral membrane protein {ECO:0000269|PubMed:1892870}.	655	swiss_prot
Q29VN1		0.224514	non-membrane	SL: Plastid, chloroplast {ECO:0000250|UniProtKB:Q29VN2}.	574	swiss_prot
Q29VN2		0.261229	non-membrane	SL: Plastid, chloroplast {ECO:0000269|PubMed:27662898}.	581	swiss_prot
Q29VN3		0.463487	non-membrane	SL: Cytoplasm {ECO:0000250|UniProtKB:Q6Q3H2}.	539	swiss_prot
Q2NM15		0.388194	non-membrane	SL: Cytoplasm {ECO:0000250|UniProtKB:Q6Q3H2}.	533	swiss_prot
Q2QQJ5		0.230029	non-membrane	SL: Plastid, chloroplast {ECO:0000255}.	815	swiss_prot
Q2R712		0.424368	membrane	"TRANSMEM 612..632; /note=""Helical""; /evidence=""ECO:0000255"""	760	swiss_prot
Q2U0K2		0.370089	unannotated		369	swiss_prot
Q2XPU6		0.564835	unannotated		759	swiss_prot
Q2XPU7		0.551573	unannotated		769	swiss_prot
Q2XSC4		0.383116	unannotated		538	swiss_prot
Q2XSC5		0.378852	unannotated		564	swiss_prot
Q2XSC6		0.379914	unannotated		602	swiss_prot
Q308N0		0.274326	non-membrane	SL: Plastid, chloroplast {ECO:0000255}.	603	swiss_prot
Q32KR6		0.364529	membrane	TRANSMEM x2	417	swiss_prot
Q38710		0.349463	non-membrane	SL: Plastid, chloroplast {ECO:0000250}.	868	swiss_prot
Q38802		0.291162	non-membrane	SL: Plastid, chloroplast.	802	swiss_prot
Q39548		0.362162	non-membrane	SL: Plastid, chloroplast.	789	swiss_prot
Q39760		0.431345	unannotated		554	swiss_prot
Q39761		0.429342	unannotated		554	swiss_prot
Q39978		0.395348	non-membrane	SL: Cytoplasm {ECO:0000305}.	555	swiss_prot
Q39979		0.493532	non-membrane	SL: Cytoplasm {ECO:0000305}.	300	swiss_prot
Q39980		0.436202	non-membrane	SL: Cytoplasm {ECO:0000305}.	350	swiss_prot
Q40577		0.354137	non-membrane	SL: Cytoplasm.	548	swiss_prot
Q41594		0.301463	non-membrane	SL: Plastid, chloroplast {ECO:0000250|UniProtKB:Q9FT37}.	862	swiss_prot
Q41771		0.247640	non-membrane	SL: Plastid, chloroplast {ECO:0000255}.	824	swiss_prot
Q43714		0.490895	unannotated		555	swiss_prot
Q45221		0.273894	unannotated		516	swiss_prot
Q45222		0.203877	unannotated		300	swiss_prot
Q49SP3		0.454510	non-membrane	SL: Cytoplasm {ECO:0000305}.	552	swiss_prot
Q49SP4		0.522307	non-membrane	SL: Cytoplasm, cytosol {ECO:0000250}.	545	swiss_prot
Q49SP5		0.399439	non-membrane	SL: Cytoplasm, cytosol {ECO:0000250}.	554	swiss_prot
Q49SP6		0.435785	non-membrane	SL: Cytoplasm, cytosol {ECO:0000250}.	554	swiss_prot
Q49SP7		0.356033	non-membrane	SL: Cytoplasm, cytosol {ECO:0000250}.	545	swiss_prot
Q4JHG3		0.274461	non-membrane	SL: Plastid, chloroplast {ECO:0000255}.	603	swiss_prot
Q4KSH9		0.363908	non-membrane	SL: Cytoplasm {ECO:0000305}.	557	swiss_prot
Q4QSN4		0.345274	non-membrane	SL: Cytoplasm {ECO:0000305}.	815	swiss_prot
Q4U3F6		0.293950	unannotated		555	swiss_prot
Q4U3F7		0.378138	unannotated		559	swiss_prot
Q4WAY3		0.261099	unannotated		2435	swiss_prot
Q4WAY4		0.441669	unannotated		292	swiss_prot
Q4WAY7		0.563334	non-membrane	SL: Cytoplasm {ECO:0000255|HAMAP-Rule:MF_03175}.	446	swiss_prot
Q4WAZ2		0.273859	unannotated		275	swiss_prot
Q4WAZ3		0.423079	unannotated		309	swiss_prot
Q4WAZ4		0.206067	unannotated		1017	swiss_prot
Q4WAZ6		0.156802	membrane	"TRANSMEM 4..24; /note=""Helical""; /evidence=""ECO:0000255"""	536	swiss_prot
Q4WBH9		0.095128	unannotated		1834	swiss_prot
Q4WBI0		0.045017	membrane	TRANSMEM x9	591	swiss_prot
Q4WBI3		0.173486	membrane	TRANSMEM x7	237	swiss_prot
Q4WBI4		0.670411	unannotated		357	swiss_prot
Q4WBI5		0.155884	membrane	TRANSMEM x8	343	swiss_prot
Q4WES9		0.426084	membrane	SL: Lipid droplet {ECO:0000250|UniProtKB:P38604}. Endoplasmic reticulum membrane {ECO:0000250|UniProtKB:P38604}; Peripheral membrane protein {ECO:0000250|UniProtKB:P38604}.	751	swiss_prot
Q4WLC8		0.103066	membrane	TRANSMEM x9	429	swiss_prot
Q4WLC9		0.304857	unannotated		510	swiss_prot
Q4WLD0		0.210414	membrane	TRANSMEM x9	320	swiss_prot
Q4WLD1		0.058301	membrane	"TRANSMEM 440..456; /note=""Helical""; /evidence=""ECO:0000255"""	465	swiss_prot
Q4WLD2		0.186626	membrane	TRANSMEM x7	241	swiss_prot
Q4WLD4		0.217790	unannotated		2445	swiss_prot
Q4WLD5		0.298915	unannotated		581	swiss_prot
Q4WQ95		0.317346	membrane	SL: Lipid droplet {ECO:0000250|UniProtKB:P38604}. Endoplasmic reticulum membrane {ECO:0000250|UniProtKB:P38604}; Peripheral membrane protein {ECO:0000250|UniProtKB:P38604}.	715	swiss_prot
Q4WR16		0.274923	unannotated		735	swiss_prot
Q50EK2		0.312680	non-membrane	SL: Plastid, chloroplast {ECO:0000269|PubMed:16497345}.	850	swiss_prot
Q50L36		0.518250	non-membrane	SL: Plastid, chloroplast {ECO:0000269|PubMed:15848197}.	595	swiss_prot
Q54BE5		0.272923	unannotated		312	swiss_prot
Q54DR1		0.306134	membrane	TRANSMEM x2	416	swiss_prot
Q54P86		0.327318	unannotated		361	swiss_prot
Q54TW4		0.182728	unannotated		347	swiss_prot
Q54YE1		0.263353	unannotated		339	swiss_prot
Q54YE2		0.314274	unannotated		339	swiss_prot
Q55012		0.355579	unannotated		337	swiss_prot
Q55D85		0.365211	unannotated		703	swiss_prot
Q55E23		0.258318	unannotated		345	swiss_prot
Q56RZ1		0.081150	membrane	"TRANSMEM 27..47; /note=""Helical""; /evidence=""ECO:0000255"""	533	swiss_prot
Q56RZ2		0.037209	membrane	TRANSMEM x2	472	swiss_prot
Q56RZ3		0.489668	unannotated		334	swiss_prot
Q56RZ5		0.081150	membrane	"TRANSMEM 27..47; /note=""Helical""; /evidence=""ECO:0000255"""	533	swiss_prot
Q56RZ6		0.036070	membrane	TRANSMEM x2	472	swiss_prot
Q56RZ7		0.489668	unannotated		334	swiss_prot
Q59723		0.328469	unannotated		406	swiss_prot
Q5AR21		0.205719	membrane	TRANSMEM x5	330	swiss_prot
Q5AR23		0.145937	membrane	TRANSMEM x5	204	swiss_prot
Q5AR27		0.180799	membrane	"TRANSMEM 10..30; /note=""Helical""; /evidence=""ECO:0000255"""	499	swiss_prot
Q5AR28		0.573716	unannotated		140	swiss_prot
Q5AR29		0.075419	membrane	"TRANSMEM 51..71; /note=""Helical""; /evidence=""ECO:0000255"""	535	swiss_prot
Q5AR31		0.319160	unannotated		174	swiss_prot
Q5AR32		0.102069	membrane	"TRANSMEM 31..51; /note=""Helical""; /evidence=""ECO:0000255"""	529	swiss_prot
Q5AR33		0.339038	unannotated		177	swiss_prot
Q5AR34		0.648466	unannotated		298	swiss_prot
Q5AR46		0.198297	unannotated		347	swiss_prot
Q5ATJ7		0.265086	unannotated		2476	swiss_prot
Q5ATK1		0.254781	membrane	"TRANSMEM 174..194; /note=""Helical""; /evidence=""ECO:0000255"""	745	swiss_prot
Q5GJ59		0.292571	non-membrane	SL: Cytoplasm {ECO:0000250|UniProtKB:Q6Q3H2}.	548	swiss_prot
Q5GJ60		0.307234	non-membrane	SL: Cytoplasm {ECO:0000250|UniProtKB:Q6Q3H2}.	548	swiss_prot
Q5KSN4		0.345285	unannotated		295	swiss_prot
Q5KSN5		0.350457	unannotated		511	swiss_prot
Q5MQ85		0.512659	unannotated		800	swiss_prot
Q5R6U3		0.361866	membrane	TRANSMEM x2	417	swiss_prot
Q5SBP0		0.314368	non-membrane	SL: Plastid, chloroplast {ECO:0000250}.	601	swiss_prot
Q5SBP1		0.261893	non-membrane	SL: Plastid, chloroplast {ECO:0000305}.	599	swiss_prot
Q5SBP2		0.245229	non-membrane	SL: Plastid, chloroplast {ECO:0000305}.	598	swiss_prot
Q5SBP3		0.276367	non-membrane	SL: Plastid, chloroplast {ECO:0000255}.	574	swiss_prot
Q5SBP4		0.364844	unannotated		541	swiss_prot
Q5SBP5		0.358540	unannotated		540	swiss_prot
Q5SBP6		0.396537	unannotated		546	swiss_prot
Q5SBP7		0.378481	unannotated		550	swiss_prot
Q5UB07		0.224065	non-membrane	SL: Plastid, chloroplast stroma {ECO:0000269|PubMed:15660362}.	580	swiss_prot
Q5UQ90		0.170601	membrane	TRANSMEM x2	468	swiss_prot
Q5W283		0.393049	non-membrane	SL: Cytoplasm {ECO:0000305}.	551	swiss_prot
Q66QH3		0.200359	non-membrane	SL: Plastid, chloroplast {ECO:0000255}.	840	swiss_prot
Q672F7		0.258138	non-membrane	SL: Plastid, chloroplast stroma {ECO:0000250}.	595	swiss_prot
Q672V4		0.118273	membrane	TRANSMEM x2	479	swiss_prot
Q672V5		0.159246	unannotated		334	swiss_prot
Q672V6		0.510118	unannotated		340	swiss_prot
Q675L0		0.363925	non-membrane	SL: Cytoplasm {ECO:0000305}.	578	swiss_prot
Q675L4		0.362436	non-membrane	SL: Plastid, chloroplast {ECO:0000250}.	859	swiss_prot
Q675L5		0.350506	non-membrane	SL: Plastid, chloroplast {ECO:0000250}.	867	swiss_prot
Q6A1B7		0.432250	unannotated		388	swiss_prot
Q6BDZ9		0.189312	unannotated		822	swiss_prot
Q6BE23		0.553034	unannotated		759	swiss_prot
Q6BE24		0.457160	unannotated		764	swiss_prot
Q6BE25		0.628738	unannotated		766	swiss_prot
Q6E7D7		0.274686	unannotated		767	swiss_prot
Q6EJ97		0.340737	non-membrane	SL: Plastid, chloroplast {ECO:0000269|PubMed:15653811}. Note=recovered from purified chloroplasts of transgenic Arabidopsis plants. {ECO:0000269|PubMed:15653811}.	608	swiss_prot
Q6ET36		0.230085	non-membrane	SL: Plastid, chloroplast {ECO:0000305}.	867	swiss_prot
Q6JD69		0.350469	non-membrane	SL: Cytoplasm {ECO:0000250|UniProtKB:Q6Q3H2}.	554	swiss_prot
Q6JD70		0.350300	non-membrane	SL: Cytoplasm {ECO:0000250|UniProtKB:Q6Q3H2}.	554	swiss_prot
Q6JD71		0.239166	non-membrane	SL: Cytoplasm {ECO:0000250|UniProtKB:Q6Q3H2}.	460	swiss_prot
Q6JD72		0.346132	non-membrane	SL: Cytoplasm {ECO:0000250|UniProtKB:Q6Q3H2}.	554	swiss_prot
Q6JD73		0.364984	non-membrane	SL: Cytoplasm {ECO:0000250|UniProtKB:Q6Q3H2}.	554	swiss_prot
Q6PWU2		0.282644	unannotated		590	swiss_prot
Q6Q3H2		0.490460	non-membrane	SL: Cytoplasm {ECO:0000269|PubMed:19359488}. Note=Localizes close to lipid bodies in maturing microspores.	556	swiss_prot
Q6Q3H3		0.538070	non-membrane	SL: Cytoplasm {ECO:0000305}.	557	swiss_prot
Q6STM1		0.353098	unannotated		363	swiss_prot
Q6USK1		0.278681	non-membrane	SL: Plastid, chloroplast {ECO:0000255}.	567	swiss_prot
Q6WAU0		0.577668	non-membrane	SL: Cytoplasm {ECO:0000305}.	342	swiss_prot
Q6WAU1		0.619407	non-membrane	SL: Cytoplasm {ECO:0000305}.	314	swiss_prot
Q6WP50		0.430801	unannotated		399	swiss_prot
Q6XDB5		0.265079	non-membrane	SL: Plastid, chloroplast {ECO:0000305}.	627	swiss_prot
Q6Z2X6		0.515023	unannotated		759	swiss_prot
Q6Z5I0		0.501830	non-membrane	SL: Plastid, chloroplast {ECO:0000255}.	800	swiss_prot
Q6Z5J6		0.198371	unannotated		821	swiss_prot
Q6ZH94		0.221513	non-membrane	SL: Plastid, chloroplast {ECO:0000269|PubMed:23889289}.	595	swiss_prot
Q752X9		0.294729	membrane	TRANSMEM x2	441	swiss_prot
Q75F69		0.222324	membrane	TRANSMEM x2	497	swiss_prot
Q75J90		0.232046	unannotated		335	swiss_prot
Q764T8		0.492293	unannotated		758	swiss_prot
Q796C3		0.274417	membrane	SL: Cell membrane {ECO:0000250}; Peripheral membrane protein {ECO:0000250}.	632	swiss_prot
Q7KWU0		0.188440	unannotated		349	swiss_prot
Q7LJF8		0.394716	unannotated		375	swiss_prot
Q7LJR6		0.404439	unannotated		375	swiss_prot
Q7S4Z6		0.341169	membrane	TRANSMEM x2	481	swiss_prot
Q7XAS7		0.512237	non-membrane	SL: Plastid, chloroplast {ECO:0000255}.	595	swiss_prot
Q82IY3		0.228953	membrane	"TRANSMEM 251..273; /note=""Helical""; /evidence=""ECO:0000255"""	449	swiss_prot
Q82IY4		0.286834	unannotated		336	swiss_prot
Q82RR7		0.112008	unannotated		335	swiss_prot
Q84KL3		0.256645	non-membrane	SL: Plastid, chloroplast {ECO:0000305}.	628	swiss_prot
Q84KL4		0.287756	non-membrane	SL: Plastid, chloroplast {ECO:0000305}.	627	swiss_prot
Q84KL5		0.372055	non-membrane	SL: Cytoplasm {ECO:0000305}.	574	swiss_prot
Q84KL6		0.291879	non-membrane	SL: Plastid, chloroplast {ECO:0000305}.	629	swiss_prot
Q84LB2		0.305165	non-membrane	SL: Cytoplasm {ECO:0000250}.	576	swiss_prot
Q84LF0		0.367983	non-membrane	SL: Cytoplasm {ECO:0000305}.	548	swiss_prot
Q84LF1		0.351788	non-membrane	SL: Cytoplasm {ECO:0000305}.	548	swiss_prot
Q84LF2		0.363695	non-membrane	SL: Cytoplasm {ECO:0000305}.	548	swiss_prot
Q84LG0		0.365471	non-membrane	SL: Cytoplasm {ECO:0000305}.	548	swiss_prot
Q84NC8		0.182164	non-membrane	SL: Plastid, chloroplast stroma {ECO:0000250}.	579	swiss_prot
Q84NC9		0.107807	non-membrane	SL: Plastid, chloroplast stroma {ECO:0000250}.	584	swiss_prot
Q84ND0		0.217864	non-membrane	SL: Plastid, chloroplast stroma {ECO:0000250}.	581	swiss_prot
Q84SM8		0.255455	non-membrane	SL: Plastid, chloroplast {ECO:0000305}.	627	swiss_prot
Q84UU4		0.565783	non-membrane	SL: Cytoplasm {ECO:0000305}.	547	swiss_prot
Q84UU9		0.296091	non-membrane	SL: Cytoplasm {ECO:0000305}.	611	swiss_prot
Q84UV0		0.273760	non-membrane	SL: Plastid, chloroplast {ECO:0000255}.	569	swiss_prot
Q84ZW8		0.250106	non-membrane	SL: Cytoplasm {ECO:0000250|UniProtKB:Q6Q3H2}. Plastid, chloroplast {ECO:0000269|PubMed:26620527}.	590	swiss_prot
Q86II4		0.210140	unannotated		362	swiss_prot
Q8BLN5		0.320752	membrane	SL: Endoplasmic reticulum membrane {ECO:0000250|UniProtKB:P48449}; Peripheral membrane protein {ECO:0000250|UniProtKB:P48449}.	733	swiss_prot
Q8GUE4		0.326768	non-membrane	SL: Plastid, chloroplast {ECO:0000255}.	603	swiss_prot
Q8H2B4		0.232949	non-membrane	SL: Plastid, chloroplast {ECO:0000255}.	606	swiss_prot
Q8L5K3		0.292928	non-membrane	SL: Plastid, chloroplast {ECO:0000255}.	606	swiss_prot
Q8L5K4		0.350192	non-membrane	SL: Plastid, chloroplast {ECO:0000305}.	600	swiss_prot
Q8L7G4		0.278230	non-membrane	SL: Cytoplasm {ECO:0000305}.	607	swiss_prot
Q8LSC2		0.419360	unannotated		558	swiss_prot
Q8LSC3		0.397809	unannotated		583	swiss_prot
Q8NIC1		0.395011	unannotated		375	swiss_prot
Q8NIC8		0.394716	unannotated		375	swiss_prot
Q8NID7		0.393318	unannotated		375	swiss_prot
Q8NIG9		0.407709	unannotated		375	swiss_prot
Q8NIH0		0.406037	unannotated		375	swiss_prot
Q8NIH3		0.406065	unannotated		375	swiss_prot
Q8NIH6		0.409630	unannotated		375	swiss_prot
Q8NJA1		0.409195	unannotated		375	swiss_prot
Q8RWT0		0.621398	unannotated		763	swiss_prot
Q8SA63		0.545341	unannotated		548	swiss_prot
Q8VQF6		0.339174	unannotated		404	swiss_prot
Q8VYH2		0.220449	membrane	TRANSMEM x3	525	swiss_prot
Q8VZQ2		0.293182	non-membrane	SL: Nucleus {ECO:0000255|PROSITE-ProRule:PRU00625, ECO:0000269|PubMed:16005292}.	366	swiss_prot
Q8W3Z1		0.648351	unannotated		779	swiss_prot
Q8W3Z2		0.593664	unannotated		755	swiss_prot
Q8W3Z3		0.743432	unannotated		757	swiss_prot
Q8W3Z4		0.568841	unannotated		767	swiss_prot
Q92206		0.323215	membrane	TRANSMEM x3	496	swiss_prot
Q92459		0.278803	membrane	TRANSMEM x2	572	swiss_prot
Q93X23		0.270291	non-membrane	SL: Plastid, chloroplast {ECO:0000255}.	597	swiss_prot
Q93YA3		0.312027	unannotated		862	swiss_prot
Q93YV0		0.174149	non-membrane	SL: Cytoplasm {ECO:0000269|PubMed:18398052}.	877	swiss_prot
Q947C4		0.273869	non-membrane	SL: Plastid, chloroplast.	873	swiss_prot
Q948R6		0.583438	unannotated		759	swiss_prot
Q948Z0		0.232020	non-membrane	SL: Plastid, chloroplast {ECO:0000250}.	618	swiss_prot
Q94FM7		0.091077	membrane	"TRANSMEM 2..22; /note=""Helical""; /evidence=""ECO:0000255"""	504	swiss_prot
Q94G53		0.211205	non-membrane	SL: Plastid, chloroplast {ECO:0000255}.	582	swiss_prot
Q94JS8		0.486082	non-membrane	SL: Cytoplasm {ECO:0000305}.	560	swiss_prot
Q96376		0.830937	unannotated		870	swiss_prot
Q96WJ0		0.296960	unannotated		719	swiss_prot
Q96WT2		0.246914	unannotated		944	swiss_prot
Q9AJE3		0.346510	unannotated		311	swiss_prot
Q9AJE4		0.390430	unannotated		499	swiss_prot
Q9AR04		0.410760	non-membrane	SL: Cytoplasm {ECO:0000305}.	546	swiss_prot
Q9AR86		0.507210	non-membrane	SL: Plastid, chloroplast {ECO:0000255}.	595	swiss_prot
Q9C1W3		0.281925	membrane	TRANSMEM x3	457	swiss_prot
Q9C446		0.545597	non-membrane	SL: Peroxisome {ECO:0000269|PubMed:19529962}.	371	swiss_prot
Q9C447		0.087223	membrane	TRANSMEM x2	477	swiss_prot
Q9C448		0.286901	unannotated		317	swiss_prot
Q9C449		0.278354	membrane	"TRANSMEM 20..36; /note=""Helical""; /evidence=""ECO:0000255"""	515	swiss_prot
Q9C450		0.253503	membrane	TRANSMEM x2	512	swiss_prot
Q9C451		0.577480	unannotated		438	swiss_prot
Q9C5M3		0.605492	unannotated		757	swiss_prot
Q9C6W6		0.315788	non-membrane	SL: Cytoplasm {ECO:0000305}.	607	swiss_prot
Q9C748		0.250963	non-membrane	SL: Cytoplasm {ECO:0000305}.	603	swiss_prot
Q9C8E3		0.309783	non-membrane	SL: Cytoplasm {ECO:0000305}.	598	swiss_prot
Q9EUT9		0.386513	unannotated		387	swiss_prot
Q9F1V8		0.160194	unannotated		437	swiss_prot
Q9F1Y5		0.306306	unannotated		292	swiss_prot
Q9F1Y6		0.219548	unannotated		440	swiss_prot
Q9FI27		0.318872	non-membrane	SL: Plastid, chloroplast {ECO:0000255}.	575	swiss_prot
Q9FI37		0.496415	unannotated		766	swiss_prot
Q9FJV8		0.447727	unannotated		761	swiss_prot
Q9FQ27		0.382112	non-membrane	SL: Cytoplasm {ECO:0000305}.	544	swiss_prot
Q9FR95		0.487487	unannotated		766	swiss_prot
Q9FT37		0.304809	non-membrane	SL: Plastid, chloroplast {ECO:0000269|PubMed:38271490}.	862	swiss_prot
Q9FXY7		0.355599	non-membrane	SL: Cytoplasm {ECO:0000305}.	577	swiss_prot
Q9FZI2		0.527334	unannotated		763	swiss_prot
Q9HGZ6		0.249818	membrane	TRANSMEM x2	443	swiss_prot
Q9HNE5		0.086877	membrane	TRANSMEM x7	237	swiss_prot
Q9I2A0		0.578387	unannotated		300	swiss_prot
Q9K498		0.259359	unannotated		461	swiss_prot
Q9K499		0.279047	unannotated		361	swiss_prot
Q9LH31		0.296468	non-membrane	SL: Cytoplasm {ECO:0000305}.	604	swiss_prot
Q9LIA1		0.341364	non-membrane	SL: Cytoplasm {ECO:0000305}.	603	swiss_prot
Q9LLR9		0.515507	unannotated		547	swiss_prot
Q9LQ27		0.270829	non-membrane	SL: Cytoplasm {ECO:0000305}.	603	swiss_prot
Q9LRH7		0.546888	unannotated		764	swiss_prot
Q9LRH8		0.680563	unannotated		758	swiss_prot
Q9LRR2		0.361599	non-membrane	SL: Cytoplasm {ECO:0000305}.	601	swiss_prot
Q9LRZ6		0.249060	non-membrane	SL: Plastid, chloroplast {ECO:0000255}.	598	swiss_prot
Q9LS68		0.403172	unannotated		761	swiss_prot
Q9LS76		0.225469	non-membrane	SL: Cytoplasm {ECO:0000305}.	601	swiss_prot
Q9LSF8		0.112285	membrane	"TRANSMEM 3..23; /note=""Helical""; /evidence=""ECO:0000255"""	515	swiss_prot
Q9LUE0		0.329832	non-membrane	SL: Cytoplasm {ECO:0000305}.	602	swiss_prot
Q9LUE2		0.350938	non-membrane	SL: Cytoplasm {ECO:0000305}.	605	swiss_prot
Q9LVP7		0.306727	non-membrane	SL: Cytoplasm {ECO:0000305}.	595	swiss_prot
Q9LVY2		0.487139	unannotated		760	swiss_prot
Q9M7C9		0.225584	non-membrane	SL: Plastid, chloroplast {ECO:0000250}.	637	swiss_prot
Q9M7D0		0.272927	non-membrane	SL: Plastid, chloroplast {ECO:0000250}.	630	swiss_prot
Q9M7D1		0.304337	non-membrane	SL: Plastid, chloroplast {ECO:0000250}.	630	swiss_prot
Q9M9E1		0.260583	membrane	TRANSMEM x14	1423	swiss_prot
Q9MB42		0.685528	unannotated		765	swiss_prot
Q9RA05		0.459005	unannotated		277	swiss_prot
Q9SAK2		0.477576	non-membrane	SL: Plastid, chloroplast {ECO:0000255}.	785	swiss_prot
Q9SLP9		0.584578	unannotated		765	swiss_prot
Q9SM02		0.197533	membrane	TRANSMEM x3	531	swiss_prot
Q9SPN0		0.844267	non-membrane	SL: Plastid, chloroplast {ECO:0000255}.	567	swiss_prot
Q9SPN1		0.226639	non-membrane	SL: Plastid, chloroplast {ECO:0000255}.	583	swiss_prot
Q9SXV6		0.655742	unannotated		757	swiss_prot
Q9SYN1		0.502993	unannotated		767	swiss_prot
Q9T0J9		0.315319	non-membrane	SL: Cytoplasm {ECO:0000305}.	554	swiss_prot
Q9T0K1		0.317378	non-membrane	SL: Cytoplasm {ECO:0000305}.	554	swiss_prot
Q9UR08		0.326391	unannotated		320	swiss_prot
Q9UVY5		0.233129	unannotated		952	swiss_prot
Q9VFJ0		0.223669	membrane	SL: Endoplasmic reticulum membrane {ECO:0000305}; Peripheral membrane protein {ECO:0000305}. Microsome membrane {ECO:0000305}; Peripheral membrane protein {ECO:0000305}.	492	swiss_prot
Q9X839		0.412236	unannotated		726	swiss_prot
Q9XEH9		0.327609	non-membrane	SL: Plastid, chloroplast {ECO:0000255}.	784	swiss_prot
Q9XEI0		0.358621	non-membrane	SL: Plastid, chloroplast {ECO:0000255}.	784	swiss_prot
Q9XJ32		0.421319	non-membrane	SL: Cytoplasm {ECO:0000305}.	556	swiss_prot
Q9Y753		0.255566	membrane	TRANSMEM x2	445	swiss_prot
Q9ZAG3		0.593612	unannotated		149	swiss_prot
Q9ZUH4		0.239062	non-membrane	SL: Plastid, chloroplast stroma {ECO:0000250}.	591	swiss_prot
R4JGL8		0.258618	non-membrane	SL: Plastid, chloroplast {ECO:0000255}.	597	swiss_prot
R4JJJ1		0.283797	non-membrane	SL: Plastid, chloroplast {ECO:0000255}.	601	swiss_prot
R4JND9		0.264419	non-membrane	SL: Plastid, chloroplast {ECO:0000255}.	597	swiss_prot
R4JQS2		0.295121	non-membrane	SL: Plastid, chloroplast {ECO:0000255}.	601	swiss_prot
R4JQT5		0.295310	non-membrane	SL: Plastid, chloroplast {ECO:0000255}.	597	swiss_prot
R4YVJ8		0.286314	non-membrane	SL: Plastid, chloroplast {ECO:0000255}.	580	swiss_prot
R4YXW8		0.765238	non-membrane	SL: Plastid, chloroplast {ECO:0000255}.	572	swiss_prot
R4YZC3		0.286873	non-membrane	SL: Plastid, chloroplast {ECO:0000255}.	596	swiss_prot
R9QMQ9		0.284758	non-membrane	SL: Plastid, chloroplast {ECO:0000255}.	627	swiss_prot
R9QMR0		0.290717	non-membrane	SL: Plastid, chloroplast {ECO:0000255}.	628	swiss_prot
R9QMR1		0.277822	non-membrane	SL: Plastid, chloroplast {ECO:0000255}.	628	swiss_prot
R9QMR2		0.227894	non-membrane	SL: Plastid, chloroplast {ECO:0000255}.	628	swiss_prot
R9QMR3		0.300964	non-membrane	SL: Plastid, chloroplast {ECO:0000255}.	629	swiss_prot
R9QMR4		0.264911	non-membrane	SL: Plastid, chloroplast {ECO:0000255}.	621	swiss_prot
R9QMR5		0.274760	non-membrane	SL: Plastid, chloroplast {ECO:0000255}.	626	swiss_prot
R9QMR6		0.309022	non-membrane	SL: Plastid, chloroplast {ECO:0000255}.	626	swiss_prot
R9QMW1		0.290574	non-membrane	SL: Plastid, chloroplast {ECO:0000255}.	623	swiss_prot
R9QMW2		0.258917	non-membrane	SL: Plastid, chloroplast {ECO:0000255}.	628	swiss_prot
R9QMW3		0.256392	non-membrane	SL: Plastid, chloroplast {ECO:0000255}.	624	swiss_prot
R9QMW4		0.299193	non-membrane	SL: Plastid, chloroplast {ECO:0000255}.	626	swiss_prot
R9QMW5		0.277929	non-membrane	SL: Plastid, chloroplast {ECO:0000255}.	627	swiss_prot
R9QMW6		0.227025	non-membrane	SL: Plastid, chloroplast {ECO:0000255}.	628	swiss_prot
R9QMW7		0.268956	non-membrane	SL: Plastid, chloroplast {ECO:0000255}.	621	swiss_prot
R9QMW8		0.308794	non-membrane	SL: Plastid, chloroplast {ECO:0000255}.	626	swiss_prot
R9QMY7		0.278328	non-membrane	SL: Plastid, chloroplast {ECO:0000255}.	627	swiss_prot
R9QMY8		0.262830	non-membrane	SL: Plastid, chloroplast {ECO:0000255}.	619	swiss_prot
R9QMY9		0.294035	non-membrane	SL: Plastid, chloroplast {ECO:0000255}.	629	swiss_prot
R9QMZ0		0.236955	non-membrane	SL: Plastid, chloroplast {ECO:0000255}.	616	swiss_prot
S0DX56		0.371301	unannotated		357	swiss_prot
S0EA85		0.233756	unannotated		952	swiss_prot
S0ECT9		0.300536	unannotated		365	swiss_prot
S0EGZ9		0.287328	unannotated		371	swiss_prot
S0ENM8		0.330276	unannotated		401	swiss_prot
T1RR71		0.366024	non-membrane	SL: Plastid, chloroplast {ECO:0000255}.	600	swiss_prot
T1RR72		0.292637	non-membrane	SL: Plastid, chloroplast {ECO:0000255}.	594	swiss_prot
T1RRI5		0.615435	non-membrane	SL: Plastid, chloroplast {ECO:0000255}.	547	swiss_prot
T1RRI8		0.360918	non-membrane	SL: Plastid, chloroplast {ECO:0000255}.	600	swiss_prot
T1RRJ4		0.291262	non-membrane	SL: Plastid, chloroplast {ECO:0000255}.	594	swiss_prot
T1RRJ6		0.571053	non-membrane	SL: Plastid, chloroplast {ECO:0000255}.	543	swiss_prot
T1RRL8		0.361518	non-membrane	SL: Plastid, chloroplast {ECO:0000255}.	600	swiss_prot
T1RRR9		0.295486	non-membrane	SL: Plastid, chloroplast {ECO:0000255}.	594	swiss_prot
T1RRS0		0.563344	non-membrane	SL: Plastid, chloroplast {ECO:0000255}.	542	swiss_prot
U3KYL2		0.468995	unannotated		556	swiss_prot
U3LVL5		0.402621	unannotated		549	swiss_prot
U3LVZ7		0.310184	unannotated		548	swiss_prot
U3LW50		0.356154	unannotated		555	swiss_prot
U5PZT6		0.320069	non-membrane	SL: Plastid, chloroplast {ECO:0000269|PubMed:25056927}.	591	swiss_prot
V6RPN0		0.371235	membrane	"TRANSMEM 406..426; /note=""Helical""; /evidence=""ECO:0000255"""	462	swiss_prot
W0FFD7		0.348905	unannotated		559	swiss_prot
W4JX79		0.483529	unannotated		345	swiss_prot
W6HUT3		0.302288	non-membrane	SL: Plastid, chloroplast {ECO:0000269|PubMed:25056927}.	593	swiss_prot
W6Q4Q9		0.286883	unannotated		342	swiss_prot
W6Q9B3		0.088613	membrane	"TRANSMEM 2..22; /note=""Helical""; /evidence=""ECO:0000255"""	461	swiss_prot
W6QAE7		0.318738	unannotated		742	swiss_prot
W8X092		0.433120	non-membrane	SL: Cytoplasm {ECO:0000305|PubMed:29716998}.	549	swiss_prot
W8X5L3		0.425251	unannotated		107	swiss_prot
W8X9R5		0.236274	unannotated		409	swiss_prot
W8X9R6		0.341148	non-membrane	SL: Cytoplasm {ECO:0000305|PubMed:29716998}.	565	swiss_prot
A0A1D6LTV0	A0A1D6LTV0-1	0.277888	non-membrane	SL: Plastid, chloroplast {ECO:0000269|PubMed:18218975}.	627	swiss_prot
A0A1D6LTV0	A0A1D6LTV0-2	0.275629	non-membrane	SL: Plastid, chloroplast {ECO:0000269|PubMed:18218975}.	225	swiss_prot
A0A1W6QDI7	A0A1W6QDI7-1	0.273883	non-membrane	SL: Plastid, chloroplast {ECO:0000255}.	626	swiss_prot
A0A1W6QDI7	A0A1W6QDI7-2	0.316867	non-membrane	SL: Plastid, chloroplast {ECO:0000255}.	597	swiss_prot
A4FVP2	A4FVP2-1	0.272945	non-membrane	SL: Cytoplasm {ECO:0000269|PubMed:20463089}. Plastid, chloroplast stroma {ECO:0000269|PubMed:20463089}.	565	swiss_prot
A4FVP2	A4FVP2-2	0.117062	non-membrane	SL: Cytoplasm {ECO:0000269|PubMed:20463089}. Plastid, chloroplast stroma {ECO:0000269|PubMed:20463089}.	396	swiss_prot
A4FVP2	A4FVP2-3	0.420454	non-membrane	SL: Cytoplasm {ECO:0000269|PubMed:20463089}. Plastid, chloroplast stroma {ECO:0000269|PubMed:20463089}.	144	swiss_prot
F2XFB2	F2XFB2-1	0.347352	non-membrane	SL: Plastid, chloroplast {ECO:0000255}.	859	swiss_prot
F2XFB2	F2XFB2-2	0.365968	non-membrane	SL: Plastid, chloroplast {ECO:0000255}.	866	swiss_prot
O48651	O48651-1	0.223210	membrane	TRANSMEM x3	539	swiss_prot
O48651	O48651-2	0.228156	membrane	TRANSMEM x3	538	swiss_prot
O48666	O48666-1	0.285475	membrane	TRANSMEM x2	415	swiss_prot
O48666	O48666-2	0.306680	membrane	TRANSMEM x2	414	swiss_prot
P0DI76	P0DI76-1	0.256812	non-membrane	SL: Plastid, chloroplast {ECO:0000305}.	600	swiss_prot
P0DI76	P0DI76-2	0.122566	non-membrane	SL: Plastid, chloroplast {ECO:0000305}.	395	swiss_prot
P0DI77	P0DI77-1	0.256812	non-membrane	SL: Plastid, chloroplast {ECO:0000305}.	600	swiss_prot
P0DI77	P0DI77-2	0.122566	non-membrane	SL: Plastid, chloroplast {ECO:0000305}.	395	swiss_prot
P11712	P11712-1	0.253681	membrane	SL: Endoplasmic reticulum membrane; Peripheral membrane protein. Microsome membrane {ECO:0000269|PubMed:21576599}; Peripheral membrane protein.	490	swiss_prot
P11712	P11712-2	0.276651	membrane	SL: Endoplasmic reticulum membrane; Peripheral membrane protein. Microsome membrane {ECO:0000269|PubMed:21576599}; Peripheral membrane protein.	162	swiss_prot
P37268	P37268-1	0.361867	membrane	TRANSMEM x2	417	swiss_prot
P37268	P37268-2	0.321300	membrane	TRANSMEM x2	353	swiss_prot
P37268	P37268-3	0.343078	membrane	TRANSMEM x2	332	swiss_prot
P37268	P37268-4	0.431353	membrane	TRANSMEM x2	306	swiss_prot
P37268	P37268-5	0.359197	membrane	TRANSMEM x2	374	swiss_prot
P48449	P48449-1	0.328842	membrane	SL: Endoplasmic reticulum membrane {ECO:0000269|PubMed:14766201, ECO:0000269|PubMed:15525992, ECO:0000269|PubMed:30401459}; Peripheral membrane protein {ECO:0000269|PubMed:14766201, ECO:0000269|PubMed:15525992}.	732	swiss_prot
P48449	P48449-2	0.269503	membrane	SL: Endoplasmic reticulum membrane {ECO:0000269|PubMed:14766201, ECO:0000269|PubMed:15525992, ECO:0000269|PubMed:30401459}; Peripheral membrane protein {ECO:0000269|PubMed:14766201, ECO:0000269|PubMed:15525992}.	652	swiss_prot
P48449	P48449-3	0.328478	membrane	SL: Endoplasmic reticulum membrane {ECO:0000269|PubMed:14766201, ECO:0000269|PubMed:15525992, ECO:0000269|PubMed:30401459}; Peripheral membrane protein {ECO:0000269|PubMed:14766201, ECO:0000269|PubMed:15525992}.	721	swiss_prot
Q0JF02	Q0JF02-1	0.271617	non-membrane	SL: Plastid, chloroplast {ECO:0000255}.	767	swiss_prot
Q0JF02	Q0JF02-2	0.398499	non-membrane	SL: Plastid, chloroplast {ECO:0000255}.	721	swiss_prot
Q0JF02	Q0JF02-3	0.197587	non-membrane	SL: Plastid, chloroplast {ECO:0000255}.	504	swiss_prot
Q1PS23	Q1PS23-1	0.114454	membrane	"TRANSMEM 7..29; /note=""Helical; Signal-anchor for type II membrane protein""; /evidence=""ECO:0000255"""	495	swiss_prot
Q1PS23	Q1PS23-2	0.142382	membrane	"TRANSMEM 7..29; /note=""Helical; Signal-anchor for type II membrane protein""; /evidence=""ECO:0000255"""	488	swiss_prot
Q84UU4	Q84UU4-1	0.565779	non-membrane	SL: Cytoplasm {ECO:0000305}.	547	swiss_prot
Q84UU4	Q84UU4-2	0.527335	non-membrane	SL: Cytoplasm {ECO:0000305}.	545	swiss_prot
Q9FI37	Q9FI37-1	0.496415	unannotated		766	swiss_prot
Q9FI37	Q9FI37-2	0.473705	unannotated		758	swiss_prot
Q9LSF8	Q9LSF8-1	0.112284	membrane	"TRANSMEM 3..23; /note=""Helical""; /evidence=""ECO:0000255"""	515	swiss_prot
Q9LSF8	Q9LSF8-2	0.039686	membrane	"TRANSMEM 3..23; /note=""Helical""; /evidence=""ECO:0000255"""	402	swiss_prot
A0A1W6QDJ1	A0A1W6QDJ1-1	0.258633	non-membrane	SL: Plastid, chloroplast {ECO:0000255}.	796	swiss_prot
A0A1W6QDJ1	A0A1W6QDJ1-2	0.271543	non-membrane	SL: Plastid, chloroplast {ECO:0000255}.	783	swiss_prot
G3E4M4	G3E4M4-1	0.218526	non-membrane	SL: Plastid, chloroplast {ECO:0000255}.	794	swiss_prot
G3E4M4	G3E4M4-2	0.231560	non-membrane	SL: Plastid, chloroplast {ECO:0000255}.	787	swiss_prot
O65404	O65404-1	0.178874	membrane	TRANSMEM x3	516	swiss_prot
Q6BDZ9	Q6BDZ9-1	0.189311	unannotated		822	swiss_prot
Q6BDZ9	Q6BDZ9-2	0.189120	unannotated		820	swiss_prot
Q84UV0	Q84UV0-1	0.273759	non-membrane	SL: Plastid, chloroplast {ECO:0000255}.	569	swiss_prot
R4JGL8	R4JGL8-1	0.258620	non-membrane	SL: Plastid, chloroplast {ECO:0000255}.	597	swiss_prot
R4JGL8	R4JGL8-2	0.426580	non-membrane	SL: Plastid, chloroplast {ECO:0000255}.	551	swiss_prot
R4JJJ1	R4JJJ1-1	0.283798	non-membrane	SL: Plastid, chloroplast {ECO:0000255}.	601	swiss_prot
R4JJJ1	R4JJJ1-2	0.446359	non-membrane	SL: Plastid, chloroplast {ECO:0000255}.	556	swiss_prot
R4JQS2	R4JQS2-1	0.295117	non-membrane	SL: Plastid, chloroplast {ECO:0000255}.	601	swiss_prot
R4JQS2	R4JQS2-2	0.445155	non-membrane	SL: Plastid, chloroplast {ECO:0000255}.	556	swiss_prot
R4JQT5	R4JQT5-1	0.295308	non-membrane	SL: Plastid, chloroplast {ECO:0000255}.	597	swiss_prot
R4JQT5	R4JQT5-2	0.414826	non-membrane	SL: Plastid, chloroplast {ECO:0000255}.	551	swiss_prot
Q0JA83	Q0JA83-1	0.219656	unannotated		739	swiss_prot
Q0JA83	Q0JA83-2	0.103268	unannotated		441	swiss_prot
